ID,Layer,Destination,Experience / Activity,Category,Region,Approx km from Brisbane CBD,Approx drive time,Distance band,Budget,Best time,Suggested duration,Suitable ages,Pram friendly,Rainy-day friendly,Adult relax value,Kid score /5,Adult score /5,Priority,Parking,Toilets,Suggested combo route,Verify before leaving,Source URL,Notes
SEQ-0001,Plan / route,South Bank Parklands,River walk + casual lunch,City + River,Brisbane City / South Brisbane,3,10-20 min,0-15km / quick local,$$,Morning/Evening,3-4h,"3-6, adult",Yes,Maybe,High,3.5,4,A - easy repeat,Usually easy or paid nearby; verify for peak days,Usually available nearby; verify for bushwalk/beach,South Bank -> QAGOMA/Queensland Museum -> Fish Lane or riverside dinner,Recommended,https://www.visitsouthbank.com.au/,
SEQ-0002,Plan / route,South Bank Parklands,Night lights + dessert,City + River,Brisbane City / South Brisbane,3,10-20 min,0-15km / quick local,$-$$,Evening/Night,2-3h,"3-6, adult",Yes,Maybe,High,3.5,4,A - easy repeat,Usually easy or paid nearby; verify for peak days,Usually available nearby; verify for bushwalk/beach,South Bank -> QAGOMA/Queensland Museum -> Fish Lane or riverside dinner,Recommended,https://www.visitsouthbank.com.au/,
SEQ-0003,Plan / route,South Bank Parklands,Pram-friendly city loop,City + River,Brisbane City / South Brisbane,3,10-20 min,0-15km / quick local,$,Morning,2h,"3-6, adult",Yes,Maybe,High,3.5,4,A - easy repeat,Usually easy or paid nearby; verify for peak days,Usually available nearby; verify for bushwalk/beach,South Bank -> QAGOMA/Queensland Museum -> Fish Lane or riverside dinner,Recommended,https://www.visitsouthbank.com.au/,
SEQ-0004,Plan / route,Streets Beach South Bank,Water play + picnic,Water Play,Brisbane City / South Brisbane,3,10-20 min,0-15km / quick local,Free-$,Morning,2-3h,"0-3, 3-6, adult",Yes,No,Medium,4.5,3,A - easy repeat,Usually easy or paid nearby; verify for peak days,Usually available nearby; verify for bushwalk/beach,South Bank -> QAGOMA/Queensland Museum -> Fish Lane or riverside dinner,Recommended,https://www.visitsouthbank.com.au/,
SEQ-0005,Plan / route,Streets Beach South Bank,Hot day toddler splash,Water Play,Brisbane City / South Brisbane,3,10-20 min,0-15km / quick local,Free,Morning,1-2h,"0-3, 3-6, adult",Yes,No,Medium,4.5,3,A - easy repeat,Usually easy or paid nearby; verify for peak days,Usually available nearby; verify for bushwalk/beach,South Bank -> QAGOMA/Queensland Museum -> Fish Lane or riverside dinner,Recommended,https://www.visitsouthbank.com.au/,
SEQ-0006,Plan / route,Streets Beach South Bank,Family swim + easy lunch,Water Play,Brisbane City / South Brisbane,3,10-20 min,0-15km / quick local,$,Morning/Afternoon,3h,"0-3, 3-6, adult",Yes,No,Medium,4.5,3,A - easy repeat,Usually easy or paid nearby; verify for peak days,Usually available nearby; verify for bushwalk/beach,South Bank -> QAGOMA/Queensland Museum -> Fish Lane or riverside dinner,Recommended,https://www.visitsouthbank.com.au/,
SEQ-0007,Plan / route,Queensland Museum,Museum morning,Museum / Culture,Brisbane City / South Brisbane,3,10-20 min,0-15km / quick local,$,Morning,2h,"0-3, 3-6, adult",Yes,Yes,High,4.5,4,A - easy repeat,Usually easy or paid nearby; verify for peak days,Usually available nearby; verify for bushwalk/beach,South Bank -> QAGOMA/Queensland Museum -> Fish Lane or riverside dinner,Recommended,https://www.museum.qld.gov.au/queensland-museum,
SEQ-0008,Plan / route,SparkLab,Hands-on rainy day session,STEM / Indoor,Brisbane City / South Brisbane,3,10-20 min,0-15km / quick local,$-$$,Rainy day,2h,"0-3, 3-6, adult",Yes,Yes,Medium,5,3,A - easy repeat,Usually easy or paid nearby; verify for peak days,Usually available nearby; verify for bushwalk/beach,SparkLab -> nearby cafe/park -> flexible early return,Recommended,https://www.museum.qld.gov.au/queensland-museum/whats-on/sparklab,
SEQ-0009,Plan / route,SparkLab,Short educational stop,STEM / Indoor,Brisbane City / South Brisbane,3,10-20 min,0-15km / quick local,$,Morning,1-2h,"0-3, 3-6, adult",Yes,Yes,Medium,5,3,A - easy repeat,Usually easy or paid nearby; verify for peak days,Usually available nearby; verify for bushwalk/beach,SparkLab -> nearby cafe/park -> flexible early return,Recommended,https://www.museum.qld.gov.au/queensland-museum/whats-on/sparklab,
SEQ-0010,Plan / route,QAGOMA,Museum morning,Museum / Culture,Brisbane City / South Brisbane,3,10-20 min,0-15km / quick local,$,Morning,2h,"0-3, 3-6, adult",Yes,Yes,High,4.5,4,A - easy repeat,Usually easy or paid nearby; verify for peak days,Usually available nearby; verify for bushwalk/beach,South Bank -> QAGOMA/Queensland Museum -> Fish Lane or riverside dinner,Recommended,https://www.qagoma.qld.gov.au/,
SEQ-0011,Plan / route,State Library of Queensland,Quiet indoor reading break,Library / Indoor,Brisbane City / South Brisbane,3,10-20 min,0-15km / quick local,Free,Rainy day/Morning,1-2h,"0-3, 3-6, adult",Yes,Yes,Medium,4.5,3,A - easy repeat,Usually easy or paid nearby; verify for peak days,Usually available nearby; verify for bushwalk/beach,State Library of Queensland -> nearby cafe/park -> flexible early return,Recommended,https://www.slq.qld.gov.au/,
SEQ-0012,Plan / route,State Library of Queensland,Library + riverside stroll,Library / Indoor,Brisbane City / South Brisbane,3,10-20 min,0-15km / quick local,Free-$,Afternoon,2-3h,"0-3, 3-6, adult",Yes,Yes,Medium,4.5,3,A - easy repeat,Usually easy or paid nearby; verify for peak days,Usually available nearby; verify for bushwalk/beach,State Library of Queensland -> nearby cafe/park -> flexible early return,Recommended,https://www.slq.qld.gov.au/,
SEQ-0013,Plan / route,QPAC precinct,Family show + early dinner,Shows / Culture,Brisbane City / South Brisbane,3,10-20 min,0-15km / quick local,$$-$$$,Afternoon/Evening,3-4h,"3-6, adult",Maybe,Yes,High,3,4,A - easy repeat,Usually easy or paid nearby; verify for peak days,Usually available nearby; verify for bushwalk/beach,QPAC precinct -> nearby cafe/park -> flexible early return,Yes - check opening/tide/weather/bookings,https://www.qpac.com.au/,
SEQ-0014,Plan / route,QPAC precinct,Adults culture night,Shows / Culture,Brisbane City / South Brisbane,3,10-20 min,0-15km / quick local,$$$,Night,3h,"3-6, adult",No,Yes,High,3,4,A - easy repeat,Usually easy or paid nearby; verify for peak days,Usually available nearby; verify for bushwalk/beach,QPAC precinct -> nearby cafe/park -> flexible early return,Yes - check opening/tide/weather/bookings,https://www.qpac.com.au/,
SEQ-0015,Plan / route,Fish Lane,Street art + casual meal,Food + Street Art,South Brisbane,4,10-20 min,0-15km / quick local,$-$$,Afternoon,2-3h,"3-6, adult",Maybe,Maybe,High,3,4,A - easy repeat,Usually easy or paid nearby; verify for peak days,Usually available nearby; verify for bushwalk/beach,Fish Lane -> nearby cafe/park -> flexible early return,Recommended,https://www.queensland.com/au/en/places-to-see/destinations/brisbane,
SEQ-0016,Plan / route,Fish Lane,Date-style family stroll,Food + Street Art,South Brisbane,4,10-20 min,0-15km / quick local,$$,Evening,2h,"3-6, adult",Maybe,Maybe,High,3,4,A - easy repeat,Usually easy or paid nearby; verify for peak days,Usually available nearby; verify for bushwalk/beach,Fish Lane -> nearby cafe/park -> flexible early return,Recommended,https://www.queensland.com/au/en/places-to-see/destinations/brisbane,
SEQ-0017,Plan / route,Roma Street Parkland,Picnic + playground reset,Park / Garden,Brisbane City,2,10-20 min,0-15km / quick local,Free,Morning/Afternoon,2-3h,"0-3, 3-6, adult",Yes,Yes,High,3.5,4,A - easy repeat,Usually easy or paid nearby; verify for peak days,Usually available nearby; verify for bushwalk/beach,Roma Street Parkland -> nearby cafe/park -> flexible early return,Recommended,https://visit.brisbane.qld.au/inspiration/things-to-do-with-kids-in-brisbane,
SEQ-0018,Plan / route,Roma Street Parkland,Slow family walk + photos,Park / Garden,Brisbane City,2,10-20 min,0-15km / quick local,Free,Afternoon/Sunset,1-2h,"0-3, 3-6, adult",Yes,Maybe,High,3.5,4,A - easy repeat,Usually easy or paid nearby; verify for peak days,Usually available nearby; verify for bushwalk/beach,Roma Street Parkland -> nearby cafe/park -> flexible early return,Recommended,https://visit.brisbane.qld.au/inspiration/things-to-do-with-kids-in-brisbane,
SEQ-0019,Plan / route,Roma Street Parkland,Coffee + lawn time,Park / Garden,Brisbane City,2,10-20 min,0-15km / quick local,$,Morning,2h,"0-3, 3-6, adult",Yes,Maybe,High,3.5,4,A - easy repeat,Usually easy or paid nearby; verify for peak days,Usually available nearby; verify for bushwalk/beach,Roma Street Parkland -> nearby cafe/park -> flexible early return,Recommended,https://visit.brisbane.qld.au/inspiration/things-to-do-with-kids-in-brisbane,
SEQ-0020,Plan / route,City Botanic Gardens,Picnic + playground reset,Park / Garden,Brisbane CBD,1,10-20 min,0-15km / quick local,Free,Morning/Afternoon,2-3h,"0-3, 3-6, adult",Yes,Yes,High,3.5,4,A - easy repeat,Usually easy or paid nearby; verify for peak days,Usually available nearby; verify for bushwalk/beach,City Botanic Gardens -> nearby cafe/park -> flexible early return,Recommended,https://www.brisbane.qld.gov.au/parks-and-recreation/botanic-gardens/city-botanic-gardens,
SEQ-0021,Plan / route,City Botanic Gardens,Slow family walk + photos,Park / Garden,Brisbane CBD,1,10-20 min,0-15km / quick local,Free,Afternoon/Sunset,1-2h,"0-3, 3-6, adult",Yes,Maybe,High,3.5,4,A - easy repeat,Usually easy or paid nearby; verify for peak days,Usually available nearby; verify for bushwalk/beach,City Botanic Gardens -> nearby cafe/park -> flexible early return,Recommended,https://www.brisbane.qld.gov.au/parks-and-recreation/botanic-gardens/city-botanic-gardens,
SEQ-0022,Plan / route,City Botanic Gardens,Coffee + lawn time,Park / Garden,Brisbane CBD,1,10-20 min,0-15km / quick local,$,Morning,2h,"0-3, 3-6, adult",Yes,Maybe,High,3.5,4,A - easy repeat,Usually easy or paid nearby; verify for peak days,Usually available nearby; verify for bushwalk/beach,City Botanic Gardens -> nearby cafe/park -> flexible early return,Recommended,https://www.brisbane.qld.gov.au/parks-and-recreation/botanic-gardens/city-botanic-gardens,
SEQ-0023,Plan / route,Queen Street Mall,Shopping + easy meal,Shopping / City,Brisbane CBD,1,10-20 min,0-15km / quick local,$-$$$,Rainy day/Afternoon,2-4h,"0-3, 3-6, adult",Yes,Yes,Medium,3.5,3,B - planned day,Usually easy or paid nearby; verify for peak days,Usually available nearby; verify for bushwalk/beach,Shopping centre -> kids play/cinema -> easy meal,Recommended,https://www.queensland.com/au/en/places-to-see/destinations/brisbane,
SEQ-0024,Plan / route,Queen Street Mall,Short pram-friendly city errands,Shopping / City,Brisbane CBD,1,10-20 min,0-15km / quick local,$,Morning,1-2h,"0-3, 3-6, adult",Yes,Yes,Medium,3.5,3,B - planned day,Usually easy or paid nearby; verify for peak days,Usually available nearby; verify for bushwalk/beach,Shopping centre -> kids play/cinema -> easy meal,Recommended,https://www.queensland.com/au/en/places-to-see/destinations/brisbane,
SEQ-0025,Plan / route,Queen's Wharf Brisbane,Riverside food + skyline walk,City + Food,Brisbane CBD,1,10-20 min,0-15km / quick local,$$-$$$,Evening,2-4h,"3-6, adult",Yes,Maybe,High,3.5,4,A - easy repeat,Usually easy or paid nearby; verify for peak days,Usually available nearby; verify for bushwalk/beach,Queen's Wharf Brisbane -> nearby cafe/park -> flexible early return,Recommended,https://queenswharfbrisbane.com.au/,
SEQ-0026,Plan / route,Queen's Wharf Brisbane,Adult relax meal + view,City + Food,Brisbane CBD,1,10-20 min,0-15km / quick local,$$$,Night,2-3h,"3-6, adult",Maybe,Maybe,High,3,4,A - easy repeat,Usually easy or paid nearby; verify for peak days,Usually available nearby; verify for bushwalk/beach,Queen's Wharf Brisbane -> nearby cafe/park -> flexible early return,Recommended,https://queenswharfbrisbane.com.au/,
SEQ-0027,Plan / route,Howard Smith Wharves,River views + dinner,River + Food,Brisbane CBD / Fortitude Valley,2,10-20 min,0-15km / quick local,$$-$$$,Evening,2-3h,"3-6, adult",Yes,Maybe,High,3.5,5,A - easy repeat,Usually easy or paid nearby; verify for peak days,Usually available nearby; verify for bushwalk/beach,Howard Smith Wharves -> nearby cafe/park -> flexible early return,Recommended,https://howardsmithwharves.com/,
SEQ-0028,Plan / route,Howard Smith Wharves,Bridge photos + ice cream,River + Food,Brisbane CBD / Fortitude Valley,2,10-20 min,0-15km / quick local,$-$$,Afternoon,1-2h,"3-6, adult",Yes,Maybe,High,3.5,5,A - easy repeat,Usually easy or paid nearby; verify for peak days,Usually available nearby; verify for bushwalk/beach,Howard Smith Wharves -> nearby cafe/park -> flexible early return,Recommended,https://howardsmithwharves.com/,
SEQ-0029,Plan / route,Story Bridge Adventure Climb precinct,Viewpoint walk + photos,View / Adventure,Kangaroo Point,3,10-20 min,0-15km / quick local,Free-$,Afternoon,1-2h,"3-6+, adult",Maybe,No,Medium,3,3,B - planned day,Usually easy or paid nearby; verify for peak days,Usually available nearby; verify for bushwalk/beach,Story Bridge Adventure Climb precinct -> nearby cafe/park -> flexible early return,Recommended,https://www.queensland.com/au/en/places-to-see/destinations/brisbane,
SEQ-0030,Plan / route,Story Bridge Adventure Climb precinct,Adventure activity booking,View / Adventure,Kangaroo Point,3,10-20 min,0-15km / quick local,$$$,Morning/Afternoon,2-3h,"3-6+, adult",No,No,Medium,3,3,B - planned day,Usually easy or paid nearby; verify for peak days,Usually available nearby; verify for bushwalk/beach,Story Bridge Adventure Climb precinct -> nearby cafe/park -> flexible early return,Recommended,https://www.queensland.com/au/en/places-to-see/destinations/brisbane,
SEQ-0031,Plan / route,Kangaroo Point Cliffs Park,Lookout picnic,Lookout / Picnic,Kangaroo Point,3,10-20 min,0-15km / quick local,Free-$,Afternoon/Sunset,2h,"3-6, adult",Maybe,No,High,3,4,A - easy repeat,Usually easy or paid nearby; verify for peak days,Usually available nearby; verify for bushwalk/beach,Kangaroo Point Cliffs Park -> nearby cafe/park -> flexible early return,Recommended,https://www.queensland.com/au/en/places-to-see/destinations/brisbane,
SEQ-0032,Plan / route,Kangaroo Point Cliffs Park,Scenic reset drive,Lookout / Picnic,Kangaroo Point,3,10-20 min,0-15km / quick local,Free-$,Morning,1-2h,"3-6, adult",Maybe,Maybe,High,3,4,A - easy repeat,Usually easy or paid nearby; verify for peak days,Usually available nearby; verify for bushwalk/beach,Kangaroo Point Cliffs Park -> nearby cafe/park -> flexible early return,Recommended,https://www.queensland.com/au/en/places-to-see/destinations/brisbane,
SEQ-0033,Plan / route,Brisbane Riverwalk,Pram walk / balance-bike loop,Walk / Bike,New Farm / CBD,3,10-20 min,0-15km / quick local,Free,Morning,1-2h,"3-6, adult",Yes,Maybe,Medium,3.5,3,B - planned day,Usually easy or paid nearby; verify for peak days,Usually available nearby; verify for bushwalk/beach,Brisbane Riverwalk -> nearby cafe/park -> flexible early return,Recommended,https://www.queensland.com/au/en/places-to-see/destinations/brisbane,
SEQ-0034,Plan / route,Brisbane Riverwalk,Family bike ride,Walk / Bike,New Farm / CBD,3,10-20 min,0-15km / quick local,Free,Morning,2h,"3-6, adult",Maybe,No,Medium,3,3,B - planned day,Usually easy or paid nearby; verify for peak days,Usually available nearby; verify for bushwalk/beach,Brisbane Riverwalk -> nearby cafe/park -> flexible early return,Recommended,https://www.queensland.com/au/en/places-to-see/destinations/brisbane,
SEQ-0035,Plan / route,New Farm Park,Playground + picnic,Park / Playground,New Farm,4,10-20 min,0-15km / quick local,Free,Morning,2-3h,"0-3, 3-6, adult",Yes,Maybe,Medium,4.5,3,A - easy repeat,Usually easy or paid nearby; verify for peak days,Usually available nearby; verify for bushwalk/beach,New Farm Park -> nearby cafe/park -> flexible early return,Recommended,https://visit.brisbane.qld.au/inspiration/things-to-do-with-kids-in-brisbane,
SEQ-0036,Plan / route,New Farm Park,After-nap outdoor reset,Park / Playground,New Farm,4,10-20 min,0-15km / quick local,Free,Afternoon,1-2h,"0-3, 3-6, adult",Yes,Maybe,Medium,4.5,3,A - easy repeat,Usually easy or paid nearby; verify for peak days,Usually available nearby; verify for bushwalk/beach,New Farm Park -> nearby cafe/park -> flexible early return,Recommended,https://visit.brisbane.qld.au/inspiration/things-to-do-with-kids-in-brisbane,
SEQ-0037,Plan / route,New Farm Park,BBQ with family,Park / Playground,New Farm,4,10-20 min,0-15km / quick local,$,Afternoon,3-4h,"0-3, 3-6, adult",Yes,No,Medium,4.5,3,A - easy repeat,Usually easy or paid nearby; verify for peak days,Usually available nearby; verify for bushwalk/beach,New Farm Park -> nearby cafe/park -> flexible early return,Recommended,https://visit.brisbane.qld.au/inspiration/things-to-do-with-kids-in-brisbane,
SEQ-0038,Plan / route,Brisbane Powerhouse,Cafe + casual exhibition/event,Culture + Cafe,New Farm,4,10-20 min,0-15km / quick local,$-$$,Morning/Afternoon,2h,"3-6, adult",Yes,Maybe,High,3.5,4,A - easy repeat,Usually easy or paid nearby; verify for peak days,Usually available nearby; verify for bushwalk/beach,Brisbane Powerhouse -> nearby cafe/park -> flexible early return,Recommended,https://brisbanepowerhouse.org/,
SEQ-0039,Plan / route,Brisbane Powerhouse,Evening show precinct walk,Culture + Cafe,New Farm,4,10-20 min,0-15km / quick local,$$,Evening,2-3h,"3-6, adult",Maybe,Maybe,High,3,4,A - easy repeat,Usually easy or paid nearby; verify for peak days,Usually available nearby; verify for bushwalk/beach,Brisbane Powerhouse -> nearby cafe/park -> flexible early return,Recommended,https://brisbanepowerhouse.org/,
SEQ-0040,Plan / route,James Street,Boutiques + brunch,Food + Shopping,Fortitude Valley,3,10-20 min,0-15km / quick local,$$,Morning,2-3h,"0-3, 3-6, adult",Maybe,Maybe,High,3,4,A - easy repeat,Usually easy or paid nearby; verify for peak days,Usually available nearby; verify for bushwalk/beach,Shopping centre -> kids play/cinema -> easy meal,Recommended,https://jamesst.com.au/,
SEQ-0041,Plan / route,James Street,Dessert + window shopping,Food + Shopping,Fortitude Valley,3,10-20 min,0-15km / quick local,$-$$,Afternoon/Evening,2h,"0-3, 3-6, adult",Yes,Maybe,High,3.5,4,A - easy repeat,Usually easy or paid nearby; verify for peak days,Usually available nearby; verify for bushwalk/beach,Shopping centre -> kids play/cinema -> easy meal,Recommended,https://jamesst.com.au/,
SEQ-0042,Plan / route,Gasworks Plaza,Boutiques + brunch,Food + Shopping,Newstead,4,10-20 min,0-15km / quick local,$$,Morning,2-3h,"0-3, 3-6, adult",Maybe,Maybe,High,3,4,A - easy repeat,Usually easy or paid nearby; verify for peak days,Usually available nearby; verify for bushwalk/beach,Shopping centre -> kids play/cinema -> easy meal,Recommended,https://www.gasworksplaza.com.au/,
SEQ-0043,Plan / route,Gasworks Plaza,Dessert + window shopping,Food + Shopping,Newstead,4,10-20 min,0-15km / quick local,$-$$,Afternoon/Evening,2h,"0-3, 3-6, adult",Yes,Maybe,High,3.5,4,A - easy repeat,Usually easy or paid nearby; verify for peak days,Usually available nearby; verify for bushwalk/beach,Shopping centre -> kids play/cinema -> easy meal,Recommended,https://www.gasworksplaza.com.au/,
SEQ-0044,Plan / route,Newstead Park,Heritage park walk,Park / Heritage,Newstead,5,10-20 min,0-15km / quick local,Free,Morning,1-2h,"0-3, 3-6, adult",Yes,Maybe,Medium,3.5,3,B - planned day,Usually easy or paid nearby; verify for peak days,Usually available nearby; verify for bushwalk/beach,Newstead Park -> nearby cafe/park -> flexible early return,Recommended,https://www.brisbane.qld.gov.au/parks-and-recreation,
SEQ-0045,Plan / route,Newstead Park,River picnic + history chat,Park / Heritage,Newstead,5,10-20 min,0-15km / quick local,Free-$,Afternoon,2h,"0-3, 3-6, adult",Yes,No,Medium,3.5,3,B - planned day,Usually easy or paid nearby; verify for peak days,Usually available nearby; verify for bushwalk/beach,Newstead Park -> nearby cafe/park -> flexible early return,Recommended,https://www.brisbane.qld.gov.au/parks-and-recreation,
SEQ-0046,Plan / route,Teneriffe riverfront,Flat pram walk,River Walk,Teneriffe,4,10-20 min,0-15km / quick local,Free,Morning/Afternoon,1-2h,"3-6, adult",Yes,Maybe,High,3.5,4,A - easy repeat,Usually easy or paid nearby; verify for peak days,Usually available nearby; verify for bushwalk/beach,Teneriffe riverfront -> nearby cafe/park -> flexible early return,Recommended,https://www.queensland.com/au/en/places-to-see/destinations/brisbane,
SEQ-0047,Plan / route,Teneriffe riverfront,Sunset river walk,River Walk,Teneriffe,4,10-20 min,0-15km / quick local,Free,Evening,1-2h,"3-6, adult",Yes,No,High,3.5,4,A - easy repeat,Usually easy or paid nearby; verify for peak days,Usually available nearby; verify for bushwalk/beach,Teneriffe riverfront -> nearby cafe/park -> flexible early return,Recommended,https://www.queensland.com/au/en/places-to-see/destinations/brisbane,
SEQ-0048,Plan / route,Bulimba Oxford Street,Village brunch + stroll,Village + Food,Bulimba,6,20-35 min,0-15km / quick local,$$,Morning,2-3h,"3-6, adult",Yes,Maybe,High,3.5,5,A - easy repeat,Usually easy or paid nearby; verify for peak days,Usually available nearby; verify for bushwalk/beach,Bulimba Oxford Street -> nearby cafe/park -> flexible early return,Recommended,https://www.queensland.com/au/en/places-to-see/destinations/brisbane,
SEQ-0049,Plan / route,Bulimba Oxford Street,Early family dinner,Village + Food,Bulimba,6,20-35 min,0-15km / quick local,$$,Evening,2h,"3-6, adult",Yes,Maybe,High,3.5,5,A - easy repeat,Usually easy or paid nearby; verify for peak days,Usually available nearby; verify for bushwalk/beach,Bulimba Oxford Street -> nearby cafe/park -> flexible early return,Recommended,https://www.queensland.com/au/en/places-to-see/destinations/brisbane,
SEQ-0050,Plan / route,Mowbray Park,Explore + easy meal,Park / River,East Brisbane,3,10-20 min,0-15km / quick local,$-$$,Morning/Afternoon,2-3h,"0-3, 3-6, adult",Maybe,Maybe,High,3,4,A - easy repeat,Usually easy or paid nearby; verify for peak days,Usually available nearby; verify for bushwalk/beach,Mowbray Park -> nearby cafe/park -> flexible early return,Recommended,https://www.brisbane.qld.gov.au/parks-and-recreation,
SEQ-0051,Plan / route,Mowbray Park,Short family reset,Park / River,East Brisbane,3,10-20 min,0-15km / quick local,Free-$,Afternoon,1-2h,"0-3, 3-6, adult",Yes,Maybe,High,3.5,4,A - easy repeat,Usually easy or paid nearby; verify for peak days,Usually available nearby; verify for bushwalk/beach,Mowbray Park -> nearby cafe/park -> flexible early return,Recommended,https://www.brisbane.qld.gov.au/parks-and-recreation,
SEQ-0052,Plan / route,Mowbray Park,Longer weekend day trip,Park / River,East Brisbane,3,10-20 min,0-15km / quick local,$-$$,Morning,3-5h,"0-3, 3-6, adult",Maybe,No,High,3,4,A - easy repeat,Usually easy or paid nearby; verify for peak days,Usually available nearby; verify for bushwalk/beach,Mowbray Park -> nearby cafe/park -> flexible early return,Recommended,https://www.brisbane.qld.gov.au/parks-and-recreation,
SEQ-0053,Plan / route,West End Village,Explore + easy meal,Food + Culture,West End,4,10-20 min,0-15km / quick local,$-$$,Morning/Afternoon,2-3h,"3-6, adult",Maybe,Maybe,High,3,5,A - easy repeat,Usually easy or paid nearby; verify for peak days,Usually available nearby; verify for bushwalk/beach,West End Village -> nearby cafe/park -> flexible early return,Recommended,https://www.queensland.com/au/en/places-to-see/destinations/brisbane,
SEQ-0054,Plan / route,West End Village,Short family reset,Food + Culture,West End,4,10-20 min,0-15km / quick local,Free-$,Afternoon,1-2h,"3-6, adult",Yes,Maybe,High,3.5,5,A - easy repeat,Usually easy or paid nearby; verify for peak days,Usually available nearby; verify for bushwalk/beach,West End Village -> nearby cafe/park -> flexible early return,Recommended,https://www.queensland.com/au/en/places-to-see/destinations/brisbane,
SEQ-0055,Plan / route,West End Village,Longer weekend day trip,Food + Culture,West End,4,10-20 min,0-15km / quick local,$-$$,Morning,3-5h,"3-6, adult",Maybe,No,High,3,5,A - easy repeat,Usually easy or paid nearby; verify for peak days,Usually available nearby; verify for bushwalk/beach,West End Village -> nearby cafe/park -> flexible early return,Recommended,https://www.queensland.com/au/en/places-to-see/destinations/brisbane,
SEQ-0056,Plan / route,Davies Park / West End Markets,Market breakfast + browsing,Market,West End,4,10-20 min,0-15km / quick local,$-$$,Morning,1-2h,"0-3, 3-6, adult",Maybe,Maybe,Medium,4,3,A - easy repeat,Usually easy or paid nearby; verify for peak days,Usually available nearby; verify for bushwalk/beach,Market breakfast -> nearby playground/park -> home before nap,Yes - check opening/tide/weather/bookings,https://www.queensland.com/au/en/places-to-see/destinations/brisbane,
SEQ-0057,Plan / route,Davies Park / West End Markets,Produce shop + playground nearby,Market,West End,4,10-20 min,0-15km / quick local,$-$$,Morning,2h,"0-3, 3-6, adult",Yes,Maybe,Medium,4.5,3,A - easy repeat,Usually easy or paid nearby; verify for peak days,Usually available nearby; verify for bushwalk/beach,Market breakfast -> nearby playground/park -> home before nap,Yes - check opening/tide/weather/bookings,https://www.queensland.com/au/en/places-to-see/destinations/brisbane,
SEQ-0058,Plan / route,Milton Markets,Market breakfast + browsing,Market,Milton,3,10-20 min,0-15km / quick local,$-$$,Morning,1-2h,"0-3, 3-6, adult",Maybe,Maybe,Medium,4,3,A - easy repeat,Usually easy or paid nearby; verify for peak days,Usually available nearby; verify for bushwalk/beach,Market breakfast -> nearby playground/park -> home before nap,Yes - check opening/tide/weather/bookings,https://goodwillprojects.com.au/markets/milton/,
SEQ-0059,Plan / route,Milton Markets,Produce shop + playground nearby,Market,Milton,3,10-20 min,0-15km / quick local,$-$$,Morning,2h,"0-3, 3-6, adult",Yes,Maybe,Medium,4.5,3,A - easy repeat,Usually easy or paid nearby; verify for peak days,Usually available nearby; verify for bushwalk/beach,Market breakfast -> nearby playground/park -> home before nap,Yes - check opening/tide/weather/bookings,https://goodwillprojects.com.au/markets/milton/,
SEQ-0060,Plan / route,Paddington Latrobe Terrace,Country-style brunch,Village + Cafe,Paddington,4,10-20 min,0-15km / quick local,$$,Morning,2-3h,"3-6, adult",Yes,Maybe,High,3.5,4,A - easy repeat,Usually easy or paid nearby; verify for peak days,Usually available nearby; verify for bushwalk/beach,Paddington Latrobe Terrace -> nearby cafe/park -> flexible early return,Recommended,https://www.queensland.com/au/en/places-to-see/destinations/brisbane,
SEQ-0061,Plan / route,Paddington Latrobe Terrace,Village wander + bakery,Village + Cafe,Paddington,4,10-20 min,0-15km / quick local,$-$$,Morning/Afternoon,1-2h,"3-6, adult",Yes,Maybe,High,3.5,4,A - easy repeat,Usually easy or paid nearby; verify for peak days,Usually available nearby; verify for bushwalk/beach,Paddington Latrobe Terrace -> nearby cafe/park -> flexible early return,Recommended,https://www.queensland.com/au/en/places-to-see/destinations/brisbane,
SEQ-0062,Plan / route,Suncorp Stadium precinct,Explore + easy meal,Sport / Events,Milton,3,10-20 min,0-15km / quick local,$-$$,Morning/Afternoon,2-3h,"3-6, adult",Maybe,Maybe,Medium,3,3,B - planned day,Usually easy or paid nearby; verify for peak days,Usually available nearby; verify for bushwalk/beach,Suncorp Stadium precinct -> nearby cafe/park -> flexible early return,Recommended,https://suncorpstadium.com.au/,
SEQ-0063,Plan / route,Suncorp Stadium precinct,Short family reset,Sport / Events,Milton,3,10-20 min,0-15km / quick local,Free-$,Afternoon,1-2h,"3-6, adult",Yes,Maybe,Medium,3.5,3,B - planned day,Usually easy or paid nearby; verify for peak days,Usually available nearby; verify for bushwalk/beach,Suncorp Stadium precinct -> nearby cafe/park -> flexible early return,Recommended,https://suncorpstadium.com.au/,
SEQ-0064,Plan / route,Suncorp Stadium precinct,Longer weekend day trip,Sport / Events,Milton,3,10-20 min,0-15km / quick local,$-$$,Morning,3-5h,"3-6, adult",Maybe,No,Medium,3,3,B - planned day,Usually easy or paid nearby; verify for peak days,Usually available nearby; verify for bushwalk/beach,Suncorp Stadium precinct -> nearby cafe/park -> flexible early return,Recommended,https://suncorpstadium.com.au/,
SEQ-0065,Plan / route,Victoria Park / Barrambin,Playground + picnic,Park / Playground,Herston,3,10-20 min,0-15km / quick local,Free,Morning,2-3h,"0-3, 3-6, adult",Yes,Maybe,Medium,4.5,3,A - easy repeat,Usually easy or paid nearby; verify for peak days,Usually available nearby; verify for bushwalk/beach,Victoria Park / Barrambin -> nearby cafe/park -> flexible early return,Recommended,https://www.brisbane.qld.gov.au/parks-and-recreation,
SEQ-0066,Plan / route,Victoria Park / Barrambin,After-nap outdoor reset,Park / Playground,Herston,3,10-20 min,0-15km / quick local,Free,Afternoon,1-2h,"0-3, 3-6, adult",Yes,Maybe,Medium,4.5,3,A - easy repeat,Usually easy or paid nearby; verify for peak days,Usually available nearby; verify for bushwalk/beach,Victoria Park / Barrambin -> nearby cafe/park -> flexible early return,Recommended,https://www.brisbane.qld.gov.au/parks-and-recreation,
SEQ-0067,Plan / route,Victoria Park / Barrambin,BBQ with family,Park / Playground,Herston,3,10-20 min,0-15km / quick local,$,Afternoon,3-4h,"0-3, 3-6, adult",Yes,No,Medium,4.5,3,A - easy repeat,Usually easy or paid nearby; verify for peak days,Usually available nearby; verify for bushwalk/beach,Victoria Park / Barrambin -> nearby cafe/park -> flexible early return,Recommended,https://www.brisbane.qld.gov.au/parks-and-recreation,
SEQ-0068,Plan / route,Victoria Park Bistro / Putt Putt,Explore + easy meal,Mini Golf / Food,Herston,3,10-20 min,0-15km / quick local,$-$$,Morning/Afternoon,2-3h,"3-6, adult",Maybe,Maybe,High,3,4,A - easy repeat,Usually easy or paid nearby; verify for peak days,Usually available nearby; verify for bushwalk/beach,Victoria Park Bistro / Putt Putt -> nearby cafe/park -> flexible early return,Recommended,https://victoriapark.com.au/,
SEQ-0069,Plan / route,Victoria Park Bistro / Putt Putt,Short family reset,Mini Golf / Food,Herston,3,10-20 min,0-15km / quick local,Free-$,Afternoon,1-2h,"3-6, adult",Yes,Maybe,High,3.5,4,A - easy repeat,Usually easy or paid nearby; verify for peak days,Usually available nearby; verify for bushwalk/beach,Victoria Park Bistro / Putt Putt -> nearby cafe/park -> flexible early return,Recommended,https://victoriapark.com.au/,
SEQ-0070,Plan / route,Victoria Park Bistro / Putt Putt,Longer weekend day trip,Mini Golf / Food,Herston,3,10-20 min,0-15km / quick local,$-$$,Morning,3-5h,"3-6, adult",Maybe,No,High,3,4,A - easy repeat,Usually easy or paid nearby; verify for peak days,Usually available nearby; verify for bushwalk/beach,Victoria Park Bistro / Putt Putt -> nearby cafe/park -> flexible early return,Recommended,https://victoriapark.com.au/,
SEQ-0071,Plan / route,Nundah Village,Village brunch + stroll,Village + Food,Nundah,9,20-35 min,0-15km / quick local,$$,Morning,2-3h,"3-6, adult",Yes,Maybe,High,3.5,5,A - easy repeat,Usually easy or paid nearby; verify for peak days,Usually available nearby; verify for bushwalk/beach,Nundah Village -> nearby cafe/park -> flexible early return,Recommended,https://www.queensland.com/au/en/places-to-see/destinations/brisbane,
SEQ-0072,Plan / route,Nundah Village,Early family dinner,Village + Food,Nundah,9,20-35 min,0-15km / quick local,$$,Evening,2h,"3-6, adult",Yes,Maybe,High,3.5,5,A - easy repeat,Usually easy or paid nearby; verify for peak days,Usually available nearby; verify for bushwalk/beach,Nundah Village -> nearby cafe/park -> flexible early return,Recommended,https://www.queensland.com/au/en/places-to-see/destinations/brisbane,
SEQ-0073,Plan / route,Portside Wharf,Explore + easy meal,River + Dining,Hamilton,8,20-35 min,0-15km / quick local,$-$$,Morning/Afternoon,2-3h,"3-6, adult",Maybe,Maybe,High,3,4,A - easy repeat,Usually easy or paid nearby; verify for peak days,Usually available nearby; verify for bushwalk/beach,Portside Wharf -> nearby cafe/park -> flexible early return,Recommended,https://www.portsidewharf.com.au/,
SEQ-0074,Plan / route,Portside Wharf,Short family reset,River + Dining,Hamilton,8,20-35 min,0-15km / quick local,Free-$,Afternoon,1-2h,"3-6, adult",Yes,Maybe,High,3.5,4,A - easy repeat,Usually easy or paid nearby; verify for peak days,Usually available nearby; verify for bushwalk/beach,Portside Wharf -> nearby cafe/park -> flexible early return,Recommended,https://www.portsidewharf.com.au/,
SEQ-0075,Plan / route,Portside Wharf,Longer weekend day trip,River + Dining,Hamilton,8,20-35 min,0-15km / quick local,$-$$,Morning,3-5h,"3-6, adult",Maybe,No,High,3,4,A - easy repeat,Usually easy or paid nearby; verify for peak days,Usually available nearby; verify for bushwalk/beach,Portside Wharf -> nearby cafe/park -> flexible early return,Recommended,https://www.portsidewharf.com.au/,
SEQ-0076,Plan / route,Eat Street Northshore,Explore + easy meal,Night Market,Hamilton,9,20-35 min,0-15km / quick local,$-$$,Morning/Afternoon,2-3h,"0-3, 3-6, adult",Maybe,Maybe,Medium,4,3,A - easy repeat,Usually easy or paid nearby; verify for peak days,Usually available nearby; verify for bushwalk/beach,Market breakfast -> nearby playground/park -> home before nap,Yes - check opening/tide/weather/bookings,https://eatstreetnorthshore.com.au/,
SEQ-0077,Plan / route,Eat Street Northshore,Short family reset,Night Market,Hamilton,9,20-35 min,0-15km / quick local,Free-$,Afternoon,1-2h,"0-3, 3-6, adult",Yes,Maybe,Medium,4.5,3,A - easy repeat,Usually easy or paid nearby; verify for peak days,Usually available nearby; verify for bushwalk/beach,Market breakfast -> nearby playground/park -> home before nap,Yes - check opening/tide/weather/bookings,https://eatstreetnorthshore.com.au/,
SEQ-0078,Plan / route,Eat Street Northshore,Longer weekend day trip,Night Market,Hamilton,9,20-35 min,0-15km / quick local,$-$$,Morning,3-5h,"0-3, 3-6, adult",Maybe,No,Medium,4,3,A - easy repeat,Usually easy or paid nearby; verify for peak days,Usually available nearby; verify for bushwalk/beach,Market breakfast -> nearby playground/park -> home before nap,Yes - check opening/tide/weather/bookings,https://eatstreetnorthshore.com.au/,
SEQ-0079,Plan / route,Hamilton Recreation Reserve,Explore + easy meal,Park / River,Hamilton,9,20-35 min,0-15km / quick local,$-$$,Morning/Afternoon,2-3h,"0-3, 3-6, adult",Maybe,Maybe,High,3,4,A - easy repeat,Usually easy or paid nearby; verify for peak days,Usually available nearby; verify for bushwalk/beach,Hamilton Recreation Reserve -> nearby cafe/park -> flexible early return,Recommended,https://www.brisbane.qld.gov.au/parks-and-recreation,
SEQ-0080,Plan / route,Hamilton Recreation Reserve,Short family reset,Park / River,Hamilton,9,20-35 min,0-15km / quick local,Free-$,Afternoon,1-2h,"0-3, 3-6, adult",Yes,Maybe,High,3.5,4,A - easy repeat,Usually easy or paid nearby; verify for peak days,Usually available nearby; verify for bushwalk/beach,Hamilton Recreation Reserve -> nearby cafe/park -> flexible early return,Recommended,https://www.brisbane.qld.gov.au/parks-and-recreation,
SEQ-0081,Plan / route,Hamilton Recreation Reserve,Longer weekend day trip,Park / River,Hamilton,9,20-35 min,0-15km / quick local,$-$$,Morning,3-5h,"0-3, 3-6, adult",Maybe,No,High,3,4,A - easy repeat,Usually easy or paid nearby; verify for peak days,Usually available nearby; verify for bushwalk/beach,Hamilton Recreation Reserve -> nearby cafe/park -> flexible early return,Recommended,https://www.brisbane.qld.gov.au/parks-and-recreation,
SEQ-0082,Plan / route,Toowong Village + river loop,Explore + easy meal,Shopping + River,Toowong,5,10-20 min,0-15km / quick local,$-$$,Morning/Afternoon,2-3h,"0-3, 3-6, adult",Maybe,Maybe,High,3,4,A - easy repeat,Usually easy or paid nearby; verify for peak days,Usually available nearby; verify for bushwalk/beach,Shopping centre -> kids play/cinema -> easy meal,Recommended,https://www.queensland.com/au/en/places-to-see/destinations/brisbane,
SEQ-0083,Plan / route,Toowong Village + river loop,Short family reset,Shopping + River,Toowong,5,10-20 min,0-15km / quick local,Free-$,Afternoon,1-2h,"0-3, 3-6, adult",Yes,Maybe,High,3.5,4,A - easy repeat,Usually easy or paid nearby; verify for peak days,Usually available nearby; verify for bushwalk/beach,Shopping centre -> kids play/cinema -> easy meal,Recommended,https://www.queensland.com/au/en/places-to-see/destinations/brisbane,
SEQ-0084,Plan / route,Toowong Village + river loop,Longer weekend day trip,Shopping + River,Toowong,5,10-20 min,0-15km / quick local,$-$$,Morning,3-5h,"0-3, 3-6, adult",Maybe,No,High,3,4,A - easy repeat,Usually easy or paid nearby; verify for peak days,Usually available nearby; verify for bushwalk/beach,Shopping centre -> kids play/cinema -> easy meal,Recommended,https://www.queensland.com/au/en/places-to-see/destinations/brisbane,
SEQ-0085,Plan / route,UQ Lakes / St Lucia campus,Explore + easy meal,Walk / Picnic,St Lucia,6,20-35 min,0-15km / quick local,$-$$,Morning/Afternoon,2-3h,"3-6, adult",Maybe,Maybe,Medium,3,3,B - planned day,Usually easy or paid nearby; verify for peak days,Usually available nearby; verify for bushwalk/beach,UQ Lakes / St Lucia campus -> nearby cafe/park -> flexible early return,Recommended,https://www.brisbane.qld.gov.au/parks-and-recreation,
SEQ-0086,Plan / route,UQ Lakes / St Lucia campus,Short family reset,Walk / Picnic,St Lucia,6,20-35 min,0-15km / quick local,Free-$,Afternoon,1-2h,"3-6, adult",Yes,Maybe,Medium,3.5,3,B - planned day,Usually easy or paid nearby; verify for peak days,Usually available nearby; verify for bushwalk/beach,UQ Lakes / St Lucia campus -> nearby cafe/park -> flexible early return,Recommended,https://www.brisbane.qld.gov.au/parks-and-recreation,
SEQ-0087,Plan / route,UQ Lakes / St Lucia campus,Longer weekend day trip,Walk / Picnic,St Lucia,6,20-35 min,0-15km / quick local,$-$$,Morning,3-5h,"3-6, adult",Maybe,No,Medium,3,3,B - planned day,Usually easy or paid nearby; verify for peak days,Usually available nearby; verify for bushwalk/beach,UQ Lakes / St Lucia campus -> nearby cafe/park -> flexible early return,Recommended,https://www.brisbane.qld.gov.au/parks-and-recreation,
SEQ-0088,Plan / route,Indooroopilly Riverwalk,Flat pram walk,River Walk,Indooroopilly,8,20-35 min,0-15km / quick local,Free,Morning/Afternoon,1-2h,"3-6, adult",Yes,Maybe,High,3.5,4,A - easy repeat,Usually easy or paid nearby; verify for peak days,Usually available nearby; verify for bushwalk/beach,Indooroopilly Riverwalk -> nearby cafe/park -> flexible early return,Recommended,https://www.brisbane.qld.gov.au/parks-and-recreation,
SEQ-0089,Plan / route,Indooroopilly Riverwalk,Sunset river walk,River Walk,Indooroopilly,8,20-35 min,0-15km / quick local,Free,Evening,1-2h,"3-6, adult",Yes,No,High,3.5,4,A - easy repeat,Usually easy or paid nearby; verify for peak days,Usually available nearby; verify for bushwalk/beach,Indooroopilly Riverwalk -> nearby cafe/park -> flexible early return,Recommended,https://www.brisbane.qld.gov.au/parks-and-recreation,
SEQ-0090,Plan / route,Indooroopilly Shopping Centre,Rainy-day shopping + play stop,Shopping / Indoor,Indooroopilly,8,20-35 min,0-15km / quick local,$-$$$,Rainy day,2-4h,"0-3, 3-6, adult",Yes,Yes,Medium,4.5,3,A - easy repeat,Usually easy or paid nearby; verify for peak days,Usually available nearby; verify for bushwalk/beach,Shopping centre -> kids play/cinema -> easy meal,Recommended,https://www.indooroopillyshopping.com.au/,
SEQ-0091,Plan / route,Indooroopilly Shopping Centre,Cinema + meal combo,Shopping / Indoor,Indooroopilly,8,20-35 min,0-15km / quick local,$$,Afternoon,3-4h,"0-3, 3-6, adult",Yes,Yes,Medium,4.5,3,A - easy repeat,Usually easy or paid nearby; verify for peak days,Usually available nearby; verify for bushwalk/beach,Shopping centre -> kids play/cinema -> easy meal,Recommended,https://www.indooroopillyshopping.com.au/,
SEQ-0092,Plan / route,Brisbane Botanic Gardens Mt Coot-tha,Garden walk + toddler exploration,Botanic Garden,Mt Coot-tha,8,20-35 min,0-15km / quick local,Free,Morning,2-3h,"0-3, 3-6, adult",Yes,Yes,High,3.5,4,A - easy repeat,Usually easy or paid nearby; verify for peak days,Usually available nearby; verify for bushwalk/beach,Mt Coot-tha Lookout -> Botanic Gardens -> Toowong/Paddington meal,Recommended,https://www.brisbane.qld.gov.au/parks-and-recreation,
SEQ-0093,Plan / route,Brisbane Botanic Gardens Mt Coot-tha,Plant photography + picnic,Botanic Garden,Mt Coot-tha,8,20-35 min,0-15km / quick local,Free,Afternoon,2h,"0-3, 3-6, adult",Yes,Maybe,High,3.5,4,A - easy repeat,Usually easy or paid nearby; verify for peak days,Usually available nearby; verify for bushwalk/beach,Mt Coot-tha Lookout -> Botanic Gardens -> Toowong/Paddington meal,Recommended,https://www.brisbane.qld.gov.au/parks-and-recreation,
SEQ-0094,Plan / route,Brisbane Botanic Gardens Mt Coot-tha,Quiet adult reset walk,Botanic Garden,Mt Coot-tha,8,20-35 min,0-15km / quick local,Free,Morning,1-2h,"0-3, 3-6, adult",Yes,Maybe,High,3.5,4,A - easy repeat,Usually easy or paid nearby; verify for peak days,Usually available nearby; verify for bushwalk/beach,Mt Coot-tha Lookout -> Botanic Gardens -> Toowong/Paddington meal,Recommended,https://www.brisbane.qld.gov.au/parks-and-recreation,
SEQ-0095,Plan / route,Mt Coot-tha Lookout,Sunset lookout,Lookout,Mt Coot-tha,8,20-35 min,0-15km / quick local,Free-$,Sunset,1-2h,"3-6, adult",Maybe,No,High,3,4,A - easy repeat,Usually easy or paid nearby; verify for peak days,Usually available nearby; verify for bushwalk/beach,Mt Coot-tha Lookout -> Botanic Gardens -> Toowong/Paddington meal,Recommended,https://www.queensland.com/au/en/places-to-see/destinations/brisbane,
SEQ-0096,Plan / route,Mt Coot-tha Lookout,Scenic drive + coffee,Lookout,Mt Coot-tha,8,20-35 min,0-15km / quick local,$,Morning/Afternoon,2h,"3-6, adult",Maybe,Maybe,High,3,4,A - easy repeat,Usually easy or paid nearby; verify for peak days,Usually available nearby; verify for bushwalk/beach,Mt Coot-tha Lookout -> Botanic Gardens -> Toowong/Paddington meal,Recommended,https://www.queensland.com/au/en/places-to-see/destinations/brisbane,
SEQ-0097,Plan / route,JC Slaughter Falls,Short bushwalk + picnic,Bushwalk / Picnic,Mt Coot-tha,9,20-35 min,0-15km / quick local,Free,Morning,2-3h,"3-6+, adult",Maybe,No,Medium,3,3,B - planned day,Usually easy or paid nearby; verify for peak days,Usually available nearby; verify for bushwalk/beach,JC Slaughter Falls -> nearby cafe/park -> flexible early return,Recommended,https://www.brisbane.qld.gov.au/parks-and-recreation,
SEQ-0098,Plan / route,JC Slaughter Falls,Nature reset without long drive,Bushwalk / Picnic,Mt Coot-tha,9,20-35 min,0-15km / quick local,Free,Morning,1-2h,"3-6+, adult",Maybe,No,Medium,3,3,B - planned day,Usually easy or paid nearby; verify for peak days,Usually available nearby; verify for bushwalk/beach,JC Slaughter Falls -> nearby cafe/park -> flexible early return,Recommended,https://www.brisbane.qld.gov.au/parks-and-recreation,
SEQ-0099,Plan / route,Simpson Falls Track,Short family-friendly walk,Bushwalk,Mt Coot-tha,10,20-35 min,0-15km / quick local,Free,Morning,1-2h,"3-6+, adult",Maybe,No,Medium,3,3,B - planned day,Usually easy or paid nearby; verify for peak days,Usually available nearby; verify for bushwalk/beach,Simpson Falls Track -> nearby cafe/park -> flexible early return,Recommended,https://www.brisbane.qld.gov.au/parks-and-recreation,
SEQ-0100,Plan / route,Simpson Falls Track,Adult quiet walk,Bushwalk,Mt Coot-tha,10,20-35 min,0-15km / quick local,Free,Morning,2h,"3-6+, adult",No,No,Medium,3,3,B - planned day,Usually easy or paid nearby; verify for peak days,Usually available nearby; verify for bushwalk/beach,Simpson Falls Track -> nearby cafe/park -> flexible early return,Recommended,https://www.brisbane.qld.gov.au/parks-and-recreation,
SEQ-0101,Plan / route,Anzac Park,Playground + picnic,Park / Playground,Toowong,6,20-35 min,0-15km / quick local,Free,Morning,2-3h,"0-3, 3-6, adult",Yes,Maybe,Medium,4.5,3,A - easy repeat,Usually easy or paid nearby; verify for peak days,Usually available nearby; verify for bushwalk/beach,Anzac Park -> nearby cafe/park -> flexible early return,Recommended,https://www.brisbane.qld.gov.au/parks-and-recreation,
SEQ-0102,Plan / route,Anzac Park,After-nap outdoor reset,Park / Playground,Toowong,6,20-35 min,0-15km / quick local,Free,Afternoon,1-2h,"0-3, 3-6, adult",Yes,Maybe,Medium,4.5,3,A - easy repeat,Usually easy or paid nearby; verify for peak days,Usually available nearby; verify for bushwalk/beach,Anzac Park -> nearby cafe/park -> flexible early return,Recommended,https://www.brisbane.qld.gov.au/parks-and-recreation,
SEQ-0103,Plan / route,Anzac Park,BBQ with family,Park / Playground,Toowong,6,20-35 min,0-15km / quick local,$,Afternoon,3-4h,"0-3, 3-6, adult",Yes,No,Medium,4.5,3,A - easy repeat,Usually easy or paid nearby; verify for peak days,Usually available nearby; verify for bushwalk/beach,Anzac Park -> nearby cafe/park -> flexible early return,Recommended,https://www.brisbane.qld.gov.au/parks-and-recreation,
SEQ-0104,Plan / route,Sherwood Arboretum,Explore + easy meal,Park / River,Sherwood,11,20-35 min,0-15km / quick local,$-$$,Morning/Afternoon,2-3h,"0-3, 3-6, adult",Maybe,Maybe,High,3,4,A - easy repeat,Usually easy or paid nearby; verify for peak days,Usually available nearby; verify for bushwalk/beach,Sherwood Arboretum -> nearby cafe/park -> flexible early return,Recommended,https://www.brisbane.qld.gov.au/parks-and-recreation,
SEQ-0105,Plan / route,Sherwood Arboretum,Short family reset,Park / River,Sherwood,11,20-35 min,0-15km / quick local,Free-$,Afternoon,1-2h,"0-3, 3-6, adult",Yes,Maybe,High,3.5,4,A - easy repeat,Usually easy or paid nearby; verify for peak days,Usually available nearby; verify for bushwalk/beach,Sherwood Arboretum -> nearby cafe/park -> flexible early return,Recommended,https://www.brisbane.qld.gov.au/parks-and-recreation,
SEQ-0106,Plan / route,Sherwood Arboretum,Longer weekend day trip,Park / River,Sherwood,11,20-35 min,0-15km / quick local,$-$$,Morning,3-5h,"0-3, 3-6, adult",Maybe,No,High,3,4,A - easy repeat,Usually easy or paid nearby; verify for peak days,Usually available nearby; verify for bushwalk/beach,Sherwood Arboretum -> nearby cafe/park -> flexible early return,Recommended,https://www.brisbane.qld.gov.au/parks-and-recreation,
SEQ-0107,Plan / route,Rocks Riverside Park,Playground + picnic,Park / Playground,Seventeen Mile Rocks,14,20-35 min,0-15km / quick local,Free,Morning,2-3h,"0-3, 3-6, adult",Yes,Maybe,Medium,4.5,3,A - easy repeat,Usually easy or paid nearby; verify for peak days,Usually available nearby; verify for bushwalk/beach,Rocks Riverside Park -> nearby cafe/park -> flexible early return,Recommended,https://www.brisbane.qld.gov.au/parks-and-recreation,
SEQ-0108,Plan / route,Rocks Riverside Park,After-nap outdoor reset,Park / Playground,Seventeen Mile Rocks,14,20-35 min,0-15km / quick local,Free,Afternoon,1-2h,"0-3, 3-6, adult",Yes,Maybe,Medium,4.5,3,A - easy repeat,Usually easy or paid nearby; verify for peak days,Usually available nearby; verify for bushwalk/beach,Rocks Riverside Park -> nearby cafe/park -> flexible early return,Recommended,https://www.brisbane.qld.gov.au/parks-and-recreation,
SEQ-0109,Plan / route,Rocks Riverside Park,BBQ with family,Park / Playground,Seventeen Mile Rocks,14,20-35 min,0-15km / quick local,$,Afternoon,3-4h,"0-3, 3-6, adult",Yes,No,Medium,4.5,3,A - easy repeat,Usually easy or paid nearby; verify for peak days,Usually available nearby; verify for bushwalk/beach,Rocks Riverside Park -> nearby cafe/park -> flexible early return,Recommended,https://www.brisbane.qld.gov.au/parks-and-recreation,
SEQ-0110,Plan / route,Kalinga Park,Playground + picnic,Park / Playground,Clayfield,8,20-35 min,0-15km / quick local,Free,Morning,2-3h,"0-3, 3-6, adult",Yes,Maybe,Medium,4.5,3,A - easy repeat,Usually easy or paid nearby; verify for peak days,Usually available nearby; verify for bushwalk/beach,Kalinga Park -> nearby cafe/park -> flexible early return,Recommended,https://www.brisbane.qld.gov.au/parks-and-recreation,
SEQ-0111,Plan / route,Kalinga Park,After-nap outdoor reset,Park / Playground,Clayfield,8,20-35 min,0-15km / quick local,Free,Afternoon,1-2h,"0-3, 3-6, adult",Yes,Maybe,Medium,4.5,3,A - easy repeat,Usually easy or paid nearby; verify for peak days,Usually available nearby; verify for bushwalk/beach,Kalinga Park -> nearby cafe/park -> flexible early return,Recommended,https://www.brisbane.qld.gov.au/parks-and-recreation,
SEQ-0112,Plan / route,Kalinga Park,BBQ with family,Park / Playground,Clayfield,8,20-35 min,0-15km / quick local,$,Afternoon,3-4h,"0-3, 3-6, adult",Yes,No,Medium,4.5,3,A - easy repeat,Usually easy or paid nearby; verify for peak days,Usually available nearby; verify for bushwalk/beach,Kalinga Park -> nearby cafe/park -> flexible early return,Recommended,https://www.brisbane.qld.gov.au/parks-and-recreation,
SEQ-0113,Plan / route,Kedron Brook Bikeway,Explore + easy meal,Bike / Walk,Kedron / Grange,8,20-35 min,0-15km / quick local,$-$$,Morning/Afternoon,2-3h,"3-6, adult",Maybe,Maybe,Medium,3,3,B - planned day,Usually easy or paid nearby; verify for peak days,Usually available nearby; verify for bushwalk/beach,Kedron Brook Bikeway -> nearby cafe/park -> flexible early return,Recommended,https://www.brisbane.qld.gov.au/parks-and-recreation,
SEQ-0114,Plan / route,Kedron Brook Bikeway,Short family reset,Bike / Walk,Kedron / Grange,8,20-35 min,0-15km / quick local,Free-$,Afternoon,1-2h,"3-6, adult",Yes,Maybe,Medium,3.5,3,B - planned day,Usually easy or paid nearby; verify for peak days,Usually available nearby; verify for bushwalk/beach,Kedron Brook Bikeway -> nearby cafe/park -> flexible early return,Recommended,https://www.brisbane.qld.gov.au/parks-and-recreation,
SEQ-0115,Plan / route,Kedron Brook Bikeway,Longer weekend day trip,Bike / Walk,Kedron / Grange,8,20-35 min,0-15km / quick local,$-$$,Morning,3-5h,"3-6, adult",Maybe,No,Medium,3,3,B - planned day,Usually easy or paid nearby; verify for peak days,Usually available nearby; verify for bushwalk/beach,Kedron Brook Bikeway -> nearby cafe/park -> flexible early return,Recommended,https://www.brisbane.qld.gov.au/parks-and-recreation,
SEQ-0116,Plan / route,7th Brigade Park,Playground + picnic,Park / Playground,Chermside,11,20-35 min,0-15km / quick local,Free,Morning,2-3h,"0-3, 3-6, adult",Yes,Maybe,Medium,4.5,3,A - easy repeat,Usually easy or paid nearby; verify for peak days,Usually available nearby; verify for bushwalk/beach,7th Brigade Park -> nearby cafe/park -> flexible early return,Recommended,https://www.brisbane.qld.gov.au/parks-and-recreation,
SEQ-0117,Plan / route,7th Brigade Park,After-nap outdoor reset,Park / Playground,Chermside,11,20-35 min,0-15km / quick local,Free,Afternoon,1-2h,"0-3, 3-6, adult",Yes,Maybe,Medium,4.5,3,A - easy repeat,Usually easy or paid nearby; verify for peak days,Usually available nearby; verify for bushwalk/beach,7th Brigade Park -> nearby cafe/park -> flexible early return,Recommended,https://www.brisbane.qld.gov.au/parks-and-recreation,
SEQ-0118,Plan / route,7th Brigade Park,BBQ with family,Park / Playground,Chermside,11,20-35 min,0-15km / quick local,$,Afternoon,3-4h,"0-3, 3-6, adult",Yes,No,Medium,4.5,3,A - easy repeat,Usually easy or paid nearby; verify for peak days,Usually available nearby; verify for bushwalk/beach,7th Brigade Park -> nearby cafe/park -> flexible early return,Recommended,https://www.brisbane.qld.gov.au/parks-and-recreation,
SEQ-0119,Plan / route,Boondall Wetlands,Birdwatching + boardwalk,Wetland / Wildlife,Boondall,18,30-50 min,15-30km / easy half-day,Free,Morning,1-2h,"0-3, 3-6, adult",Maybe,No,Medium,4,3,A - easy repeat,Usually easy or paid nearby; verify for peak days,Usually available nearby; verify for bushwalk/beach,Boondall Wetlands -> nearby cafe/park -> flexible early return,Recommended,https://www.brisbane.qld.gov.au/parks-and-recreation,
SEQ-0120,Plan / route,Boondall Wetlands,Nature photography walk,Wetland / Wildlife,Boondall,18,30-50 min,15-30km / easy half-day,Free,Afternoon,1-2h,"0-3, 3-6, adult",Maybe,No,Medium,4,3,A - easy repeat,Usually easy or paid nearby; verify for peak days,Usually available nearby; verify for bushwalk/beach,Boondall Wetlands -> nearby cafe/park -> flexible early return,Recommended,https://www.brisbane.qld.gov.au/parks-and-recreation,
SEQ-0121,Plan / route,Nudgee Beach Reserve,Beach breeze + wetland walk,Beach / Wetland,Nudgee Beach,18,30-50 min,15-30km / easy half-day,Free,Morning/Afternoon,2h,"0-3, 3-6, adult",Maybe,No,High,4,4,A - easy repeat,Usually easy or paid nearby; verify for peak days,Usually available nearby; verify for bushwalk/beach,Nudgee Beach Reserve -> nearby cafe/park -> flexible early return,Recommended,https://www.brisbane.qld.gov.au/parks-and-recreation,
SEQ-0122,Plan / route,Nudgee Beach Reserve,Low-cost coastal reset,Beach / Wetland,Nudgee Beach,18,30-50 min,15-30km / easy half-day,Free,Afternoon,1-2h,"0-3, 3-6, adult",Yes,No,High,4.5,4,A - easy repeat,Usually easy or paid nearby; verify for peak days,Usually available nearby; verify for bushwalk/beach,Nudgee Beach Reserve -> nearby cafe/park -> flexible early return,Recommended,https://www.brisbane.qld.gov.au/parks-and-recreation,
SEQ-0123,Plan / route,Minnippi Parklands,Lake loop + playground,Park / Lake,Carina,12,20-35 min,0-15km / quick local,Free,Morning,2h,"0-3, 3-6, adult",Yes,Maybe,Medium,3.5,3,B - planned day,Usually easy or paid nearby; verify for peak days,Usually available nearby; verify for bushwalk/beach,Minnippi Parklands -> nearby cafe/park -> flexible early return,Recommended,https://www.brisbane.qld.gov.au/parks-and-recreation,
SEQ-0124,Plan / route,Minnippi Parklands,Picnic by water,Park / Lake,Carina,12,20-35 min,0-15km / quick local,Free-$,Afternoon,2-3h,"0-3, 3-6, adult",Yes,No,Medium,3.5,3,B - planned day,Usually easy or paid nearby; verify for peak days,Usually available nearby; verify for bushwalk/beach,Minnippi Parklands -> nearby cafe/park -> flexible early return,Recommended,https://www.brisbane.qld.gov.au/parks-and-recreation,
SEQ-0125,Plan / route,Whites Hill Reserve,Easy nature walk,Bushland,Camp Hill,9,20-35 min,0-15km / quick local,Free,Morning,1-2h,"3-6, adult",Maybe,No,Medium,3,3,B - planned day,Usually easy or paid nearby; verify for peak days,Usually available nearby; verify for bushwalk/beach,Whites Hill Reserve -> nearby cafe/park -> flexible early return,Recommended,https://www.brisbane.qld.gov.au/parks-and-recreation,
SEQ-0126,Plan / route,Whites Hill Reserve,Quiet adult de-stress walk,Bushland,Camp Hill,9,20-35 min,0-15km / quick local,Free,Morning,1h,"3-6, adult",No,No,Medium,3,3,B - planned day,Usually easy or paid nearby; verify for peak days,Usually available nearby; verify for bushwalk/beach,Whites Hill Reserve -> nearby cafe/park -> flexible early return,Recommended,https://www.brisbane.qld.gov.au/parks-and-recreation,
SEQ-0127,Plan / route,Toohey Forest,Easy nature walk,Bushland,Nathan,12,20-35 min,0-15km / quick local,Free,Morning,1-2h,"3-6, adult",Maybe,No,Medium,3,3,B - planned day,Usually easy or paid nearby; verify for peak days,Usually available nearby; verify for bushwalk/beach,Toohey Forest -> nearby cafe/park -> flexible early return,Recommended,https://www.brisbane.qld.gov.au/parks-and-recreation,
SEQ-0128,Plan / route,Toohey Forest,Quiet adult de-stress walk,Bushland,Nathan,12,20-35 min,0-15km / quick local,Free,Morning,1h,"3-6, adult",No,No,Medium,3,3,B - planned day,Usually easy or paid nearby; verify for peak days,Usually available nearby; verify for bushwalk/beach,Toohey Forest -> nearby cafe/park -> flexible early return,Recommended,https://www.brisbane.qld.gov.au/parks-and-recreation,
SEQ-0129,Plan / route,Karawatha Forest Discovery Centre,Nature centre + short walk,Bushland / Education,Karawatha,22,30-50 min,15-30km / easy half-day,Free,Morning,2h,"3-6, adult",Yes,Maybe,Medium,3.5,3,B - planned day,Usually easy or paid nearby; verify for peak days,Usually available nearby; verify for bushwalk/beach,Karawatha Forest Discovery Centre -> nearby cafe/park -> flexible early return,Recommended,https://www.brisbane.qld.gov.au/parks-and-recreation,
SEQ-0130,Plan / route,Karawatha Forest Discovery Centre,Kids wildlife learning stop,Bushland / Education,Karawatha,22,30-50 min,15-30km / easy half-day,Free,Morning,1-2h,"3-6, adult",Yes,Maybe,Medium,3.5,3,B - planned day,Usually easy or paid nearby; verify for peak days,Usually available nearby; verify for bushwalk/beach,Karawatha Forest Discovery Centre -> nearby cafe/park -> flexible early return,Recommended,https://www.brisbane.qld.gov.au/parks-and-recreation,
SEQ-0131,Plan / route,Oxley Creek Common,Birding boardwalk,Wetland / Birding,Rocklea,12,20-35 min,0-15km / quick local,Free,Morning,1-2h,"3-6, adult",Maybe,No,Medium,3,3,B - planned day,Usually easy or paid nearby; verify for peak days,Usually available nearby; verify for bushwalk/beach,Oxley Creek Common -> nearby cafe/park -> flexible early return,Recommended,https://www.brisbane.qld.gov.au/parks-and-recreation,
SEQ-0132,Plan / route,Oxley Creek Common,Stroller-friendly if paths dry,Wetland / Birding,Rocklea,12,20-35 min,0-15km / quick local,Free,Afternoon,1h,"3-6, adult",Maybe,No,Medium,3,3,B - planned day,Usually easy or paid nearby; verify for peak days,Usually available nearby; verify for bushwalk/beach,Oxley Creek Common -> nearby cafe/park -> flexible early return,Recommended,https://www.brisbane.qld.gov.au/parks-and-recreation,
SEQ-0133,Plan / route,Archerfield Wetlands,Explore + easy meal,Wetland / Park,Archerfield,13,20-35 min,0-15km / quick local,$-$$,Morning/Afternoon,2-3h,"0-3, 3-6, adult",Maybe,Maybe,Medium,3,3,B - planned day,Usually easy or paid nearby; verify for peak days,Usually available nearby; verify for bushwalk/beach,Archerfield Wetlands -> nearby cafe/park -> flexible early return,Recommended,https://www.brisbane.qld.gov.au/parks-and-recreation,
SEQ-0134,Plan / route,Archerfield Wetlands,Short family reset,Wetland / Park,Archerfield,13,20-35 min,0-15km / quick local,Free-$,Afternoon,1-2h,"0-3, 3-6, adult",Yes,Maybe,Medium,3.5,3,B - planned day,Usually easy or paid nearby; verify for peak days,Usually available nearby; verify for bushwalk/beach,Archerfield Wetlands -> nearby cafe/park -> flexible early return,Recommended,https://www.brisbane.qld.gov.au/parks-and-recreation,
SEQ-0135,Plan / route,Archerfield Wetlands,Longer weekend day trip,Wetland / Park,Archerfield,13,20-35 min,0-15km / quick local,$-$$,Morning,3-5h,"0-3, 3-6, adult",Maybe,No,Medium,3,3,B - planned day,Usually easy or paid nearby; verify for peak days,Usually available nearby; verify for bushwalk/beach,Archerfield Wetlands -> nearby cafe/park -> flexible early return,Recommended,https://www.brisbane.qld.gov.au/parks-and-recreation,
SEQ-0136,Plan / route,Teralba Park,Playground + picnic,Park / Playground,Everton Park,9,20-35 min,0-15km / quick local,Free,Morning,2-3h,"0-3, 3-6, adult",Yes,Maybe,Medium,4.5,3,A - easy repeat,Usually easy or paid nearby; verify for peak days,Usually available nearby; verify for bushwalk/beach,Teralba Park -> nearby cafe/park -> flexible early return,Recommended,https://www.brisbane.qld.gov.au/parks-and-recreation,
SEQ-0137,Plan / route,Teralba Park,After-nap outdoor reset,Park / Playground,Everton Park,9,20-35 min,0-15km / quick local,Free,Afternoon,1-2h,"0-3, 3-6, adult",Yes,Maybe,Medium,4.5,3,A - easy repeat,Usually easy or paid nearby; verify for peak days,Usually available nearby; verify for bushwalk/beach,Teralba Park -> nearby cafe/park -> flexible early return,Recommended,https://www.brisbane.qld.gov.au/parks-and-recreation,
SEQ-0138,Plan / route,Teralba Park,BBQ with family,Park / Playground,Everton Park,9,20-35 min,0-15km / quick local,$,Afternoon,3-4h,"0-3, 3-6, adult",Yes,No,Medium,4.5,3,A - easy repeat,Usually easy or paid nearby; verify for peak days,Usually available nearby; verify for bushwalk/beach,Teralba Park -> nearby cafe/park -> flexible early return,Recommended,https://www.brisbane.qld.gov.au/parks-and-recreation,
SEQ-0139,Plan / route,Keperra Bushland,Short family-friendly walk,Bushwalk,Keperra,11,20-35 min,0-15km / quick local,Free,Morning,1-2h,"3-6+, adult",Maybe,No,Medium,3,3,B - planned day,Usually easy or paid nearby; verify for peak days,Usually available nearby; verify for bushwalk/beach,Keperra Bushland -> nearby cafe/park -> flexible early return,Recommended,https://www.brisbane.qld.gov.au/parks-and-recreation,
SEQ-0140,Plan / route,Keperra Bushland,Adult quiet walk,Bushwalk,Keperra,11,20-35 min,0-15km / quick local,Free,Morning,2h,"3-6+, adult",No,No,Medium,3,3,B - planned day,Usually easy or paid nearby; verify for peak days,Usually available nearby; verify for bushwalk/beach,Keperra Bushland -> nearby cafe/park -> flexible early return,Recommended,https://www.brisbane.qld.gov.au/parks-and-recreation,
SEQ-0141,Plan / route,Downfall Creek Bushland Centre,Discovery centre visit,Nature Education,Chermside West,13,20-35 min,0-15km / quick local,Free-$,Morning,1-2h,"3-6, adult",Yes,Maybe,Medium,3.5,3,B - planned day,Usually easy or paid nearby; verify for peak days,Usually available nearby; verify for bushwalk/beach,Downfall Creek Bushland Centre -> nearby cafe/park -> flexible early return,Recommended,https://www.brisbane.qld.gov.au/parks-and-recreation,
SEQ-0142,Plan / route,Downfall Creek Bushland Centre,Nature learning + picnic,Nature Education,Chermside West,13,20-35 min,0-15km / quick local,Free-$,Morning,2-3h,"3-6, adult",Yes,Maybe,Medium,3.5,3,B - planned day,Usually easy or paid nearby; verify for peak days,Usually available nearby; verify for bushwalk/beach,Downfall Creek Bushland Centre -> nearby cafe/park -> flexible early return,Recommended,https://www.brisbane.qld.gov.au/parks-and-recreation,
SEQ-0143,Plan / route,Bunyaville Conservation Park,Easy nature walk,Bushland,Bunya,18,30-50 min,15-30km / easy half-day,Free,Morning,1-2h,"3-6, adult",Maybe,No,Medium,3,3,B - planned day,Usually easy or paid nearby; verify for peak days,Usually available nearby; verify for bushwalk/beach,Bunyaville Conservation Park -> nearby cafe/park -> flexible early return,Recommended,https://parks.desi.qld.gov.au/parks,
SEQ-0144,Plan / route,Bunyaville Conservation Park,Quiet adult de-stress walk,Bushland,Bunya,18,30-50 min,15-30km / easy half-day,Free,Morning,1h,"3-6, adult",No,No,Medium,3,3,B - planned day,Usually easy or paid nearby; verify for peak days,Usually available nearby; verify for bushwalk/beach,Bunyaville Conservation Park -> nearby cafe/park -> flexible early return,Recommended,https://parks.desi.qld.gov.au/parks,
SEQ-0145,Plan / route,Walkabout Creek Discovery Centre,Wildlife centre + reservoir walk,Nature / Wildlife,The Gap,14,20-35 min,0-15km / quick local,$,Morning,2-3h,"0-3, 3-6, adult",Yes,Maybe,Medium,4.5,3,A - easy repeat,Usually easy or paid nearby; verify for peak days,Usually available nearby; verify for bushwalk/beach,Walkabout Creek Discovery Centre -> nearby cafe/park -> flexible early return,Recommended,https://parks.desi.qld.gov.au/parks,
SEQ-0146,Plan / route,Walkabout Creek Discovery Centre,Nature picnic day,Nature / Wildlife,The Gap,14,20-35 min,0-15km / quick local,$,Morning/Afternoon,3h,"0-3, 3-6, adult",Yes,No,Medium,4.5,3,A - easy repeat,Usually easy or paid nearby; verify for peak days,Usually available nearby; verify for bushwalk/beach,Walkabout Creek Discovery Centre -> nearby cafe/park -> flexible early return,Recommended,https://parks.desi.qld.gov.au/parks,
SEQ-0147,Plan / route,Enoggera Reservoir,Lake picnic + scenic stop,Lake / Picnic,The Gap,14,20-35 min,0-15km / quick local,Free-$,Morning/Afternoon,2-4h,"3-6, adult",Maybe,No,Medium,3,3,B - planned day,Usually easy or paid nearby; verify for peak days,Usually available nearby; verify for bushwalk/beach,Enoggera Reservoir -> nearby cafe/park -> flexible early return,Recommended,https://parks.desi.qld.gov.au/parks,
SEQ-0148,Plan / route,Enoggera Reservoir,Quiet water-view reset,Lake / Picnic,The Gap,14,20-35 min,0-15km / quick local,Free,Afternoon,1-2h,"3-6, adult",Maybe,No,Medium,3,3,B - planned day,Usually easy or paid nearby; verify for peak days,Usually available nearby; verify for bushwalk/beach,Enoggera Reservoir -> nearby cafe/park -> flexible early return,Recommended,https://parks.desi.qld.gov.au/parks,
SEQ-0149,Plan / route,Daisy Hill Conservation Park,Koala centre + bushwalk,Koala / Bushland,Daisy Hill,29,30-50 min,15-30km / easy half-day,Free,Morning,2-3h,"3-6, adult",Yes,Maybe,Medium,3.5,3,B - planned day,Usually easy or paid nearby; verify for peak days,Usually available nearby; verify for bushwalk/beach,Daisy Hill Conservation Park -> nearby cafe/park -> flexible early return,Recommended,https://parks.desi.qld.gov.au/parks,
SEQ-0150,Plan / route,Daisy Hill Conservation Park,Wildlife learning day,Koala / Bushland,Daisy Hill,29,30-50 min,15-30km / easy half-day,Free,Morning,2h,"3-6, adult",Yes,Maybe,Medium,3.5,3,B - planned day,Usually easy or paid nearby; verify for peak days,Usually available nearby; verify for bushwalk/beach,Daisy Hill Conservation Park -> nearby cafe/park -> flexible early return,Recommended,https://parks.desi.qld.gov.au/parks,
SEQ-0151,Plan / route,Daisy Hill Koala Centre,Free wildlife visit,Wildlife / Free,Daisy Hill,29,30-50 min,15-30km / easy half-day,Free,Morning,1-2h,"0-3, 3-6, adult",Yes,Maybe,Medium,4.5,3,A - easy repeat,Usually easy or paid nearby; verify for peak days,Usually available nearby; verify for bushwalk/beach,Daisy Hill Koala Centre -> nearby cafe/park -> flexible early return,Recommended,https://parks.desi.qld.gov.au/parks,
SEQ-0152,Plan / route,Underwood Park,Playground + picnic,Park / Playground,Priestdale,23,30-50 min,15-30km / easy half-day,Free,Morning,2-3h,"0-3, 3-6, adult",Yes,Maybe,Medium,4.5,3,A - easy repeat,Usually easy or paid nearby; verify for peak days,Usually available nearby; verify for bushwalk/beach,Underwood Park -> nearby cafe/park -> flexible early return,Recommended,https://www.brisbane.qld.gov.au/parks-and-recreation,
SEQ-0153,Plan / route,Underwood Park,After-nap outdoor reset,Park / Playground,Priestdale,23,30-50 min,15-30km / easy half-day,Free,Afternoon,1-2h,"0-3, 3-6, adult",Yes,Maybe,Medium,4.5,3,A - easy repeat,Usually easy or paid nearby; verify for peak days,Usually available nearby; verify for bushwalk/beach,Underwood Park -> nearby cafe/park -> flexible early return,Recommended,https://www.brisbane.qld.gov.au/parks-and-recreation,
SEQ-0154,Plan / route,Underwood Park,BBQ with family,Park / Playground,Priestdale,23,30-50 min,15-30km / easy half-day,$,Afternoon,3-4h,"0-3, 3-6, adult",Yes,No,Medium,4.5,3,A - easy repeat,Usually easy or paid nearby; verify for peak days,Usually available nearby; verify for bushwalk/beach,Underwood Park -> nearby cafe/park -> flexible early return,Recommended,https://www.brisbane.qld.gov.au/parks-and-recreation,
SEQ-0155,Plan / route,Wishart Community Park,Playground + picnic,Park / Playground,Wishart,15,20-35 min,0-15km / quick local,Free,Morning,2-3h,"0-3, 3-6, adult",Yes,Maybe,Medium,4.5,3,A - easy repeat,Usually easy or paid nearby; verify for peak days,Usually available nearby; verify for bushwalk/beach,Wishart Community Park -> nearby cafe/park -> flexible early return,Recommended,https://www.brisbane.qld.gov.au/parks-and-recreation,
SEQ-0156,Plan / route,Wishart Community Park,After-nap outdoor reset,Park / Playground,Wishart,15,20-35 min,0-15km / quick local,Free,Afternoon,1-2h,"0-3, 3-6, adult",Yes,Maybe,Medium,4.5,3,A - easy repeat,Usually easy or paid nearby; verify for peak days,Usually available nearby; verify for bushwalk/beach,Wishart Community Park -> nearby cafe/park -> flexible early return,Recommended,https://www.brisbane.qld.gov.au/parks-and-recreation,
SEQ-0157,Plan / route,Wishart Community Park,BBQ with family,Park / Playground,Wishart,15,20-35 min,0-15km / quick local,$,Afternoon,3-4h,"0-3, 3-6, adult",Yes,No,Medium,4.5,3,A - easy repeat,Usually easy or paid nearby; verify for peak days,Usually available nearby; verify for bushwalk/beach,Wishart Community Park -> nearby cafe/park -> flexible early return,Recommended,https://www.brisbane.qld.gov.au/parks-and-recreation,
SEQ-0158,Plan / route,Calamvale District Park,Playground + picnic,Park / Playground,Calamvale,20,30-50 min,15-30km / easy half-day,Free,Morning,2-3h,"0-3, 3-6, adult",Yes,Maybe,Medium,4.5,3,A - easy repeat,Usually easy or paid nearby; verify for peak days,Usually available nearby; verify for bushwalk/beach,Calamvale District Park -> nearby cafe/park -> flexible early return,Recommended,https://www.brisbane.qld.gov.au/parks-and-recreation,
SEQ-0159,Plan / route,Calamvale District Park,After-nap outdoor reset,Park / Playground,Calamvale,20,30-50 min,15-30km / easy half-day,Free,Afternoon,1-2h,"0-3, 3-6, adult",Yes,Maybe,Medium,4.5,3,A - easy repeat,Usually easy or paid nearby; verify for peak days,Usually available nearby; verify for bushwalk/beach,Calamvale District Park -> nearby cafe/park -> flexible early return,Recommended,https://www.brisbane.qld.gov.au/parks-and-recreation,
SEQ-0160,Plan / route,Calamvale District Park,BBQ with family,Park / Playground,Calamvale,20,30-50 min,15-30km / easy half-day,$,Afternoon,3-4h,"0-3, 3-6, adult",Yes,No,Medium,4.5,3,A - easy repeat,Usually easy or paid nearby; verify for peak days,Usually available nearby; verify for bushwalk/beach,Calamvale District Park -> nearby cafe/park -> flexible early return,Recommended,https://www.brisbane.qld.gov.au/parks-and-recreation,
SEQ-0161,Plan / route,Robelle Domain,Explore + easy meal,Park / Water Play,Springfield Central,30,30-50 min,15-30km / easy half-day,$-$$,Morning/Afternoon,2-3h,"0-3, 3-6, adult",Maybe,Maybe,Medium,4,3,A - easy repeat,Usually easy or paid nearby; verify for peak days,Usually available nearby; verify for bushwalk/beach,Robelle Domain -> nearby cafe/park -> flexible early return,Recommended,https://www.discoveripswich.com.au/,
SEQ-0162,Plan / route,Robelle Domain,Short family reset,Park / Water Play,Springfield Central,30,30-50 min,15-30km / easy half-day,Free-$,Afternoon,1-2h,"0-3, 3-6, adult",Yes,Maybe,Medium,4.5,3,A - easy repeat,Usually easy or paid nearby; verify for peak days,Usually available nearby; verify for bushwalk/beach,Robelle Domain -> nearby cafe/park -> flexible early return,Recommended,https://www.discoveripswich.com.au/,
SEQ-0163,Plan / route,Robelle Domain,Longer weekend day trip,Park / Water Play,Springfield Central,30,30-50 min,15-30km / easy half-day,$-$$,Morning,3-5h,"0-3, 3-6, adult",Maybe,No,Medium,4,3,A - easy repeat,Usually easy or paid nearby; verify for peak days,Usually available nearby; verify for bushwalk/beach,Robelle Domain -> nearby cafe/park -> flexible early return,Recommended,https://www.discoveripswich.com.au/,
SEQ-0164,Plan / route,Orion Lagoon,Water play + picnic,Water Play,Springfield Central,30,30-50 min,15-30km / easy half-day,Free-$,Morning,2-3h,"0-3, 3-6, adult",Yes,No,Medium,4.5,3,A - easy repeat,Usually easy or paid nearby; verify for peak days,Usually available nearby; verify for bushwalk/beach,Orion Lagoon -> nearby cafe/park -> flexible early return,Recommended,https://www.discoveripswich.com.au/,
SEQ-0165,Plan / route,Orion Lagoon,Hot day toddler splash,Water Play,Springfield Central,30,30-50 min,15-30km / easy half-day,Free,Morning,1-2h,"0-3, 3-6, adult",Yes,No,Medium,4.5,3,A - easy repeat,Usually easy or paid nearby; verify for peak days,Usually available nearby; verify for bushwalk/beach,Orion Lagoon -> nearby cafe/park -> flexible early return,Recommended,https://www.discoveripswich.com.au/,
SEQ-0166,Plan / route,Orion Lagoon,Family swim + easy lunch,Water Play,Springfield Central,30,30-50 min,15-30km / easy half-day,$,Morning/Afternoon,3h,"0-3, 3-6, adult",Yes,No,Medium,4.5,3,A - easy repeat,Usually easy or paid nearby; verify for peak days,Usually available nearby; verify for bushwalk/beach,Orion Lagoon -> nearby cafe/park -> flexible early return,Recommended,https://www.discoveripswich.com.au/,
SEQ-0167,Plan / route,Kholo Gardens,Garden picnic,Garden / Picnic,Ipswich,28,30-50 min,15-30km / easy half-day,Free-$,Morning,2h,"0-3, 3-6, adult",Yes,Maybe,High,3.5,4,A - easy repeat,Usually easy or paid nearby; verify for peak days,Usually available nearby; verify for bushwalk/beach,Queens Park -> Ipswich Nature Centre -> Ipswich Art Gallery/rail museum,Recommended,https://www.discoveripswich.com.au/,
SEQ-0168,Plan / route,Kholo Gardens,Slow family garden walk,Garden / Picnic,Ipswich,28,30-50 min,15-30km / easy half-day,Free,Afternoon,1-2h,"0-3, 3-6, adult",Yes,Maybe,High,3.5,4,A - easy repeat,Usually easy or paid nearby; verify for peak days,Usually available nearby; verify for bushwalk/beach,Queens Park -> Ipswich Nature Centre -> Ipswich Art Gallery/rail museum,Recommended,https://www.discoveripswich.com.au/,
SEQ-0169,Plan / route,Colleges Crossing Recreation Reserve,River picnic,River / Picnic,Chuwar,32,45-70 min,30-60km / half-day to day,Free-$,Morning/Afternoon,2-3h,"3-6, adult",Yes,No,High,3.5,4,B - planned day,Usually easy or paid nearby; verify for peak days,Usually available nearby; verify for bushwalk/beach,Colleges Crossing Recreation Reserve -> nearby cafe/park -> flexible early return,Recommended,https://www.discoveripswich.com.au/,
SEQ-0170,Plan / route,Colleges Crossing Recreation Reserve,Short scenic drive + lawn time,River / Picnic,Chuwar,32,45-70 min,30-60km / half-day to day,Free,Afternoon,2h,"3-6, adult",Yes,No,High,3.5,4,B - planned day,Usually easy or paid nearby; verify for peak days,Usually available nearby; verify for bushwalk/beach,Colleges Crossing Recreation Reserve -> nearby cafe/park -> flexible early return,Recommended,https://www.discoveripswich.com.au/,
SEQ-0171,Plan / route,Queens Park Ipswich,Explore + easy meal,Park / Zoo,Ipswich,40,45-70 min,30-60km / half-day to day,$-$$,Morning/Afternoon,2-3h,"0-3, 3-6, adult",Maybe,Maybe,Medium,4,3,B - planned day,Usually easy or paid nearby; verify for peak days,Usually available nearby; verify for bushwalk/beach,Queens Park -> Ipswich Nature Centre -> Ipswich Art Gallery/rail museum,Recommended,https://www.discoveripswich.com.au/,
SEQ-0172,Plan / route,Queens Park Ipswich,Short family reset,Park / Zoo,Ipswich,40,45-70 min,30-60km / half-day to day,Free-$,Afternoon,1-2h,"0-3, 3-6, adult",Yes,Maybe,Medium,4.5,3,B - planned day,Usually easy or paid nearby; verify for peak days,Usually available nearby; verify for bushwalk/beach,Queens Park -> Ipswich Nature Centre -> Ipswich Art Gallery/rail museum,Recommended,https://www.discoveripswich.com.au/,
SEQ-0173,Plan / route,Queens Park Ipswich,Longer weekend day trip,Park / Zoo,Ipswich,40,45-70 min,30-60km / half-day to day,$-$$,Morning,3-5h,"0-3, 3-6, adult",Maybe,No,Medium,4,3,B - planned day,Usually easy or paid nearby; verify for peak days,Usually available nearby; verify for bushwalk/beach,Queens Park -> Ipswich Nature Centre -> Ipswich Art Gallery/rail museum,Recommended,https://www.discoveripswich.com.au/,
SEQ-0174,Plan / route,Ipswich Nature Centre,Free wildlife visit,Wildlife / Free,Ipswich,40,45-70 min,30-60km / half-day to day,Free,Morning,1-2h,"0-3, 3-6, adult",Yes,Maybe,Medium,4.5,3,B - planned day,Usually easy or paid nearby; verify for peak days,Usually available nearby; verify for bushwalk/beach,Queens Park -> Ipswich Nature Centre -> Ipswich Art Gallery/rail museum,Recommended,https://www.discoveripswich.com.au/,
SEQ-0175,Plan / route,Denmark Hill Conservation Reserve,Short family-friendly walk,Bushwalk,Ipswich,40,45-70 min,30-60km / half-day to day,Free,Morning,1-2h,"3-6+, adult",Maybe,No,Medium,3,3,B - planned day,Usually easy or paid nearby; verify for peak days,Usually available nearby; verify for bushwalk/beach,Queens Park -> Ipswich Nature Centre -> Ipswich Art Gallery/rail museum,Recommended,https://www.discoveripswich.com.au/,
SEQ-0176,Plan / route,Denmark Hill Conservation Reserve,Adult quiet walk,Bushwalk,Ipswich,40,45-70 min,30-60km / half-day to day,Free,Morning,2h,"3-6+, adult",No,No,Medium,3,3,B - planned day,Usually easy or paid nearby; verify for peak days,Usually available nearby; verify for bushwalk/beach,Queens Park -> Ipswich Nature Centre -> Ipswich Art Gallery/rail museum,Recommended,https://www.discoveripswich.com.au/,
SEQ-0177,Plan / route,Nerima Gardens,Quiet garden walk,Japanese Garden,Ipswich,40,45-70 min,30-60km / half-day to day,Free,Morning/Afternoon,1h,"0-3, 3-6, adult",Yes,Maybe,High,3.5,4,B - planned day,Usually easy or paid nearby; verify for peak days,Usually available nearby; verify for bushwalk/beach,Queens Park -> Ipswich Nature Centre -> Ipswich Art Gallery/rail museum,Recommended,https://www.discoveripswich.com.au/,
SEQ-0178,Plan / route,Nerima Gardens,Photos + cafe nearby,Japanese Garden,Ipswich,40,45-70 min,30-60km / half-day to day,$,Afternoon,1-2h,"0-3, 3-6, adult",Yes,Maybe,High,3.5,4,B - planned day,Usually easy or paid nearby; verify for peak days,Usually available nearby; verify for bushwalk/beach,Queens Park -> Ipswich Nature Centre -> Ipswich Art Gallery/rail museum,Recommended,https://www.discoveripswich.com.au/,
SEQ-0179,Plan / route,Eagleby Wetlands,Birding boardwalk,Wetland / Birding,Eagleby,36,45-70 min,30-60km / half-day to day,Free,Morning,1-2h,"3-6, adult",Maybe,No,Medium,3,3,B - planned day,Usually easy or paid nearby; verify for peak days,Usually available nearby; verify for bushwalk/beach,Eagleby Wetlands -> nearby cafe/park -> flexible early return,Recommended,https://www.logan.qld.gov.au/,
SEQ-0180,Plan / route,Eagleby Wetlands,Stroller-friendly if paths dry,Wetland / Birding,Eagleby,36,45-70 min,30-60km / half-day to day,Free,Afternoon,1h,"3-6, adult",Maybe,No,Medium,3,3,B - planned day,Usually easy or paid nearby; verify for peak days,Usually available nearby; verify for bushwalk/beach,Eagleby Wetlands -> nearby cafe/park -> flexible early return,Recommended,https://www.logan.qld.gov.au/,
SEQ-0181,Plan / route,Berrinba Wetlands,Explore + easy meal,Wetland / Walk,Berrinba,27,30-50 min,15-30km / easy half-day,$-$$,Morning/Afternoon,2-3h,"3-6, adult",Maybe,Maybe,Medium,3,3,B - planned day,Usually easy or paid nearby; verify for peak days,Usually available nearby; verify for bushwalk/beach,Berrinba Wetlands -> nearby cafe/park -> flexible early return,Recommended,https://www.logan.qld.gov.au/,
SEQ-0182,Plan / route,Berrinba Wetlands,Short family reset,Wetland / Walk,Berrinba,27,30-50 min,15-30km / easy half-day,Free-$,Afternoon,1-2h,"3-6, adult",Yes,Maybe,Medium,3.5,3,B - planned day,Usually easy or paid nearby; verify for peak days,Usually available nearby; verify for bushwalk/beach,Berrinba Wetlands -> nearby cafe/park -> flexible early return,Recommended,https://www.logan.qld.gov.au/,
SEQ-0183,Plan / route,Berrinba Wetlands,Longer weekend day trip,Wetland / Walk,Berrinba,27,30-50 min,15-30km / easy half-day,$-$$,Morning,3-5h,"3-6, adult",Maybe,No,Medium,3,3,B - planned day,Usually easy or paid nearby; verify for peak days,Usually available nearby; verify for bushwalk/beach,Berrinba Wetlands -> nearby cafe/park -> flexible early return,Recommended,https://www.logan.qld.gov.au/,
SEQ-0184,Plan / route,Logan Gardens,Explore + easy meal,Park / Water Play,Logan Central,26,30-50 min,15-30km / easy half-day,$-$$,Morning/Afternoon,2-3h,"0-3, 3-6, adult",Maybe,Maybe,Medium,4,3,A - easy repeat,Usually easy or paid nearby; verify for peak days,Usually available nearby; verify for bushwalk/beach,Logan Gardens -> nearby cafe/park -> flexible early return,Recommended,https://www.logan.qld.gov.au/,
SEQ-0185,Plan / route,Logan Gardens,Short family reset,Park / Water Play,Logan Central,26,30-50 min,15-30km / easy half-day,Free-$,Afternoon,1-2h,"0-3, 3-6, adult",Yes,Maybe,Medium,4.5,3,A - easy repeat,Usually easy or paid nearby; verify for peak days,Usually available nearby; verify for bushwalk/beach,Logan Gardens -> nearby cafe/park -> flexible early return,Recommended,https://www.logan.qld.gov.au/,
SEQ-0186,Plan / route,Logan Gardens,Longer weekend day trip,Park / Water Play,Logan Central,26,30-50 min,15-30km / easy half-day,$-$$,Morning,3-5h,"0-3, 3-6, adult",Maybe,No,Medium,4,3,A - easy repeat,Usually easy or paid nearby; verify for peak days,Usually available nearby; verify for bushwalk/beach,Logan Gardens -> nearby cafe/park -> flexible early return,Recommended,https://www.logan.qld.gov.au/,
SEQ-0187,Plan / route,Alexander Clark Park,Explore + easy meal,Park / River,Loganholme,29,30-50 min,15-30km / easy half-day,$-$$,Morning/Afternoon,2-3h,"0-3, 3-6, adult",Maybe,Maybe,High,3,4,A - easy repeat,Usually easy or paid nearby; verify for peak days,Usually available nearby; verify for bushwalk/beach,Alexander Clark Park -> nearby cafe/park -> flexible early return,Recommended,https://www.logan.qld.gov.au/,
SEQ-0188,Plan / route,Alexander Clark Park,Short family reset,Park / River,Loganholme,29,30-50 min,15-30km / easy half-day,Free-$,Afternoon,1-2h,"0-3, 3-6, adult",Yes,Maybe,High,3.5,4,A - easy repeat,Usually easy or paid nearby; verify for peak days,Usually available nearby; verify for bushwalk/beach,Alexander Clark Park -> nearby cafe/park -> flexible early return,Recommended,https://www.logan.qld.gov.au/,
SEQ-0189,Plan / route,Alexander Clark Park,Longer weekend day trip,Park / River,Loganholme,29,30-50 min,15-30km / easy half-day,$-$$,Morning,3-5h,"0-3, 3-6, adult",Maybe,No,High,3,4,A - easy repeat,Usually easy or paid nearby; verify for peak days,Usually available nearby; verify for bushwalk/beach,Alexander Clark Park -> nearby cafe/park -> flexible early return,Recommended,https://www.logan.qld.gov.au/,
SEQ-0190,Plan / route,Mayes Cottage,Heritage house visit,Heritage,Kingston,24,30-50 min,15-30km / easy half-day,$,Open hours,1-2h,"3-6, adult",Maybe,Maybe,Medium,3,3,B - planned day,Usually easy or paid nearby; verify for peak days,Usually available nearby; verify for bushwalk/beach,Mayes Cottage -> nearby cafe/park -> flexible early return,Recommended,https://www.logan.qld.gov.au/,
SEQ-0191,Plan / route,Redland Bay Foreshore,Foreshore picnic,Coast / Picnic,Redland Bay,45,45-70 min,30-60km / half-day to day,Free-$,Afternoon,2-3h,"3-6, adult",Yes,No,High,3.5,4,B - planned day,Usually easy or paid nearby; verify for peak days,Usually available nearby; verify for bushwalk/beach,Redland Bay Foreshore -> nearby cafe/park -> flexible early return,Recommended,https://www.visitredlandscoast.com.au/,
SEQ-0192,Plan / route,Redland Bay Foreshore,Sunset coastal reset,Coast / Picnic,Redland Bay,45,45-70 min,30-60km / half-day to day,Free,Evening,1-2h,"3-6, adult",Yes,No,High,3.5,4,B - planned day,Usually easy or paid nearby; verify for peak days,Usually available nearby; verify for bushwalk/beach,Redland Bay Foreshore -> nearby cafe/park -> flexible early return,Recommended,https://www.visitredlandscoast.com.au/,
SEQ-0193,Plan / route,Wellington Point Reserve,Low-tide sandbar walk,Beach / Sandbar,Wellington Point,28,30-50 min,15-30km / easy half-day,Free,Low tide,2h,"0-3, 3-6, adult",Maybe,No,High,4,4,A - easy repeat,Usually easy or paid nearby; verify for peak days,Usually available nearby; verify for bushwalk/beach,Wellington Point Reserve -> nearby cafe/park -> flexible early return,Recommended,https://www.visitredlandscoast.com.au/,
SEQ-0194,Plan / route,Wellington Point Reserve,Beach picnic + playground,Beach / Sandbar,Wellington Point,28,30-50 min,15-30km / easy half-day,Free-$,Morning,2-3h,"0-3, 3-6, adult",Yes,No,High,4.5,4,A - easy repeat,Usually easy or paid nearby; verify for peak days,Usually available nearby; verify for bushwalk/beach,Wellington Point Reserve -> nearby cafe/park -> flexible early return,Recommended,https://www.visitredlandscoast.com.au/,
SEQ-0195,Plan / route,Cleveland Point Reserve,Explore + easy meal,Coast / Lighthouse,Cleveland,30,30-50 min,15-30km / easy half-day,$-$$,Morning/Afternoon,2-3h,"3-6, adult",Maybe,Maybe,High,3,4,A - easy repeat,Usually easy or paid nearby; verify for peak days,Usually available nearby; verify for bushwalk/beach,Cleveland Point Reserve -> nearby cafe/park -> flexible early return,Recommended,https://www.visitredlandscoast.com.au/,
SEQ-0196,Plan / route,Cleveland Point Reserve,Short family reset,Coast / Lighthouse,Cleveland,30,30-50 min,15-30km / easy half-day,Free-$,Afternoon,1-2h,"3-6, adult",Yes,Maybe,High,3.5,4,A - easy repeat,Usually easy or paid nearby; verify for peak days,Usually available nearby; verify for bushwalk/beach,Cleveland Point Reserve -> nearby cafe/park -> flexible early return,Recommended,https://www.visitredlandscoast.com.au/,
SEQ-0197,Plan / route,Cleveland Point Reserve,Longer weekend day trip,Coast / Lighthouse,Cleveland,30,30-50 min,15-30km / easy half-day,$-$$,Morning,3-5h,"3-6, adult",Maybe,No,High,3,4,A - easy repeat,Usually easy or paid nearby; verify for peak days,Usually available nearby; verify for bushwalk/beach,Cleveland Point Reserve -> nearby cafe/park -> flexible early return,Recommended,https://www.visitredlandscoast.com.au/,
SEQ-0198,Plan / route,Raby Bay Harbour Park,Harbour walk + seafood,Harbour / Food,Cleveland,30,30-50 min,15-30km / easy half-day,$$,Afternoon/Evening,2-3h,"3-6, adult",Yes,Maybe,High,3.5,4,A - easy repeat,Usually easy or paid nearby; verify for peak days,Usually available nearby; verify for bushwalk/beach,Raby Bay Harbour Park -> nearby cafe/park -> flexible early return,Recommended,https://www.visitredlandscoast.com.au/,
SEQ-0199,Plan / route,Raby Bay Harbour Park,Easy pram food outing,Harbour / Food,Cleveland,30,30-50 min,15-30km / easy half-day,$$,Morning/Lunch,2h,"3-6, adult",Yes,Maybe,High,3.5,4,A - easy repeat,Usually easy or paid nearby; verify for peak days,Usually available nearby; verify for bushwalk/beach,Raby Bay Harbour Park -> nearby cafe/park -> flexible early return,Recommended,https://www.visitredlandscoast.com.au/,
SEQ-0200,Plan / route,Victoria Point Lakeside,Lakeside meal + stroll,Food + Lake,Victoria Point,35,45-70 min,30-60km / half-day to day,$$,Lunch/Evening,2h,"3-6, adult",Yes,Maybe,High,3.5,4,B - planned day,Usually easy or paid nearby; verify for peak days,Usually available nearby; verify for bushwalk/beach,Victoria Point Lakeside -> nearby cafe/park -> flexible early return,Recommended,https://www.visitredlandscoast.com.au/,
SEQ-0201,Plan / route,Victoria Point Lakeside,Rainy-day meal backup,Food + Lake,Victoria Point,35,45-70 min,30-60km / half-day to day,$$,Rainy day,1-2h,"3-6, adult",Yes,Yes,High,3.5,4,B - planned day,Usually easy or paid nearby; verify for peak days,Usually available nearby; verify for bushwalk/beach,Victoria Point Lakeside -> nearby cafe/park -> flexible early return,Recommended,https://www.visitredlandscoast.com.au/,
SEQ-0202,Plan / route,Capalaba Regional Park,Playground + picnic,Park / Playground,Capalaba,23,30-50 min,15-30km / easy half-day,Free,Morning,2-3h,"0-3, 3-6, adult",Yes,Maybe,Medium,4.5,3,A - easy repeat,Usually easy or paid nearby; verify for peak days,Usually available nearby; verify for bushwalk/beach,Capalaba Regional Park -> nearby cafe/park -> flexible early return,Recommended,https://www.visitredlandscoast.com.au/,
SEQ-0203,Plan / route,Capalaba Regional Park,After-nap outdoor reset,Park / Playground,Capalaba,23,30-50 min,15-30km / easy half-day,Free,Afternoon,1-2h,"0-3, 3-6, adult",Yes,Maybe,Medium,4.5,3,A - easy repeat,Usually easy or paid nearby; verify for peak days,Usually available nearby; verify for bushwalk/beach,Capalaba Regional Park -> nearby cafe/park -> flexible early return,Recommended,https://www.visitredlandscoast.com.au/,
SEQ-0204,Plan / route,Capalaba Regional Park,BBQ with family,Park / Playground,Capalaba,23,30-50 min,15-30km / easy half-day,$,Afternoon,3-4h,"0-3, 3-6, adult",Yes,No,Medium,4.5,3,A - easy repeat,Usually easy or paid nearby; verify for peak days,Usually available nearby; verify for bushwalk/beach,Capalaba Regional Park -> nearby cafe/park -> flexible early return,Recommended,https://www.visitredlandscoast.com.au/,
SEQ-0205,Plan / route,Scribbly Gums Conservation Area,Easy nature walk,Bushland,Alexandra Hills,28,30-50 min,15-30km / easy half-day,Free,Morning,1-2h,"3-6, adult",Maybe,No,Medium,3,3,B - planned day,Usually easy or paid nearby; verify for peak days,Usually available nearby; verify for bushwalk/beach,Scribbly Gums Conservation Area -> nearby cafe/park -> flexible early return,Recommended,https://www.visitredlandscoast.com.au/,
SEQ-0206,Plan / route,Scribbly Gums Conservation Area,Quiet adult de-stress walk,Bushland,Alexandra Hills,28,30-50 min,15-30km / easy half-day,Free,Morning,1h,"3-6, adult",No,No,Medium,3,3,B - planned day,Usually easy or paid nearby; verify for peak days,Usually available nearby; verify for bushwalk/beach,Scribbly Gums Conservation Area -> nearby cafe/park -> flexible early return,Recommended,https://www.visitredlandscoast.com.au/,
SEQ-0207,Plan / route,IndigiScapes Centre,Discovery centre visit,Nature Education,Capalaba,24,30-50 min,15-30km / easy half-day,Free-$,Morning,1-2h,"3-6, adult",Yes,Maybe,Medium,3.5,3,B - planned day,Usually easy or paid nearby; verify for peak days,Usually available nearby; verify for bushwalk/beach,IndigiScapes Centre -> nearby cafe/park -> flexible early return,Recommended,https://www.visitredlandscoast.com.au/,
SEQ-0208,Plan / route,IndigiScapes Centre,Nature learning + picnic,Nature Education,Capalaba,24,30-50 min,15-30km / easy half-day,Free-$,Morning,2-3h,"3-6, adult",Yes,Maybe,Medium,3.5,3,B - planned day,Usually easy or paid nearby; verify for peak days,Usually available nearby; verify for bushwalk/beach,IndigiScapes Centre -> nearby cafe/park -> flexible early return,Recommended,https://www.visitredlandscoast.com.au/,
SEQ-0209,Plan / route,Redcliffe Jetty,Jetty + calm beach,Coast / Jetty,Redcliffe,35,45-70 min,30-60km / half-day to day,Free-$,Morning,2h,"3-6, adult",Yes,No,High,3.5,4,B - planned day,Usually easy or paid nearby; verify for peak days,Usually available nearby; verify for bushwalk/beach,Redcliffe Jetty -> Settlement Cove/Suttons Beach -> Scarborough sunset,Recommended,https://www.queensland.com/au/en/places-to-see/destinations/brisbane/moreton-bay,
SEQ-0210,Plan / route,Settlement Cove Lagoon,Water play + picnic,Water Play,Redcliffe,35,45-70 min,30-60km / half-day to day,Free-$,Morning,2-3h,"0-3, 3-6, adult",Yes,No,Medium,4.5,3,B - planned day,Usually easy or paid nearby; verify for peak days,Usually available nearby; verify for bushwalk/beach,Redcliffe Jetty -> Settlement Cove/Suttons Beach -> Scarborough sunset,Recommended,https://www.queensland.com/au/en/places-to-see/destinations/brisbane/moreton-bay,
SEQ-0211,Plan / route,Settlement Cove Lagoon,Hot day toddler splash,Water Play,Redcliffe,35,45-70 min,30-60km / half-day to day,Free,Morning,1-2h,"0-3, 3-6, adult",Yes,No,Medium,4.5,3,B - planned day,Usually easy or paid nearby; verify for peak days,Usually available nearby; verify for bushwalk/beach,Redcliffe Jetty -> Settlement Cove/Suttons Beach -> Scarborough sunset,Recommended,https://www.queensland.com/au/en/places-to-see/destinations/brisbane/moreton-bay,
SEQ-0212,Plan / route,Settlement Cove Lagoon,Family swim + easy lunch,Water Play,Redcliffe,35,45-70 min,30-60km / half-day to day,$,Morning/Afternoon,3h,"0-3, 3-6, adult",Yes,No,Medium,4.5,3,B - planned day,Usually easy or paid nearby; verify for peak days,Usually available nearby; verify for bushwalk/beach,Redcliffe Jetty -> Settlement Cove/Suttons Beach -> Scarborough sunset,Recommended,https://www.queensland.com/au/en/places-to-see/destinations/brisbane/moreton-bay,
SEQ-0213,Plan / route,Suttons Beach,Beach morning,Beach,Redcliffe,35,45-70 min,30-60km / half-day to day,Free-$,Morning,2-3h,"0-3, 3-6, adult",Maybe,No,High,4,4,B - planned day,Usually easy or paid nearby; verify for peak days,Usually available nearby; verify for bushwalk/beach,Redcliffe Jetty -> Settlement Cove/Suttons Beach -> Scarborough sunset,Recommended,https://www.queensland.com/au/en/places-to-see/destinations/brisbane/moreton-bay,
SEQ-0214,Plan / route,Suttons Beach,Fish & chips + beach walk,Beach,Redcliffe,35,45-70 min,30-60km / half-day to day,$-$$,Afternoon,2h,"0-3, 3-6, adult",Yes,No,High,4.5,4,B - planned day,Usually easy or paid nearby; verify for peak days,Usually available nearby; verify for bushwalk/beach,Redcliffe Jetty -> Settlement Cove/Suttons Beach -> Scarborough sunset,Recommended,https://www.queensland.com/au/en/places-to-see/destinations/brisbane/moreton-bay,
SEQ-0215,Plan / route,Margate Beach,Explore + easy meal,Beach / Walk,Margate,35,45-70 min,30-60km / half-day to day,$-$$,Morning/Afternoon,2-3h,"0-3, 3-6, adult",Maybe,Maybe,High,4,4,B - planned day,Usually easy or paid nearby; verify for peak days,Usually available nearby; verify for bushwalk/beach,Margate Beach -> nearby cafe/park -> flexible early return,Recommended,https://www.queensland.com/au/en/places-to-see/destinations/brisbane/moreton-bay,
SEQ-0216,Plan / route,Margate Beach,Short family reset,Beach / Walk,Margate,35,45-70 min,30-60km / half-day to day,Free-$,Afternoon,1-2h,"0-3, 3-6, adult",Yes,Maybe,High,4.5,4,B - planned day,Usually easy or paid nearby; verify for peak days,Usually available nearby; verify for bushwalk/beach,Margate Beach -> nearby cafe/park -> flexible early return,Recommended,https://www.queensland.com/au/en/places-to-see/destinations/brisbane/moreton-bay,
SEQ-0217,Plan / route,Margate Beach,Longer weekend day trip,Beach / Walk,Margate,35,45-70 min,30-60km / half-day to day,$-$$,Morning,3-5h,"0-3, 3-6, adult",Maybe,No,High,4,4,B - planned day,Usually easy or paid nearby; verify for peak days,Usually available nearby; verify for bushwalk/beach,Margate Beach -> nearby cafe/park -> flexible early return,Recommended,https://www.queensland.com/au/en/places-to-see/destinations/brisbane/moreton-bay,
SEQ-0218,Plan / route,Woody Point Jetty,Explore + easy meal,Jetty / Sunset,Woody Point,32,45-70 min,30-60km / half-day to day,$-$$,Morning/Afternoon,2-3h,"3-6, adult",Maybe,Maybe,Medium,3,3,B - planned day,Usually easy or paid nearby; verify for peak days,Usually available nearby; verify for bushwalk/beach,Woody Point Jetty -> nearby cafe/park -> flexible early return,Recommended,https://www.queensland.com/au/en/places-to-see/destinations/brisbane/moreton-bay,
SEQ-0219,Plan / route,Woody Point Jetty,Short family reset,Jetty / Sunset,Woody Point,32,45-70 min,30-60km / half-day to day,Free-$,Afternoon,1-2h,"3-6, adult",Yes,Maybe,Medium,3.5,3,B - planned day,Usually easy or paid nearby; verify for peak days,Usually available nearby; verify for bushwalk/beach,Woody Point Jetty -> nearby cafe/park -> flexible early return,Recommended,https://www.queensland.com/au/en/places-to-see/destinations/brisbane/moreton-bay,
SEQ-0220,Plan / route,Woody Point Jetty,Longer weekend day trip,Jetty / Sunset,Woody Point,32,45-70 min,30-60km / half-day to day,$-$$,Morning,3-5h,"3-6, adult",Maybe,No,Medium,3,3,B - planned day,Usually easy or paid nearby; verify for peak days,Usually available nearby; verify for bushwalk/beach,Woody Point Jetty -> nearby cafe/park -> flexible early return,Recommended,https://www.queensland.com/au/en/places-to-see/destinations/brisbane/moreton-bay,
SEQ-0221,Plan / route,Scarborough Beach Park,Beach playground day,Beach / Playground,Scarborough,39,45-70 min,30-60km / half-day to day,Free-$,Morning,2-3h,"0-3, 3-6, adult",Yes,No,High,5,4,B - planned day,Usually easy or paid nearby; verify for peak days,Usually available nearby; verify for bushwalk/beach,Redcliffe Jetty -> Settlement Cove/Suttons Beach -> Scarborough sunset,Recommended,https://www.queensland.com/au/en/places-to-see/destinations/brisbane/moreton-bay,
SEQ-0222,Plan / route,Scarborough Beach Park,Toddler sand play,Beach / Playground,Scarborough,39,45-70 min,30-60km / half-day to day,Free,Morning,1-2h,"0-3, 3-6, adult",Maybe,No,High,5,4,B - planned day,Usually easy or paid nearby; verify for peak days,Usually available nearby; verify for bushwalk/beach,Redcliffe Jetty -> Settlement Cove/Suttons Beach -> Scarborough sunset,Recommended,https://www.queensland.com/au/en/places-to-see/destinations/brisbane/moreton-bay,
SEQ-0223,Plan / route,Queens Beach North,Beach morning,Beach,Scarborough,40,45-70 min,30-60km / half-day to day,Free-$,Morning,2-3h,"0-3, 3-6, adult",Maybe,No,High,4,4,B - planned day,Usually easy or paid nearby; verify for peak days,Usually available nearby; verify for bushwalk/beach,Queens Beach North -> nearby cafe/park -> flexible early return,Recommended,https://www.queensland.com/au/en/places-to-see/destinations/brisbane/moreton-bay,
SEQ-0224,Plan / route,Queens Beach North,Fish & chips + beach walk,Beach,Scarborough,40,45-70 min,30-60km / half-day to day,$-$$,Afternoon,2h,"0-3, 3-6, adult",Yes,No,High,4.5,4,B - planned day,Usually easy or paid nearby; verify for peak days,Usually available nearby; verify for bushwalk/beach,Queens Beach North -> nearby cafe/park -> flexible early return,Recommended,https://www.queensland.com/au/en/places-to-see/destinations/brisbane/moreton-bay,
SEQ-0225,Plan / route,Shorncliffe Pier,Pier walk + cafe,Coast / Pier,Shorncliffe,22,30-50 min,15-30km / easy half-day,$,Morning/Afternoon,2h,"3-6, adult",Yes,No,High,3.5,4,A - easy repeat,Usually easy or paid nearby; verify for peak days,Usually available nearby; verify for bushwalk/beach,Shorncliffe Pier -> nearby cafe/park -> flexible early return,Recommended,https://www.brisbane.qld.gov.au/parks-and-recreation,
SEQ-0226,Plan / route,Shorncliffe Pier,Sunset pier drive,Coast / Pier,Shorncliffe,22,30-50 min,15-30km / easy half-day,Free,Evening,1-2h,"3-6, adult",Yes,No,High,3.5,4,A - easy repeat,Usually easy or paid nearby; verify for peak days,Usually available nearby; verify for bushwalk/beach,Shorncliffe Pier -> nearby cafe/park -> flexible early return,Recommended,https://www.brisbane.qld.gov.au/parks-and-recreation,
SEQ-0227,Plan / route,Sandgate Foreshore,Foreshore walk,Coast / Walk,Sandgate,21,30-50 min,15-30km / easy half-day,Free,Morning/Afternoon,1-2h,"3-6, adult",Yes,No,High,3.5,4,A - easy repeat,Usually easy or paid nearby; verify for peak days,Usually available nearby; verify for bushwalk/beach,Sandgate Foreshore -> nearby cafe/park -> flexible early return,Recommended,https://www.brisbane.qld.gov.au/parks-and-recreation,
SEQ-0228,Plan / route,Sandgate Foreshore,Coffee + sea breeze,Coast / Walk,Sandgate,21,30-50 min,15-30km / easy half-day,$,Morning,1-2h,"3-6, adult",Yes,Maybe,High,3.5,4,A - easy repeat,Usually easy or paid nearby; verify for peak days,Usually available nearby; verify for bushwalk/beach,Sandgate Foreshore -> nearby cafe/park -> flexible early return,Recommended,https://www.brisbane.qld.gov.au/parks-and-recreation,
SEQ-0229,Plan / route,Brighton Foreshore,Foreshore walk,Coast / Walk,Brighton,22,30-50 min,15-30km / easy half-day,Free,Morning/Afternoon,1-2h,"3-6, adult",Yes,No,High,3.5,4,A - easy repeat,Usually easy or paid nearby; verify for peak days,Usually available nearby; verify for bushwalk/beach,Brighton Foreshore -> nearby cafe/park -> flexible early return,Recommended,https://www.brisbane.qld.gov.au/parks-and-recreation,
SEQ-0230,Plan / route,Brighton Foreshore,Coffee + sea breeze,Coast / Walk,Brighton,22,30-50 min,15-30km / easy half-day,$,Morning,1-2h,"3-6, adult",Yes,Maybe,High,3.5,4,A - easy repeat,Usually easy or paid nearby; verify for peak days,Usually available nearby; verify for bushwalk/beach,Brighton Foreshore -> nearby cafe/park -> flexible early return,Recommended,https://www.brisbane.qld.gov.au/parks-and-recreation,
SEQ-0231,Plan / route,Tinchi Tamba Wetlands,Explore + easy meal,Wetland,Bald Hills,19,30-50 min,15-30km / easy half-day,$-$$,Morning/Afternoon,2-3h,"3-6, adult",Maybe,Maybe,Medium,3,3,B - planned day,Usually easy or paid nearby; verify for peak days,Usually available nearby; verify for bushwalk/beach,Tinchi Tamba Wetlands -> nearby cafe/park -> flexible early return,Recommended,https://www.brisbane.qld.gov.au/parks-and-recreation,
SEQ-0232,Plan / route,Tinchi Tamba Wetlands,Short family reset,Wetland,Bald Hills,19,30-50 min,15-30km / easy half-day,Free-$,Afternoon,1-2h,"3-6, adult",Yes,Maybe,Medium,3.5,3,B - planned day,Usually easy or paid nearby; verify for peak days,Usually available nearby; verify for bushwalk/beach,Tinchi Tamba Wetlands -> nearby cafe/park -> flexible early return,Recommended,https://www.brisbane.qld.gov.au/parks-and-recreation,
SEQ-0233,Plan / route,Tinchi Tamba Wetlands,Longer weekend day trip,Wetland,Bald Hills,19,30-50 min,15-30km / easy half-day,$-$$,Morning,3-5h,"3-6, adult",Maybe,No,Medium,3,3,B - planned day,Usually easy or paid nearby; verify for peak days,Usually available nearby; verify for bushwalk/beach,Tinchi Tamba Wetlands -> nearby cafe/park -> flexible early return,Recommended,https://www.brisbane.qld.gov.au/parks-and-recreation,
SEQ-0234,Plan / route,Pine Rivers Park,Playground + picnic,Park / Playground,Strathpine,24,30-50 min,15-30km / easy half-day,Free,Morning,2-3h,"0-3, 3-6, adult",Yes,Maybe,Medium,4.5,3,A - easy repeat,Usually easy or paid nearby; verify for peak days,Usually available nearby; verify for bushwalk/beach,Pine Rivers Park -> nearby cafe/park -> flexible early return,Recommended,https://www.visitmoretonbay.com.au/,
SEQ-0235,Plan / route,Pine Rivers Park,After-nap outdoor reset,Park / Playground,Strathpine,24,30-50 min,15-30km / easy half-day,Free,Afternoon,1-2h,"0-3, 3-6, adult",Yes,Maybe,Medium,4.5,3,A - easy repeat,Usually easy or paid nearby; verify for peak days,Usually available nearby; verify for bushwalk/beach,Pine Rivers Park -> nearby cafe/park -> flexible early return,Recommended,https://www.visitmoretonbay.com.au/,
SEQ-0236,Plan / route,Pine Rivers Park,BBQ with family,Park / Playground,Strathpine,24,30-50 min,15-30km / easy half-day,$,Afternoon,3-4h,"0-3, 3-6, adult",Yes,No,Medium,4.5,3,A - easy repeat,Usually easy or paid nearby; verify for peak days,Usually available nearby; verify for bushwalk/beach,Pine Rivers Park -> nearby cafe/park -> flexible early return,Recommended,https://www.visitmoretonbay.com.au/,
SEQ-0237,Plan / route,Lake Eden,Lake loop walk,Lake / Walk,North Lakes,28,30-50 min,15-30km / easy half-day,Free,Morning/Afternoon,1-2h,"3-6, adult",Yes,Maybe,Medium,3.5,3,B - planned day,Usually easy or paid nearby; verify for peak days,Usually available nearby; verify for bushwalk/beach,Lake Eden -> nearby cafe/park -> flexible early return,Recommended,https://www.visitmoretonbay.com.au/,
SEQ-0238,Plan / route,Lake Eden,Lunch + lakeside walk,Lake / Walk,North Lakes,28,30-50 min,15-30km / easy half-day,$-$$,Lunch,2h,"3-6, adult",Yes,Maybe,Medium,3.5,3,B - planned day,Usually easy or paid nearby; verify for peak days,Usually available nearby; verify for bushwalk/beach,Lake Eden -> nearby cafe/park -> flexible early return,Recommended,https://www.visitmoretonbay.com.au/,
SEQ-0239,Plan / route,North Lakes Westfield / Event Cinemas,Rainy-day shopping + play stop,Shopping / Indoor,North Lakes,28,30-50 min,15-30km / easy half-day,$-$$$,Rainy day,2-4h,"0-3, 3-6, adult",Yes,Yes,Medium,4.5,3,A - easy repeat,Usually easy or paid nearby; verify for peak days,Usually available nearby; verify for bushwalk/beach,Shopping centre -> kids play/cinema -> easy meal,Recommended,https://www.visitmoretonbay.com.au/,
SEQ-0240,Plan / route,North Lakes Westfield / Event Cinemas,Cinema + meal combo,Shopping / Indoor,North Lakes,28,30-50 min,15-30km / easy half-day,$$,Afternoon,3-4h,"0-3, 3-6, adult",Yes,Yes,Medium,4.5,3,A - easy repeat,Usually easy or paid nearby; verify for peak days,Usually available nearby; verify for bushwalk/beach,Shopping centre -> kids play/cinema -> easy meal,Recommended,https://www.visitmoretonbay.com.au/,
SEQ-0241,Plan / route,Osprey House Environmental Centre,Discovery centre visit,Nature Education,Griffin,26,30-50 min,15-30km / easy half-day,Free-$,Morning,1-2h,"3-6, adult",Yes,Maybe,Medium,3.5,3,B - planned day,Usually easy or paid nearby; verify for peak days,Usually available nearby; verify for bushwalk/beach,Osprey House Environmental Centre -> nearby cafe/park -> flexible early return,Recommended,https://www.visitmoretonbay.com.au/,
SEQ-0242,Plan / route,Osprey House Environmental Centre,Nature learning + picnic,Nature Education,Griffin,26,30-50 min,15-30km / easy half-day,Free-$,Morning,2-3h,"3-6, adult",Yes,Maybe,Medium,3.5,3,B - planned day,Usually easy or paid nearby; verify for peak days,Usually available nearby; verify for bushwalk/beach,Osprey House Environmental Centre -> nearby cafe/park -> flexible early return,Recommended,https://www.visitmoretonbay.com.au/,
SEQ-0243,Plan / route,Samford Village,Country-style brunch,Village + Cafe,Samford,24,30-50 min,15-30km / easy half-day,$$,Morning,2-3h,"3-6, adult",Yes,Maybe,High,3.5,4,A - easy repeat,Usually easy or paid nearby; verify for peak days,Usually available nearby; verify for bushwalk/beach,Samford Village -> nearby cafe/park -> flexible early return,Recommended,https://www.visitmoretonbay.com.au/,
SEQ-0244,Plan / route,Samford Village,Village wander + bakery,Village + Cafe,Samford,24,30-50 min,15-30km / easy half-day,$-$$,Morning/Afternoon,1-2h,"3-6, adult",Yes,Maybe,High,3.5,4,A - easy repeat,Usually easy or paid nearby; verify for peak days,Usually available nearby; verify for bushwalk/beach,Samford Village -> nearby cafe/park -> flexible early return,Recommended,https://www.visitmoretonbay.com.au/,
SEQ-0245,Plan / route,Samford Conservation Park,Easy nature walk,Bushland,Samford,25,30-50 min,15-30km / easy half-day,Free,Morning,1-2h,"3-6, adult",Maybe,No,Medium,3,3,B - planned day,Usually easy or paid nearby; verify for peak days,Usually available nearby; verify for bushwalk/beach,Samford Conservation Park -> nearby cafe/park -> flexible early return,Recommended,https://www.visitmoretonbay.com.au/,
SEQ-0246,Plan / route,Samford Conservation Park,Quiet adult de-stress walk,Bushland,Samford,25,30-50 min,15-30km / easy half-day,Free,Morning,1h,"3-6, adult",No,No,Medium,3,3,B - planned day,Usually easy or paid nearby; verify for peak days,Usually available nearby; verify for bushwalk/beach,Samford Conservation Park -> nearby cafe/park -> flexible early return,Recommended,https://www.visitmoretonbay.com.au/,
SEQ-0247,Plan / route,Samford Valley Rail Trail,Pram walk / balance-bike loop,Walk / Bike,Samford,26,30-50 min,15-30km / easy half-day,Free,Morning,1-2h,"3-6, adult",Yes,Maybe,Medium,3.5,3,B - planned day,Usually easy or paid nearby; verify for peak days,Usually available nearby; verify for bushwalk/beach,Samford Valley Rail Trail -> nearby cafe/park -> flexible early return,Recommended,https://www.visitmoretonbay.com.au/,
SEQ-0248,Plan / route,Samford Valley Rail Trail,Family bike ride,Walk / Bike,Samford,26,30-50 min,15-30km / easy half-day,Free,Morning,2h,"3-6, adult",Maybe,No,Medium,3,3,B - planned day,Usually easy or paid nearby; verify for peak days,Usually available nearby; verify for bushwalk/beach,Samford Valley Rail Trail -> nearby cafe/park -> flexible early return,Recommended,https://www.visitmoretonbay.com.au/,
SEQ-0249,Plan / route,Dayboro Village,Scenic drive + village lunch,Village + Scenic Drive,Dayboro,45,45-70 min,30-60km / half-day to day,$$,Morning/Lunch,3-4h,"3-6, adult",Yes,Maybe,High,3.5,5,B - planned day,Usually easy or paid nearby; verify for peak days,Usually available nearby; verify for bushwalk/beach,Dayboro Village -> nearby cafe/park -> flexible early return,Recommended,https://www.visitmoretonbay.com.au/,
SEQ-0250,Plan / route,Dayboro Village,Country bakery outing,Village + Scenic Drive,Dayboro,45,45-70 min,30-60km / half-day to day,$-$$,Morning,2-3h,"3-6, adult",Yes,Maybe,High,3.5,5,B - planned day,Usually easy or paid nearby; verify for peak days,Usually available nearby; verify for bushwalk/beach,Dayboro Village -> nearby cafe/park -> flexible early return,Recommended,https://www.visitmoretonbay.com.au/,
SEQ-0251,Plan / route,Mt Mee Lookout,Explore + easy meal,Lookout / Scenic Drive,Mount Mee,65,60-90 min,60-100km / bigger day trip,$-$$,Morning/Afternoon,2-3h,"3-6, adult",Maybe,Maybe,High,3,5,B - planned day,Usually easy or paid nearby; verify for peak days,Usually available nearby; verify for bushwalk/beach,Mt Mee Lookout -> nearby cafe/park -> flexible early return,Yes - check opening/tide/weather/bookings,https://www.visitmoretonbay.com.au/,
SEQ-0252,Plan / route,Mt Mee Lookout,Short family reset,Lookout / Scenic Drive,Mount Mee,65,60-90 min,60-100km / bigger day trip,Free-$,Afternoon,1-2h,"3-6, adult",Yes,Maybe,High,3.5,5,B - planned day,Usually easy or paid nearby; verify for peak days,Usually available nearby; verify for bushwalk/beach,Mt Mee Lookout -> nearby cafe/park -> flexible early return,Yes - check opening/tide/weather/bookings,https://www.visitmoretonbay.com.au/,
SEQ-0253,Plan / route,Mt Mee Lookout,Longer weekend day trip,Lookout / Scenic Drive,Mount Mee,65,60-90 min,60-100km / bigger day trip,$-$$,Morning,3-5h,"3-6, adult",Maybe,No,High,3,5,B - planned day,Usually easy or paid nearby; verify for peak days,Usually available nearby; verify for bushwalk/beach,Mt Mee Lookout -> nearby cafe/park -> flexible early return,Yes - check opening/tide/weather/bookings,https://www.visitmoretonbay.com.au/,
SEQ-0254,Plan / route,D'Aguilar National Park - Maiala,Rainforest short walk,Rainforest Walk,Mt Glorious,45,45-70 min,30-60km / half-day to day,Free,Morning,2h,"3-6, adult",Maybe,No,High,3,4,B - planned day,Usually easy or paid nearby; verify for peak days,Usually available nearby; verify for bushwalk/beach,D'Aguilar National Park - Maiala -> nearby cafe/park -> flexible early return,Recommended,https://parks.desi.qld.gov.au/parks,
SEQ-0255,Plan / route,D'Aguilar National Park - Maiala,Cool-weather nature reset,Rainforest Walk,Mt Glorious,45,45-70 min,30-60km / half-day to day,Free,Morning/Afternoon,2-3h,"3-6, adult",Maybe,No,High,3,4,B - planned day,Usually easy or paid nearby; verify for peak days,Usually available nearby; verify for bushwalk/beach,D'Aguilar National Park - Maiala -> nearby cafe/park -> flexible early return,Recommended,https://parks.desi.qld.gov.au/parks,
SEQ-0256,Plan / route,Mt Glorious Cafe Village,Mountain cafe + lookout,Mountain Village,Mt Glorious,43,45-70 min,30-60km / half-day to day,$$,Morning/Afternoon,2-3h,"3-6, adult",Maybe,Maybe,High,3,4,B - planned day,Usually easy or paid nearby; verify for peak days,Usually available nearby; verify for bushwalk/beach,Mt Glorious Cafe Village -> nearby cafe/park -> flexible early return,Recommended,https://www.visitmoretonbay.com.au/,
SEQ-0257,Plan / route,Mt Glorious Cafe Village,Cool-climate drive,Mountain Village,Mt Glorious,43,45-70 min,30-60km / half-day to day,$-$$,Afternoon,2h,"3-6, adult",Maybe,Maybe,High,3,4,B - planned day,Usually easy or paid nearby; verify for peak days,Usually available nearby; verify for bushwalk/beach,Mt Glorious Cafe Village -> nearby cafe/park -> flexible early return,Recommended,https://www.visitmoretonbay.com.au/,
SEQ-0258,Plan / route,Jollys Lookout,Lookout picnic,Lookout / Picnic,D'Aguilar National Park,28,30-50 min,15-30km / easy half-day,Free-$,Afternoon/Sunset,2h,"3-6, adult",Maybe,No,High,3,4,A - easy repeat,Usually easy or paid nearby; verify for peak days,Usually available nearby; verify for bushwalk/beach,Jollys Lookout -> nearby cafe/park -> flexible early return,Recommended,https://parks.desi.qld.gov.au/parks,
SEQ-0259,Plan / route,Jollys Lookout,Scenic reset drive,Lookout / Picnic,D'Aguilar National Park,28,30-50 min,15-30km / easy half-day,Free-$,Morning,1-2h,"3-6, adult",Maybe,Maybe,High,3,4,A - easy repeat,Usually easy or paid nearby; verify for peak days,Usually available nearby; verify for bushwalk/beach,Jollys Lookout -> nearby cafe/park -> flexible early return,Recommended,https://parks.desi.qld.gov.au/parks,
SEQ-0260,Plan / route,Wivenhoe Outlook,Sunset lookout,Lookout,D'Aguilar National Park,32,45-70 min,30-60km / half-day to day,Free-$,Sunset,1-2h,"3-6, adult",Maybe,No,High,3,4,B - planned day,Usually easy or paid nearby; verify for peak days,Usually available nearby; verify for bushwalk/beach,Wivenhoe Outlook -> nearby cafe/park -> flexible early return,Recommended,https://parks.desi.qld.gov.au/parks,
SEQ-0261,Plan / route,Wivenhoe Outlook,Scenic drive + coffee,Lookout,D'Aguilar National Park,32,45-70 min,30-60km / half-day to day,$,Morning/Afternoon,2h,"3-6, adult",Maybe,Maybe,High,3,4,B - planned day,Usually easy or paid nearby; verify for peak days,Usually available nearby; verify for bushwalk/beach,Wivenhoe Outlook -> nearby cafe/park -> flexible early return,Recommended,https://parks.desi.qld.gov.au/parks,
SEQ-0262,Plan / route,Bribie Island Seaside Museum,Museum + foreshore walk,Museum / Coast,Bongaree,70,60-90 min,60-100km / bigger day trip,$,Morning,2-3h,"0-3, 3-6, adult",Yes,Maybe,High,4.5,4,B - planned day,Usually easy or paid nearby; verify for peak days,Usually available nearby; verify for bushwalk/beach,South Bank -> QAGOMA/Queensland Museum -> Fish Lane or riverside dinner,Yes - check opening/tide/weather/bookings,https://www.visitmoretonbay.com.au/,
SEQ-0263,Plan / route,Bribie Island Seaside Museum,Rainy coastal fallback,Museum / Coast,Bongaree,70,60-90 min,60-100km / bigger day trip,$,Rainy day,1-2h,"0-3, 3-6, adult",Yes,Yes,High,4.5,4,B - planned day,Usually easy or paid nearby; verify for peak days,Usually available nearby; verify for bushwalk/beach,South Bank -> QAGOMA/Queensland Museum -> Fish Lane or riverside dinner,Yes - check opening/tide/weather/bookings,https://www.visitmoretonbay.com.au/,
SEQ-0264,Plan / route,Bongaree Jetty,Jetty + calm beach,Coast / Jetty,Bribie Island,70,60-90 min,60-100km / bigger day trip,Free-$,Morning,2h,"3-6, adult",Yes,No,High,3.5,4,B - planned day,Usually easy or paid nearby; verify for peak days,Usually available nearby; verify for bushwalk/beach,Bongaree Jetty -> Seaside Museum -> Woorim/Sylvan Beach,Yes - check opening/tide/weather/bookings,https://www.visitmoretonbay.com.au/,
SEQ-0265,Plan / route,Sylvan Beach,Toddler calm-water beach,Calm Beach,Bribie Island,72,60-90 min,60-100km / bigger day trip,Free-$,Morning,2h,"0-3, 3-6, adult",Maybe,No,High,4,4,B - planned day,Usually easy or paid nearby; verify for peak days,Usually available nearby; verify for bushwalk/beach,Sylvan Beach -> nearby cafe/park -> flexible early return,Yes - check opening/tide/weather/bookings,https://www.visitmoretonbay.com.au/,
SEQ-0266,Plan / route,Sylvan Beach,Picnic by calm water,Calm Beach,Bribie Island,72,60-90 min,60-100km / bigger day trip,Free-$,Afternoon,2h,"0-3, 3-6, adult",Yes,No,High,4.5,4,B - planned day,Usually easy or paid nearby; verify for peak days,Usually available nearby; verify for bushwalk/beach,Sylvan Beach -> nearby cafe/park -> flexible early return,Yes - check opening/tide/weather/bookings,https://www.visitmoretonbay.com.au/,
SEQ-0267,Plan / route,Woorim Beach,Surf beach walk,Surf Beach,Bribie Island,80,75-110 min,60-100km / bigger day trip,Free-$,Morning,2h,"0-3, 3-6, adult",Maybe,No,High,4,4,C - bigger day trip,Usually easy or paid nearby; verify for peak days,Usually available nearby; verify for bushwalk/beach,Woorim Beach -> nearby cafe/park -> flexible early return,Yes - check opening/tide/weather/bookings,https://www.visitmoretonbay.com.au/,
SEQ-0268,Plan / route,Woorim Beach,Beach + ice cream,Surf Beach,Bribie Island,80,75-110 min,60-100km / bigger day trip,$,Afternoon,2h,"0-3, 3-6, adult",Maybe,No,High,4,4,C - bigger day trip,Usually easy or paid nearby; verify for peak days,Usually available nearby; verify for bushwalk/beach,Woorim Beach -> nearby cafe/park -> flexible early return,Yes - check opening/tide/weather/bookings,https://www.visitmoretonbay.com.au/,
SEQ-0269,Plan / route,Buckleys Hole Conservation Park,Birding walk,Birding / Walk,Bribie Island,71,60-90 min,60-100km / bigger day trip,Free,Morning,1-2h,"3-6, adult",Maybe,No,Medium,3,3,B - planned day,Usually easy or paid nearby; verify for peak days,Usually available nearby; verify for bushwalk/beach,Buckleys Hole Conservation Park -> nearby cafe/park -> flexible early return,Yes - check opening/tide/weather/bookings,https://parks.desi.qld.gov.au/parks,
SEQ-0270,Plan / route,Buckleys Hole Conservation Park,Quiet nature break,Birding / Walk,Bribie Island,71,60-90 min,60-100km / bigger day trip,Free,Afternoon,1h,"3-6, adult",Maybe,No,Medium,3,3,B - planned day,Usually easy or paid nearby; verify for peak days,Usually available nearby; verify for bushwalk/beach,Buckleys Hole Conservation Park -> nearby cafe/park -> flexible early return,Yes - check opening/tide/weather/bookings,https://parks.desi.qld.gov.au/parks,
SEQ-0271,Plan / route,Abbey Museum of Art and Archaeology,Museum morning,Museum / Culture,Caboolture,50,45-70 min,30-60km / half-day to day,$,Morning,2h,"0-3, 3-6, adult",Yes,Yes,High,4.5,4,B - planned day,Usually easy or paid nearby; verify for peak days,Usually available nearby; verify for bushwalk/beach,South Bank -> QAGOMA/Queensland Museum -> Fish Lane or riverside dinner,Recommended,https://www.visitmoretonbay.com.au/,
SEQ-0272,Plan / route,Caboolture Historical Village,Heritage village day,Heritage / Family,Caboolture,50,45-70 min,30-60km / half-day to day,$-$$,Morning,2-3h,"3-6, adult",Maybe,Maybe,Medium,3,3,B - planned day,Usually easy or paid nearby; verify for peak days,Usually available nearby; verify for bushwalk/beach,Caboolture Historical Village -> nearby cafe/park -> flexible early return,Recommended,https://www.visitmoretonbay.com.au/,
SEQ-0273,Plan / route,Caboolture Historical Village,Slow history walk,Heritage / Family,Caboolture,50,45-70 min,30-60km / half-day to day,$,Morning,1-2h,"3-6, adult",Maybe,Maybe,Medium,3,3,B - planned day,Usually easy or paid nearby; verify for peak days,Usually available nearby; verify for bushwalk/beach,Caboolture Historical Village -> nearby cafe/park -> flexible early return,Recommended,https://www.visitmoretonbay.com.au/,
SEQ-0274,Plan / route,Caboolture Regional Art Gallery,Gallery rainy-day stop,Gallery / Indoor,Caboolture,48,45-70 min,30-60km / half-day to day,Free-$,Rainy day,1-2h,"0-3, 3-6, adult",Yes,Yes,High,4.5,4,B - planned day,Usually easy or paid nearby; verify for peak days,Usually available nearby; verify for bushwalk/beach,Caboolture Regional Art Gallery -> nearby cafe/park -> flexible early return,Recommended,https://www.moretonbay.qld.gov.au/Events,
SEQ-0275,Plan / route,Woodford Village,Explore + easy meal,Village + Markets,Woodford,72,60-90 min,60-100km / bigger day trip,$-$$,Morning/Afternoon,2-3h,"0-3, 3-6, adult",Maybe,Maybe,High,4,4,B - planned day,Usually easy or paid nearby; verify for peak days,Usually available nearby; verify for bushwalk/beach,Market breakfast -> nearby playground/park -> home before nap,Yes - check opening/tide/weather/bookings,https://www.visitmoretonbay.com.au/,
SEQ-0276,Plan / route,Woodford Village,Short family reset,Village + Markets,Woodford,72,60-90 min,60-100km / bigger day trip,Free-$,Afternoon,1-2h,"0-3, 3-6, adult",Yes,Maybe,High,4.5,4,B - planned day,Usually easy or paid nearby; verify for peak days,Usually available nearby; verify for bushwalk/beach,Market breakfast -> nearby playground/park -> home before nap,Yes - check opening/tide/weather/bookings,https://www.visitmoretonbay.com.au/,
SEQ-0277,Plan / route,Woodford Village,Longer weekend day trip,Village + Markets,Woodford,72,60-90 min,60-100km / bigger day trip,$-$$,Morning,3-5h,"0-3, 3-6, adult",Maybe,No,High,4,4,B - planned day,Usually easy or paid nearby; verify for peak days,Usually available nearby; verify for bushwalk/beach,Market breakfast -> nearby playground/park -> home before nap,Yes - check opening/tide/weather/bookings,https://www.visitmoretonbay.com.au/,
SEQ-0278,Plan / route,Woodfordia precinct,Check event calendar day trip,Festival / Events,Woodford,76,75-110 min,60-100km / bigger day trip,$-$$$,Event days,3-6h,"3-6, adult",Maybe,Maybe,Medium,3,3,C - bigger day trip,Usually easy or paid nearby; verify for peak days,Usually available nearby; verify for bushwalk/beach,Woodfordia precinct -> nearby cafe/park -> flexible early return,Yes - check opening/tide/weather/bookings,https://www.visitmoretonbay.com.au/,
SEQ-0279,Plan / route,Tamborine Mountain Gallery Walk,Gallery Walk + lunch,Village + Shops,Tamborine Mountain,75,60-90 min,60-100km / bigger day trip,$$,Morning/Lunch,3-4h,"3-6, adult",Maybe,Maybe,High,3,4,B - planned day,Usually easy or paid nearby; verify for peak days,Usually available nearby; verify for bushwalk/beach,Gallery Walk -> Curtis Falls/Skywalk -> lookout or early dinner,Yes - check opening/tide/weather/bookings,https://www.visitscenicrim.com.au/,
SEQ-0280,Plan / route,Tamborine Mountain Gallery Walk,Rainy mountain browse,Village + Shops,Tamborine Mountain,75,60-90 min,60-100km / bigger day trip,$$,Rainy day,2-3h,"3-6, adult",Maybe,Yes,High,3,4,B - planned day,Usually easy or paid nearby; verify for peak days,Usually available nearby; verify for bushwalk/beach,Gallery Walk -> Curtis Falls/Skywalk -> lookout or early dinner,Yes - check opening/tide/weather/bookings,https://www.visitscenicrim.com.au/,
SEQ-0281,Plan / route,Tamborine Rainforest Skywalk,Rainforest boardwalk,Rainforest / Walk,Tamborine Mountain,75,60-90 min,60-100km / bigger day trip,$-$$,Morning,2h,"3-6, adult",Maybe,No,High,3,4,B - planned day,Usually easy or paid nearby; verify for peak days,Usually available nearby; verify for bushwalk/beach,Gallery Walk -> Curtis Falls/Skywalk -> lookout or early dinner,Yes - check opening/tide/weather/bookings,https://www.visitscenicrim.com.au/,
SEQ-0282,Plan / route,Tamborine Rainforest Skywalk,Adult nature reset,Rainforest / Walk,Tamborine Mountain,75,60-90 min,60-100km / bigger day trip,$,Morning,2h,"3-6, adult",No,No,High,3,4,B - planned day,Usually easy or paid nearby; verify for peak days,Usually available nearby; verify for bushwalk/beach,Gallery Walk -> Curtis Falls/Skywalk -> lookout or early dinner,Yes - check opening/tide/weather/bookings,https://www.visitscenicrim.com.au/,
SEQ-0283,Plan / route,Curtis Falls,Waterfall walk,Waterfall Walk,Tamborine Mountain,75,60-90 min,60-100km / bigger day trip,Free-$,Morning,2h,"0-3, 3-6, adult",Maybe,No,Medium,4,3,B - planned day,Usually easy or paid nearby; verify for peak days,Usually available nearby; verify for bushwalk/beach,Curtis Falls -> nearby cafe/park -> flexible early return,Yes - check opening/tide/weather/bookings,https://parks.desi.qld.gov.au/parks,
SEQ-0284,Plan / route,Curtis Falls,Cool cloudy-day walk,Waterfall Walk,Tamborine Mountain,75,60-90 min,60-100km / bigger day trip,Free,Morning/Afternoon,1-2h,"0-3, 3-6, adult",Maybe,No,Medium,4,3,B - planned day,Usually easy or paid nearby; verify for peak days,Usually available nearby; verify for bushwalk/beach,Curtis Falls -> nearby cafe/park -> flexible early return,Yes - check opening/tide/weather/bookings,https://parks.desi.qld.gov.au/parks,
SEQ-0285,Plan / route,Cedar Creek Falls Tamborine,Waterfall picnic,Waterfall / Picnic,Tamborine Mountain,78,75-110 min,60-100km / bigger day trip,Free-$,Morning,2-3h,"0-3, 3-6, adult",Maybe,No,Medium,4,3,C - bigger day trip,Usually easy or paid nearby; verify for peak days,Usually available nearby; verify for bushwalk/beach,Gallery Walk -> Curtis Falls/Skywalk -> lookout or early dinner,Yes - check opening/tide/weather/bookings,https://parks.desi.qld.gov.au/parks,
SEQ-0286,Plan / route,Cedar Creek Falls Tamborine,Scenic stop after lunch,Waterfall / Picnic,Tamborine Mountain,78,75-110 min,60-100km / bigger day trip,Free,Afternoon,1-2h,"0-3, 3-6, adult",Maybe,No,Medium,4,3,C - bigger day trip,Usually easy or paid nearby; verify for peak days,Usually available nearby; verify for bushwalk/beach,Gallery Walk -> Curtis Falls/Skywalk -> lookout or early dinner,Yes - check opening/tide/weather/bookings,https://parks.desi.qld.gov.au/parks,
SEQ-0287,Plan / route,Tamborine Botanic Gardens,Garden walk + photos,Garden,Tamborine Mountain,75,60-90 min,60-100km / bigger day trip,$,Morning/Afternoon,2h,"0-3, 3-6, adult",Yes,Maybe,High,3.5,4,B - planned day,Usually easy or paid nearby; verify for peak days,Usually available nearby; verify for bushwalk/beach,Gallery Walk -> Curtis Falls/Skywalk -> lookout or early dinner,Yes - check opening/tide/weather/bookings,https://www.visitscenicrim.com.au/,
SEQ-0288,Plan / route,Tamborine Botanic Gardens,Slow adult garden reset,Garden,Tamborine Mountain,75,60-90 min,60-100km / bigger day trip,$,Morning,1-2h,"0-3, 3-6, adult",Maybe,Maybe,High,3,4,B - planned day,Usually easy or paid nearby; verify for peak days,Usually available nearby; verify for bushwalk/beach,Gallery Walk -> Curtis Falls/Skywalk -> lookout or early dinner,Yes - check opening/tide/weather/bookings,https://www.visitscenicrim.com.au/,
SEQ-0289,Plan / route,Tamborine Mountain Glow Worm Caves,Guided nature tour,Nature / Tour,Tamborine Mountain,75,60-90 min,60-100km / bigger day trip,$$,Afternoon/Evening,1-2h,"3-6, adult",Maybe,Yes,Medium,3,3,B - planned day,Usually easy or paid nearby; verify for peak days,Usually available nearby; verify for bushwalk/beach,Gallery Walk -> Curtis Falls/Skywalk -> lookout or early dinner,Yes - check opening/tide/weather/bookings,https://www.visitscenicrim.com.au/,
SEQ-0290,Plan / route,Tamborine Mountain Glow Worm Caves,Special experience outing,Nature / Tour,Tamborine Mountain,75,60-90 min,60-100km / bigger day trip,$$,Event times,2h,"3-6, adult",Maybe,Yes,Medium,3,3,B - planned day,Usually easy or paid nearby; verify for peak days,Usually available nearby; verify for bushwalk/beach,Gallery Walk -> Curtis Falls/Skywalk -> lookout or early dinner,Yes - check opening/tide/weather/bookings,https://www.visitscenicrim.com.au/,
SEQ-0291,Plan / route,Fortitude Brewing / Cauldron Distillery precinct,Adult food/drink scenic outing,Food + Adult Relax,Tamborine Mountain,75,60-90 min,60-100km / bigger day trip,$$$,Lunch/Afternoon,3h,"3-6, adult",No,Maybe,High,3,4,B - planned day,Usually easy or paid nearby; verify for peak days,Usually available nearby; verify for bushwalk/beach,Fortitude Brewing / Cauldron Distillery precinct -> nearby cafe/park -> flexible early return,Yes - check opening/tide/weather/bookings,https://www.visitscenicrim.com.au/,
SEQ-0292,Plan / route,Fortitude Brewing / Cauldron Distillery precinct,Family lunch + lookout,Food + Adult Relax,Tamborine Mountain,75,60-90 min,60-100km / bigger day trip,$$,Lunch,2-3h,"3-6, adult",Maybe,Maybe,High,3,4,B - planned day,Usually easy or paid nearby; verify for peak days,Usually available nearby; verify for bushwalk/beach,Fortitude Brewing / Cauldron Distillery precinct -> nearby cafe/park -> flexible early return,Yes - check opening/tide/weather/bookings,https://www.visitscenicrim.com.au/,
SEQ-0293,Plan / route,Canungra Village,Country-style brunch,Village + Cafe,Canungra,85,75-110 min,60-100km / bigger day trip,$$,Morning,2-3h,"3-6, adult",Yes,Maybe,High,3.5,4,C - bigger day trip,Usually easy or paid nearby; verify for peak days,Usually available nearby; verify for bushwalk/beach,Canungra Village -> nearby cafe/park -> flexible early return,Yes - check opening/tide/weather/bookings,https://www.visitscenicrim.com.au/,
SEQ-0294,Plan / route,Canungra Village,Village wander + bakery,Village + Cafe,Canungra,85,75-110 min,60-100km / bigger day trip,$-$$,Morning/Afternoon,1-2h,"3-6, adult",Yes,Maybe,High,3.5,4,C - bigger day trip,Usually easy or paid nearby; verify for peak days,Usually available nearby; verify for bushwalk/beach,Canungra Village -> nearby cafe/park -> flexible early return,Yes - check opening/tide/weather/bookings,https://www.visitscenicrim.com.au/,
SEQ-0295,Plan / route,O'Reilly's Rainforest Retreat day area,Explore + easy meal,Rainforest / Birds,Lamington National Park,110,90-130 min,100km fringe / check drive,$-$$,Morning/Afternoon,2-3h,"3-6, adult",Maybe,Maybe,High,3,4,C - bigger day trip,Usually easy or paid nearby; verify for peak days,Usually available nearby; verify for bushwalk/beach,O'Reilly's Rainforest Retreat day area -> nearby cafe/park -> flexible early return,Yes - check opening/tide/weather/bookings,https://parks.desi.qld.gov.au/parks,
SEQ-0296,Plan / route,O'Reilly's Rainforest Retreat day area,Short family reset,Rainforest / Birds,Lamington National Park,110,90-130 min,100km fringe / check drive,Free-$,Afternoon,1-2h,"3-6, adult",Yes,Maybe,High,3.5,4,C - bigger day trip,Usually easy or paid nearby; verify for peak days,Usually available nearby; verify for bushwalk/beach,O'Reilly's Rainforest Retreat day area -> nearby cafe/park -> flexible early return,Yes - check opening/tide/weather/bookings,https://parks.desi.qld.gov.au/parks,
SEQ-0297,Plan / route,Binna Burra Tea House / trailheads,Explore + easy meal,Rainforest / Hiking,Lamington National Park,105,90-130 min,100km fringe / check drive,$-$$,Morning/Afternoon,2-3h,"3-6, adult",Maybe,Maybe,High,3,4,C - bigger day trip,Usually easy or paid nearby; verify for peak days,Usually available nearby; verify for bushwalk/beach,Binna Burra Tea House / trailheads -> nearby cafe/park -> flexible early return,Yes - check opening/tide/weather/bookings,https://parks.desi.qld.gov.au/parks,
SEQ-0298,Plan / route,Binna Burra Tea House / trailheads,Short family reset,Rainforest / Hiking,Lamington National Park,105,90-130 min,100km fringe / check drive,Free-$,Afternoon,1-2h,"3-6, adult",Yes,Maybe,High,3.5,4,C - bigger day trip,Usually easy or paid nearby; verify for peak days,Usually available nearby; verify for bushwalk/beach,Binna Burra Tea House / trailheads -> nearby cafe/park -> flexible early return,Yes - check opening/tide/weather/bookings,https://parks.desi.qld.gov.au/parks,
SEQ-0299,Plan / route,Green Mountains Tree Top Walk,Rainforest short walk,Rainforest Walk,Lamington National Park,110,90-130 min,100km fringe / check drive,Free,Morning,2h,"3-6, adult",Maybe,No,High,3,4,C - bigger day trip,Usually easy or paid nearby; verify for peak days,Usually available nearby; verify for bushwalk/beach,Green Mountains Tree Top Walk -> nearby cafe/park -> flexible early return,Yes - check opening/tide/weather/bookings,https://parks.desi.qld.gov.au/parks,
SEQ-0300,Plan / route,Green Mountains Tree Top Walk,Cool-weather nature reset,Rainforest Walk,Lamington National Park,110,90-130 min,100km fringe / check drive,Free,Morning/Afternoon,2-3h,"3-6, adult",Maybe,No,High,3,4,C - bigger day trip,Usually easy or paid nearby; verify for peak days,Usually available nearby; verify for bushwalk/beach,Green Mountains Tree Top Walk -> nearby cafe/park -> flexible early return,Yes - check opening/tide/weather/bookings,https://parks.desi.qld.gov.au/parks,
SEQ-0301,Plan / route,Springbrook National Park - Natural Bridge,Explore + easy meal,Glow Worm / Rainforest,Springbrook,105,90-130 min,100km fringe / check drive,$-$$,Morning/Afternoon,2-3h,"3-6, adult",Maybe,Maybe,High,3,4,C - bigger day trip,Usually easy or paid nearby; verify for peak days,Usually available nearby; verify for bushwalk/beach,Springbrook National Park - Natural Bridge -> nearby cafe/park -> flexible early return,Yes - check opening/tide/weather/bookings,https://parks.desi.qld.gov.au/parks,
SEQ-0302,Plan / route,Springbrook National Park - Natural Bridge,Short family reset,Glow Worm / Rainforest,Springbrook,105,90-130 min,100km fringe / check drive,Free-$,Afternoon,1-2h,"3-6, adult",Yes,Maybe,High,3.5,4,C - bigger day trip,Usually easy or paid nearby; verify for peak days,Usually available nearby; verify for bushwalk/beach,Springbrook National Park - Natural Bridge -> nearby cafe/park -> flexible early return,Yes - check opening/tide/weather/bookings,https://parks.desi.qld.gov.au/parks,
SEQ-0303,Plan / route,Springbrook Best of All Lookout,Sunset lookout,Lookout,Springbrook,105,90-130 min,100km fringe / check drive,Free-$,Sunset,1-2h,"3-6, adult",Maybe,No,High,3,4,C - bigger day trip,Usually easy or paid nearby; verify for peak days,Usually available nearby; verify for bushwalk/beach,Springbrook Best of All Lookout -> nearby cafe/park -> flexible early return,Yes - check opening/tide/weather/bookings,https://parks.desi.qld.gov.au/parks,
SEQ-0304,Plan / route,Springbrook Best of All Lookout,Scenic drive + coffee,Lookout,Springbrook,105,90-130 min,100km fringe / check drive,$,Morning/Afternoon,2h,"3-6, adult",Maybe,Maybe,High,3,4,C - bigger day trip,Usually easy or paid nearby; verify for peak days,Usually available nearby; verify for bushwalk/beach,Springbrook Best of All Lookout -> nearby cafe/park -> flexible early return,Yes - check opening/tide/weather/bookings,https://parks.desi.qld.gov.au/parks,
SEQ-0305,Plan / route,Purling Brook Falls,Waterfall walk,Waterfall Walk,Springbrook,100,90-130 min,60-100km / bigger day trip,Free-$,Morning,2h,"0-3, 3-6, adult",Maybe,No,Medium,4,3,C - bigger day trip,Usually easy or paid nearby; verify for peak days,Usually available nearby; verify for bushwalk/beach,Purling Brook Falls -> nearby cafe/park -> flexible early return,Yes - check opening/tide/weather/bookings,https://parks.desi.qld.gov.au/parks,
SEQ-0306,Plan / route,Purling Brook Falls,Cool cloudy-day walk,Waterfall Walk,Springbrook,100,90-130 min,60-100km / bigger day trip,Free,Morning/Afternoon,1-2h,"0-3, 3-6, adult",Maybe,No,Medium,4,3,C - bigger day trip,Usually easy or paid nearby; verify for peak days,Usually available nearby; verify for bushwalk/beach,Purling Brook Falls -> nearby cafe/park -> flexible early return,Yes - check opening/tide/weather/bookings,https://parks.desi.qld.gov.au/parks,
SEQ-0307,Plan / route,Hinze Dam Visitor Centre,Explore + easy meal,Dam / Picnic,Advancetown,78,75-110 min,60-100km / bigger day trip,$-$$,Morning/Afternoon,2-3h,"3-6, adult",Maybe,Maybe,Medium,3,3,C - bigger day trip,Usually easy or paid nearby; verify for peak days,Usually available nearby; verify for bushwalk/beach,Hinze Dam Visitor Centre -> nearby cafe/park -> flexible early return,Yes - check opening/tide/weather/bookings,https://www.destinationgoldcoast.com/,
SEQ-0308,Plan / route,Hinze Dam Visitor Centre,Short family reset,Dam / Picnic,Advancetown,78,75-110 min,60-100km / bigger day trip,Free-$,Afternoon,1-2h,"3-6, adult",Yes,Maybe,Medium,3.5,3,C - bigger day trip,Usually easy or paid nearby; verify for peak days,Usually available nearby; verify for bushwalk/beach,Hinze Dam Visitor Centre -> nearby cafe/park -> flexible early return,Yes - check opening/tide/weather/bookings,https://www.destinationgoldcoast.com/,
SEQ-0309,Plan / route,Hinze Dam Visitor Centre,Longer weekend day trip,Dam / Picnic,Advancetown,78,75-110 min,60-100km / bigger day trip,$-$$,Morning,3-5h,"3-6, adult",Maybe,No,Medium,3,3,C - bigger day trip,Usually easy or paid nearby; verify for peak days,Usually available nearby; verify for bushwalk/beach,Hinze Dam Visitor Centre -> nearby cafe/park -> flexible early return,Yes - check opening/tide/weather/bookings,https://www.destinationgoldcoast.com/,
SEQ-0310,Plan / route,Hinze Dam View Trail,Explore + easy meal,Walk / View,Advancetown,78,75-110 min,60-100km / bigger day trip,$-$$,Morning/Afternoon,2-3h,"3-6, adult",Maybe,Maybe,Medium,3,3,C - bigger day trip,Usually easy or paid nearby; verify for peak days,Usually available nearby; verify for bushwalk/beach,Hinze Dam View Trail -> nearby cafe/park -> flexible early return,Yes - check opening/tide/weather/bookings,https://www.destinationgoldcoast.com/,
SEQ-0311,Plan / route,Hinze Dam View Trail,Short family reset,Walk / View,Advancetown,78,75-110 min,60-100km / bigger day trip,Free-$,Afternoon,1-2h,"3-6, adult",Yes,Maybe,Medium,3.5,3,C - bigger day trip,Usually easy or paid nearby; verify for peak days,Usually available nearby; verify for bushwalk/beach,Hinze Dam View Trail -> nearby cafe/park -> flexible early return,Yes - check opening/tide/weather/bookings,https://www.destinationgoldcoast.com/,
SEQ-0312,Plan / route,Hinze Dam View Trail,Longer weekend day trip,Walk / View,Advancetown,78,75-110 min,60-100km / bigger day trip,$-$$,Morning,3-5h,"3-6, adult",Maybe,No,Medium,3,3,C - bigger day trip,Usually easy or paid nearby; verify for peak days,Usually available nearby; verify for bushwalk/beach,Hinze Dam View Trail -> nearby cafe/park -> flexible early return,Yes - check opening/tide/weather/bookings,https://www.destinationgoldcoast.com/,
SEQ-0313,Plan / route,Mt Tamborine Polish Place lookout,Explore + easy meal,Lookout + Food,Tamborine Mountain,76,75-110 min,60-100km / bigger day trip,$-$$,Morning/Afternoon,2-3h,"3-6, adult",Maybe,Maybe,High,3,5,C - bigger day trip,Usually easy or paid nearby; verify for peak days,Usually available nearby; verify for bushwalk/beach,Gallery Walk -> Curtis Falls/Skywalk -> lookout or early dinner,Yes - check opening/tide/weather/bookings,https://www.visitscenicrim.com.au/,
SEQ-0314,Plan / route,Mt Tamborine Polish Place lookout,Short family reset,Lookout + Food,Tamborine Mountain,76,75-110 min,60-100km / bigger day trip,Free-$,Afternoon,1-2h,"3-6, adult",Yes,Maybe,High,3.5,5,C - bigger day trip,Usually easy or paid nearby; verify for peak days,Usually available nearby; verify for bushwalk/beach,Gallery Walk -> Curtis Falls/Skywalk -> lookout or early dinner,Yes - check opening/tide/weather/bookings,https://www.visitscenicrim.com.au/,
SEQ-0315,Plan / route,Mt Tamborine Polish Place lookout,Longer weekend day trip,Lookout + Food,Tamborine Mountain,76,75-110 min,60-100km / bigger day trip,$-$$,Morning,3-5h,"3-6, adult",Maybe,No,High,3,5,C - bigger day trip,Usually easy or paid nearby; verify for peak days,Usually available nearby; verify for bushwalk/beach,Gallery Walk -> Curtis Falls/Skywalk -> lookout or early dinner,Yes - check opening/tide/weather/bookings,https://www.visitscenicrim.com.au/,
SEQ-0316,Plan / route,Beaudesert Town Centre,Country town stroll,Country Town,Beaudesert,70,60-90 min,60-100km / bigger day trip,$-$$,Morning/Lunch,2-3h,"3-6, adult",Yes,Maybe,Medium,3.5,3,B - planned day,Usually easy or paid nearby; verify for peak days,Usually available nearby; verify for bushwalk/beach,Beaudesert Town Centre -> nearby cafe/park -> flexible early return,Yes - check opening/tide/weather/bookings,https://www.visitscenicrim.com.au/,
SEQ-0317,Plan / route,Beaudesert Town Centre,Bakery + park day,Country Town,Beaudesert,70,60-90 min,60-100km / bigger day trip,$,Morning,2h,"3-6, adult",Yes,Maybe,Medium,3.5,3,B - planned day,Usually easy or paid nearby; verify for peak days,Usually available nearby; verify for bushwalk/beach,Beaudesert Town Centre -> nearby cafe/park -> flexible early return,Yes - check opening/tide/weather/bookings,https://www.visitscenicrim.com.au/,
SEQ-0318,Plan / route,Kooroomba Vineyard and Lavender Farm,Lavender farm lunch,Lavender + Food,Mount Alford,95,75-110 min,60-100km / bigger day trip,$$,Morning/Lunch,2-3h,"3-6, adult",Maybe,Maybe,High,3,5,C - bigger day trip,Usually easy or paid nearby; verify for peak days,Usually available nearby; verify for bushwalk/beach,Kooroomba Vineyard and Lavender Farm -> nearby cafe/park -> flexible early return,Yes - check opening/tide/weather/bookings,https://www.visitscenicrim.com.au/,
SEQ-0319,Plan / route,Kooroomba Vineyard and Lavender Farm,Seasonal photo outing,Lavender + Food,Mount Alford,95,75-110 min,60-100km / bigger day trip,$-$$,Flower season,2h,"3-6, adult",Maybe,No,High,3,5,C - bigger day trip,Usually easy or paid nearby; verify for peak days,Usually available nearby; verify for bushwalk/beach,Kooroomba Vineyard and Lavender Farm -> nearby cafe/park -> flexible early return,Yes - check opening/tide/weather/bookings,https://www.visitscenicrim.com.au/,
SEQ-0320,Plan / route,Boonah Town Centre,Country town stroll,Country Town,Boonah,90,75-110 min,60-100km / bigger day trip,$-$$,Morning/Lunch,2-3h,"3-6, adult",Yes,Maybe,Medium,3.5,3,C - bigger day trip,Usually easy or paid nearby; verify for peak days,Usually available nearby; verify for bushwalk/beach,Boonah Town Centre -> nearby cafe/park -> flexible early return,Yes - check opening/tide/weather/bookings,https://www.visitscenicrim.com.au/,
SEQ-0321,Plan / route,Boonah Town Centre,Bakery + park day,Country Town,Boonah,90,75-110 min,60-100km / bigger day trip,$,Morning,2h,"3-6, adult",Yes,Maybe,Medium,3.5,3,C - bigger day trip,Usually easy or paid nearby; verify for peak days,Usually available nearby; verify for bushwalk/beach,Boonah Town Centre -> nearby cafe/park -> flexible early return,Yes - check opening/tide/weather/bookings,https://www.visitscenicrim.com.au/,
SEQ-0322,Plan / route,Lake Moogerah,Lake picnic + scenic stop,Lake / Picnic,Moogerah,95,75-110 min,60-100km / bigger day trip,Free-$,Morning/Afternoon,2-4h,"3-6, adult",Maybe,No,Medium,3,3,C - bigger day trip,Usually easy or paid nearby; verify for peak days,Usually available nearby; verify for bushwalk/beach,Lake Moogerah -> nearby cafe/park -> flexible early return,Yes - check opening/tide/weather/bookings,https://www.visitscenicrim.com.au/,
SEQ-0323,Plan / route,Lake Moogerah,Quiet water-view reset,Lake / Picnic,Moogerah,95,75-110 min,60-100km / bigger day trip,Free,Afternoon,1-2h,"3-6, adult",Maybe,No,Medium,3,3,C - bigger day trip,Usually easy or paid nearby; verify for peak days,Usually available nearby; verify for bushwalk/beach,Lake Moogerah -> nearby cafe/park -> flexible early return,Yes - check opening/tide/weather/bookings,https://www.visitscenicrim.com.au/,
SEQ-0324,Plan / route,Moogerah Peaks National Park lookout areas,Scenic drive with short stops,Scenic Drive,Moogerah,98,90-130 min,60-100km / bigger day trip,$-$$,Morning/Afternoon,3-5h,"3-6, adult",Maybe,Maybe,High,3,4,C - bigger day trip,Usually easy or paid nearby; verify for peak days,Usually available nearby; verify for bushwalk/beach,Moogerah Peaks National Park lookout areas -> nearby cafe/park -> flexible early return,Yes - check opening/tide/weather/bookings,https://parks.desi.qld.gov.au/parks,
SEQ-0325,Plan / route,Moogerah Peaks National Park lookout areas,Adult mental reset drive,Scenic Drive,Moogerah,98,90-130 min,60-100km / bigger day trip,$,Afternoon,2-3h,"3-6, adult",No,Maybe,High,3,4,C - bigger day trip,Usually easy or paid nearby; verify for peak days,Usually available nearby; verify for bushwalk/beach,Moogerah Peaks National Park lookout areas -> nearby cafe/park -> flexible early return,Yes - check opening/tide/weather/bookings,https://parks.desi.qld.gov.au/parks,
SEQ-0326,Plan / route,Kalbar Village,Country village drive,Country Village,Kalbar,85,75-110 min,60-100km / bigger day trip,$-$$,Morning/Lunch,2-3h,"3-6, adult",Yes,Maybe,High,3.5,4,C - bigger day trip,Usually easy or paid nearby; verify for peak days,Usually available nearby; verify for bushwalk/beach,Kalbar Village -> nearby cafe/park -> flexible early return,Yes - check opening/tide/weather/bookings,https://www.visitscenicrim.com.au/,
SEQ-0327,Plan / route,Aratula Village,Explore + easy meal,Country Stop,Aratula,95,75-110 min,60-100km / bigger day trip,$-$$,Morning/Afternoon,2-3h,"3-6, adult",Maybe,Maybe,Medium,3,3,C - bigger day trip,Usually easy or paid nearby; verify for peak days,Usually available nearby; verify for bushwalk/beach,Aratula Village -> nearby cafe/park -> flexible early return,Yes - check opening/tide/weather/bookings,https://www.visitscenicrim.com.au/,
SEQ-0328,Plan / route,Aratula Village,Short family reset,Country Stop,Aratula,95,75-110 min,60-100km / bigger day trip,Free-$,Afternoon,1-2h,"3-6, adult",Yes,Maybe,Medium,3.5,3,C - bigger day trip,Usually easy or paid nearby; verify for peak days,Usually available nearby; verify for bushwalk/beach,Aratula Village -> nearby cafe/park -> flexible early return,Yes - check opening/tide/weather/bookings,https://www.visitscenicrim.com.au/,
SEQ-0329,Plan / route,Ipswich Art Gallery,Kids gallery session,Gallery / Kids,Ipswich,40,45-70 min,30-60km / half-day to day,Free-$,Morning,1-2h,"3-6, adult",Yes,Yes,High,3.5,4,B - planned day,Usually easy or paid nearby; verify for peak days,Usually available nearby; verify for bushwalk/beach,Queens Park -> Ipswich Nature Centre -> Ipswich Art Gallery/rail museum,Recommended,https://www.discoveripswich.com.au/,
SEQ-0330,Plan / route,RAAF Amberley Aviation Heritage Centre,Aviation heritage visit,Aviation / Heritage,Amberley,50,45-70 min,30-60km / half-day to day,$,Open days,2h,"3-6, adult",Maybe,Maybe,Medium,3,3,B - planned day,Usually easy or paid nearby; verify for peak days,Usually available nearby; verify for bushwalk/beach,RAAF Amberley Aviation Heritage Centre -> nearby cafe/park -> flexible early return,Recommended,https://www.discoveripswich.com.au/,
SEQ-0331,Plan / route,The Workshops Rail Museum,Train museum day,Museum / Trains,North Ipswich,40,45-70 min,30-60km / half-day to day,$-$$,Morning,2-3h,"0-3, 3-6, adult",Yes,Yes,Medium,4.5,3,B - planned day,Usually easy or paid nearby; verify for peak days,Usually available nearby; verify for bushwalk/beach,South Bank -> QAGOMA/Queensland Museum -> Fish Lane or riverside dinner,Recommended,https://www.discoveripswich.com.au/,
SEQ-0332,Plan / route,Queens Park Cafe / Nature Centre loop,Park + cafe loop,Park + Cafe,Ipswich,40,45-70 min,30-60km / half-day to day,$,Morning,2-3h,"0-3, 3-6, adult",Yes,Maybe,Medium,3.5,3,B - planned day,Usually easy or paid nearby; verify for peak days,Usually available nearby; verify for bushwalk/beach,Queens Park -> Ipswich Nature Centre -> Ipswich Art Gallery/rail museum,Recommended,https://www.discoveripswich.com.au/,
SEQ-0333,Plan / route,Hidden Vale Adventure Park,Bike adventure day,Bike / Nature,Grandchester,80,75-110 min,60-100km / bigger day trip,$-$$,Morning,3-5h,"3-6, adult",No,No,Medium,3,3,C - bigger day trip,Usually easy or paid nearby; verify for peak days,Usually available nearby; verify for bushwalk/beach,Hidden Vale Adventure Park -> nearby cafe/park -> flexible early return,Yes - check opening/tide/weather/bookings,https://www.discoveripswich.com.au/,
SEQ-0334,Plan / route,Laidley Village,Country town stroll,Country Town,Laidley,85,75-110 min,60-100km / bigger day trip,$-$$,Morning/Lunch,2-3h,"3-6, adult",Yes,Maybe,Medium,3.5,3,C - bigger day trip,Usually easy or paid nearby; verify for peak days,Usually available nearby; verify for bushwalk/beach,Laidley Village -> nearby cafe/park -> flexible early return,Yes - check opening/tide/weather/bookings,https://www.discoveripswich.com.au/,
SEQ-0335,Plan / route,Laidley Village,Bakery + park day,Country Town,Laidley,85,75-110 min,60-100km / bigger day trip,$,Morning,2h,"3-6, adult",Yes,Maybe,Medium,3.5,3,C - bigger day trip,Usually easy or paid nearby; verify for peak days,Usually available nearby; verify for bushwalk/beach,Laidley Village -> nearby cafe/park -> flexible early return,Yes - check opening/tide/weather/bookings,https://www.discoveripswich.com.au/,
SEQ-0336,Plan / route,Lake Wyaralong,Lake picnic + scenic stop,Lake / Picnic,Wyaralong,85,75-110 min,60-100km / bigger day trip,Free-$,Morning/Afternoon,2-4h,"3-6, adult",Maybe,No,Medium,3,3,C - bigger day trip,Usually easy or paid nearby; verify for peak days,Usually available nearby; verify for bushwalk/beach,Lake Wyaralong -> nearby cafe/park -> flexible early return,Yes - check opening/tide/weather/bookings,https://www.visitscenicrim.com.au/,
SEQ-0337,Plan / route,Lake Wyaralong,Quiet water-view reset,Lake / Picnic,Wyaralong,85,75-110 min,60-100km / bigger day trip,Free,Afternoon,1-2h,"3-6, adult",Maybe,No,Medium,3,3,C - bigger day trip,Usually easy or paid nearby; verify for peak days,Usually available nearby; verify for bushwalk/beach,Lake Wyaralong -> nearby cafe/park -> flexible early return,Yes - check opening/tide/weather/bookings,https://www.visitscenicrim.com.au/,
SEQ-0338,Plan / route,Mount Barney foothills viewpoints,Scenic drive with short stops,Scenic Drive,Rathdowney,105,90-130 min,100km fringe / check drive,$-$$,Morning/Afternoon,3-5h,"3-6, adult",Maybe,Maybe,High,3,4,C - bigger day trip,Usually easy or paid nearby; verify for peak days,Usually available nearby; verify for bushwalk/beach,Mount Barney foothills viewpoints -> nearby cafe/park -> flexible early return,Yes - check opening/tide/weather/bookings,https://www.visitscenicrim.com.au/,
SEQ-0339,Plan / route,Mount Barney foothills viewpoints,Adult mental reset drive,Scenic Drive,Rathdowney,105,90-130 min,100km fringe / check drive,$,Afternoon,2-3h,"3-6, adult",No,Maybe,High,3,4,C - bigger day trip,Usually easy or paid nearby; verify for peak days,Usually available nearby; verify for bushwalk/beach,Mount Barney foothills viewpoints -> nearby cafe/park -> flexible early return,Yes - check opening/tide/weather/bookings,https://www.visitscenicrim.com.au/,
SEQ-0340,Plan / route,Broadwater Parklands,Explore + easy meal,Coast / Playground,Southport,75,60-90 min,60-100km / bigger day trip,$-$$,Morning/Afternoon,2-3h,"0-3, 3-6, adult",Maybe,Maybe,High,4,4,B - planned day,Usually easy or paid nearby; verify for peak days,Usually available nearby; verify for bushwalk/beach,Beach/parkland -> casual lunch -> outlet or HOTA optional,Yes - check opening/tide/weather/bookings,https://www.destinationgoldcoast.com/,
SEQ-0341,Plan / route,Broadwater Parklands,Short family reset,Coast / Playground,Southport,75,60-90 min,60-100km / bigger day trip,Free-$,Afternoon,1-2h,"0-3, 3-6, adult",Yes,Maybe,High,4.5,4,B - planned day,Usually easy or paid nearby; verify for peak days,Usually available nearby; verify for bushwalk/beach,Beach/parkland -> casual lunch -> outlet or HOTA optional,Yes - check opening/tide/weather/bookings,https://www.destinationgoldcoast.com/,
SEQ-0342,Plan / route,Broadwater Parklands,Longer weekend day trip,Coast / Playground,Southport,75,60-90 min,60-100km / bigger day trip,$-$$,Morning,3-5h,"0-3, 3-6, adult",Maybe,No,High,4,4,B - planned day,Usually easy or paid nearby; verify for peak days,Usually available nearby; verify for bushwalk/beach,Beach/parkland -> casual lunch -> outlet or HOTA optional,Yes - check opening/tide/weather/bookings,https://www.destinationgoldcoast.com/,
SEQ-0343,Plan / route,Southport Rockpools,Water play + picnic,Water Play,Southport,75,60-90 min,60-100km / bigger day trip,Free-$,Morning,2-3h,"0-3, 3-6, adult",Yes,No,Medium,4.5,3,B - planned day,Usually easy or paid nearby; verify for peak days,Usually available nearby; verify for bushwalk/beach,Beach/parkland -> casual lunch -> outlet or HOTA optional,Yes - check opening/tide/weather/bookings,https://www.destinationgoldcoast.com/,
SEQ-0344,Plan / route,Southport Rockpools,Hot day toddler splash,Water Play,Southport,75,60-90 min,60-100km / bigger day trip,Free,Morning,1-2h,"0-3, 3-6, adult",Yes,No,Medium,4.5,3,B - planned day,Usually easy or paid nearby; verify for peak days,Usually available nearby; verify for bushwalk/beach,Beach/parkland -> casual lunch -> outlet or HOTA optional,Yes - check opening/tide/weather/bookings,https://www.destinationgoldcoast.com/,
SEQ-0345,Plan / route,Southport Rockpools,Family swim + easy lunch,Water Play,Southport,75,60-90 min,60-100km / bigger day trip,$,Morning/Afternoon,3h,"0-3, 3-6, adult",Yes,No,Medium,4.5,3,B - planned day,Usually easy or paid nearby; verify for peak days,Usually available nearby; verify for bushwalk/beach,Beach/parkland -> casual lunch -> outlet or HOTA optional,Yes - check opening/tide/weather/bookings,https://www.destinationgoldcoast.com/,
SEQ-0346,Plan / route,Main Beach / The Spit,Explore + easy meal,Beach / Walk,Main Beach,82,75-110 min,60-100km / bigger day trip,$-$$,Morning/Afternoon,2-3h,"0-3, 3-6, adult",Maybe,Maybe,High,4,4,C - bigger day trip,Usually easy or paid nearby; verify for peak days,Usually available nearby; verify for bushwalk/beach,Beach/parkland -> casual lunch -> outlet or HOTA optional,Yes - check opening/tide/weather/bookings,https://www.destinationgoldcoast.com/,
SEQ-0347,Plan / route,Main Beach / The Spit,Short family reset,Beach / Walk,Main Beach,82,75-110 min,60-100km / bigger day trip,Free-$,Afternoon,1-2h,"0-3, 3-6, adult",Yes,Maybe,High,4.5,4,C - bigger day trip,Usually easy or paid nearby; verify for peak days,Usually available nearby; verify for bushwalk/beach,Beach/parkland -> casual lunch -> outlet or HOTA optional,Yes - check opening/tide/weather/bookings,https://www.destinationgoldcoast.com/,
SEQ-0348,Plan / route,Federation Walk Coastal Reserve,Coastal walk + picnic,Coastal Walk,Main Beach,83,75-110 min,60-100km / bigger day trip,Free-$,Morning,2-3h,"3-6, adult",Maybe,No,High,3,4,C - bigger day trip,Usually easy or paid nearby; verify for peak days,Usually available nearby; verify for bushwalk/beach,Beach/parkland -> casual lunch -> outlet or HOTA optional,Yes - check opening/tide/weather/bookings,https://www.destinationgoldcoast.com/,
SEQ-0349,Plan / route,Sea World precinct,Theme park day,Theme Park,Main Beach,82,75-110 min,60-100km / bigger day trip,$$$,All day,5-8h,"0-3, 3-6, adult",Yes,Maybe,Medium,4.5,3,C - bigger day trip,Usually easy or paid nearby; verify for peak days,Usually available nearby; verify for bushwalk/beach,Beach/parkland -> casual lunch -> outlet or HOTA optional,Yes - check opening/tide/weather/bookings,https://www.destinationgoldcoast.com/,
SEQ-0350,Plan / route,Sea World precinct,Toddler-light version,Theme Park,Main Beach,82,75-110 min,60-100km / bigger day trip,$$$,Morning,3-4h,"0-3, 3-6, adult",Yes,Maybe,Medium,4.5,3,C - bigger day trip,Usually easy or paid nearby; verify for peak days,Usually available nearby; verify for bushwalk/beach,Beach/parkland -> casual lunch -> outlet or HOTA optional,Yes - check opening/tide/weather/bookings,https://www.destinationgoldcoast.com/,
SEQ-0351,Plan / route,Surfers Paradise Beach,Beach + city stroll,Beach / City,Surfers Paradise,78,75-110 min,60-100km / bigger day trip,$-$$,Morning/Afternoon,3h,"0-3, 3-6, adult",Yes,No,High,4.5,4,C - bigger day trip,Usually easy or paid nearby; verify for peak days,Usually available nearby; verify for bushwalk/beach,Surfers Paradise Beach -> nearby cafe/park -> flexible early return,Yes - check opening/tide/weather/bookings,https://www.destinationgoldcoast.com/,
SEQ-0352,Plan / route,HOTA Home of the Arts,Gallery + outdoor lawn,Culture / Outdoor,Surfers Paradise / Bundall,76,75-110 min,60-100km / bigger day trip,Free-$,Afternoon,2-3h,"3-6, adult",Yes,Maybe,High,3.5,4,C - bigger day trip,Usually easy or paid nearby; verify for peak days,Usually available nearby; verify for bushwalk/beach,HOTA Home of the Arts -> nearby cafe/park -> flexible early return,Yes - check opening/tide/weather/bookings,https://www.destinationgoldcoast.com/,
SEQ-0353,Plan / route,Emerald Lakes,Lakeside dining + walk,Lake / Dining,Carrara,75,60-90 min,60-100km / bigger day trip,$$,Lunch/Evening,2h,"3-6, adult",Yes,Maybe,Medium,3.5,3,B - planned day,Usually easy or paid nearby; verify for peak days,Usually available nearby; verify for bushwalk/beach,Emerald Lakes -> nearby cafe/park -> flexible early return,Yes - check opening/tide/weather/bookings,https://www.destinationgoldcoast.com/,
SEQ-0354,Plan / route,Robina Town Centre,Rainy-day shopping + play stop,Shopping / Indoor,Robina,85,75-110 min,60-100km / bigger day trip,$-$$$,Rainy day,2-4h,"0-3, 3-6, adult",Yes,Yes,Medium,4.5,3,C - bigger day trip,Usually easy or paid nearby; verify for peak days,Usually available nearby; verify for bushwalk/beach,Shopping centre -> kids play/cinema -> easy meal,Yes - check opening/tide/weather/bookings,https://www.destinationgoldcoast.com/,
SEQ-0355,Plan / route,Robina Town Centre,Cinema + meal combo,Shopping / Indoor,Robina,85,75-110 min,60-100km / bigger day trip,$$,Afternoon,3-4h,"0-3, 3-6, adult",Yes,Yes,Medium,4.5,3,C - bigger day trip,Usually easy or paid nearby; verify for peak days,Usually available nearby; verify for bushwalk/beach,Shopping centre -> kids play/cinema -> easy meal,Yes - check opening/tide/weather/bookings,https://www.destinationgoldcoast.com/,
SEQ-0356,Plan / route,Pacific Fair Shopping Centre,Rainy-day shopping + play stop,Shopping / Indoor,Broadbeach,85,75-110 min,60-100km / bigger day trip,$-$$$,Rainy day,2-4h,"0-3, 3-6, adult",Yes,Yes,Medium,4.5,3,C - bigger day trip,Usually easy or paid nearby; verify for peak days,Usually available nearby; verify for bushwalk/beach,Beach/parkland -> casual lunch -> outlet or HOTA optional,Yes - check opening/tide/weather/bookings,https://www.destinationgoldcoast.com/,
SEQ-0357,Plan / route,Pacific Fair Shopping Centre,Cinema + meal combo,Shopping / Indoor,Broadbeach,85,75-110 min,60-100km / bigger day trip,$$,Afternoon,3-4h,"0-3, 3-6, adult",Yes,Yes,Medium,4.5,3,C - bigger day trip,Usually easy or paid nearby; verify for peak days,Usually available nearby; verify for bushwalk/beach,Beach/parkland -> casual lunch -> outlet or HOTA optional,Yes - check opening/tide/weather/bookings,https://www.destinationgoldcoast.com/,
SEQ-0358,Plan / route,Kurrawa Beach,Beach morning,Beach,Broadbeach,86,75-110 min,60-100km / bigger day trip,Free-$,Morning,2-3h,"0-3, 3-6, adult",Maybe,No,High,4,4,C - bigger day trip,Usually easy or paid nearby; verify for peak days,Usually available nearby; verify for bushwalk/beach,Beach/parkland -> casual lunch -> outlet or HOTA optional,Yes - check opening/tide/weather/bookings,https://www.destinationgoldcoast.com/,
SEQ-0359,Plan / route,Kurrawa Beach,Fish & chips + beach walk,Beach,Broadbeach,86,75-110 min,60-100km / bigger day trip,$-$$,Afternoon,2h,"0-3, 3-6, adult",Yes,No,High,4.5,4,C - bigger day trip,Usually easy or paid nearby; verify for peak days,Usually available nearby; verify for bushwalk/beach,Beach/parkland -> casual lunch -> outlet or HOTA optional,Yes - check opening/tide/weather/bookings,https://www.destinationgoldcoast.com/,
SEQ-0360,Plan / route,Burleigh Heads National Park,Coastal walk + picnic,Coastal Walk,Burleigh Heads,92,75-110 min,60-100km / bigger day trip,Free-$,Morning,2-3h,"3-6, adult",Maybe,No,High,3,4,C - bigger day trip,Usually easy or paid nearby; verify for peak days,Usually available nearby; verify for bushwalk/beach,Beach/parkland -> casual lunch -> outlet or HOTA optional,Yes - check opening/tide/weather/bookings,https://parks.desi.qld.gov.au/parks,
SEQ-0361,Plan / route,Burleigh Beach,Explore + easy meal,Beach + Food,Burleigh Heads,92,75-110 min,60-100km / bigger day trip,$-$$,Morning/Afternoon,2-3h,"0-3, 3-6, adult",Maybe,Maybe,High,4,5,C - bigger day trip,Usually easy or paid nearby; verify for peak days,Usually available nearby; verify for bushwalk/beach,Beach/parkland -> casual lunch -> outlet or HOTA optional,Yes - check opening/tide/weather/bookings,https://www.destinationgoldcoast.com/,
SEQ-0362,Plan / route,Burleigh Beach,Short family reset,Beach + Food,Burleigh Heads,92,75-110 min,60-100km / bigger day trip,Free-$,Afternoon,1-2h,"0-3, 3-6, adult",Yes,Maybe,High,4.5,5,C - bigger day trip,Usually easy or paid nearby; verify for peak days,Usually available nearby; verify for bushwalk/beach,Beach/parkland -> casual lunch -> outlet or HOTA optional,Yes - check opening/tide/weather/bookings,https://www.destinationgoldcoast.com/,
SEQ-0363,Plan / route,Tallebudgera Creek,Calm water swim/paddle,Calm Water,Palm Beach,96,90-130 min,60-100km / bigger day trip,Free-$,Morning,2-3h,"0-3, 3-6, adult",Maybe,No,Medium,4,3,C - bigger day trip,Usually easy or paid nearby; verify for peak days,Usually available nearby; verify for bushwalk/beach,Tallebudgera Creek -> nearby cafe/park -> flexible early return,Yes - check opening/tide/weather/bookings,https://www.destinationgoldcoast.com/,
SEQ-0364,Plan / route,Currumbin Creek,Explore + easy meal,Creek / Beach,Currumbin,100,90-130 min,60-100km / bigger day trip,$-$$,Morning/Afternoon,2-3h,"0-3, 3-6, adult",Maybe,Maybe,High,4,4,C - bigger day trip,Usually easy or paid nearby; verify for peak days,Usually available nearby; verify for bushwalk/beach,Currumbin Creek -> nearby cafe/park -> flexible early return,Yes - check opening/tide/weather/bookings,https://www.destinationgoldcoast.com/,
SEQ-0365,Plan / route,Currumbin Creek,Short family reset,Creek / Beach,Currumbin,100,90-130 min,60-100km / bigger day trip,Free-$,Afternoon,1-2h,"0-3, 3-6, adult",Yes,Maybe,High,4.5,4,C - bigger day trip,Usually easy or paid nearby; verify for peak days,Usually available nearby; verify for bushwalk/beach,Currumbin Creek -> nearby cafe/park -> flexible early return,Yes - check opening/tide/weather/bookings,https://www.destinationgoldcoast.com/,
SEQ-0366,Plan / route,Currumbin Wildlife Sanctuary,Explore + easy meal,Wildlife,Currumbin,100,90-130 min,60-100km / bigger day trip,$-$$,Morning/Afternoon,2-3h,"0-3, 3-6, adult",Maybe,Maybe,Medium,4,3,C - bigger day trip,Usually easy or paid nearby; verify for peak days,Usually available nearby; verify for bushwalk/beach,Currumbin Wildlife Sanctuary -> nearby cafe/park -> flexible early return,Yes - check opening/tide/weather/bookings,https://www.destinationgoldcoast.com/,
SEQ-0367,Plan / route,Currumbin Wildlife Sanctuary,Short family reset,Wildlife,Currumbin,100,90-130 min,60-100km / bigger day trip,Free-$,Afternoon,1-2h,"0-3, 3-6, adult",Yes,Maybe,Medium,4.5,3,C - bigger day trip,Usually easy or paid nearby; verify for peak days,Usually available nearby; verify for bushwalk/beach,Currumbin Wildlife Sanctuary -> nearby cafe/park -> flexible early return,Yes - check opening/tide/weather/bookings,https://www.destinationgoldcoast.com/,
SEQ-0368,Plan / route,David Fleay Wildlife Park,Explore + easy meal,Wildlife / Wetland,Burleigh Heads,92,75-110 min,60-100km / bigger day trip,$-$$,Morning/Afternoon,2-3h,"0-3, 3-6, adult",Maybe,Maybe,Medium,4,3,C - bigger day trip,Usually easy or paid nearby; verify for peak days,Usually available nearby; verify for bushwalk/beach,Beach/parkland -> casual lunch -> outlet or HOTA optional,Yes - check opening/tide/weather/bookings,https://www.destinationgoldcoast.com/,
SEQ-0369,Plan / route,David Fleay Wildlife Park,Short family reset,Wildlife / Wetland,Burleigh Heads,92,75-110 min,60-100km / bigger day trip,Free-$,Afternoon,1-2h,"0-3, 3-6, adult",Yes,Maybe,Medium,4.5,3,C - bigger day trip,Usually easy or paid nearby; verify for peak days,Usually available nearby; verify for bushwalk/beach,Beach/parkland -> casual lunch -> outlet or HOTA optional,Yes - check opening/tide/weather/bookings,https://www.destinationgoldcoast.com/,
SEQ-0370,Plan / route,Paradise Point Parklands,Explore + easy meal,Coast / Park,Paradise Point,65,60-90 min,60-100km / bigger day trip,$-$$,Morning/Afternoon,2-3h,"0-3, 3-6, adult",Maybe,Maybe,High,3,4,B - planned day,Usually easy or paid nearby; verify for peak days,Usually available nearby; verify for bushwalk/beach,Paradise Point Parklands -> nearby cafe/park -> flexible early return,Yes - check opening/tide/weather/bookings,https://www.destinationgoldcoast.com/,
SEQ-0371,Plan / route,Paradise Point Parklands,Short family reset,Coast / Park,Paradise Point,65,60-90 min,60-100km / bigger day trip,Free-$,Afternoon,1-2h,"0-3, 3-6, adult",Yes,Maybe,High,3.5,4,B - planned day,Usually easy or paid nearby; verify for peak days,Usually available nearby; verify for bushwalk/beach,Paradise Point Parklands -> nearby cafe/park -> flexible early return,Yes - check opening/tide/weather/bookings,https://www.destinationgoldcoast.com/,
SEQ-0372,Plan / route,Paradise Point Parklands,Longer weekend day trip,Coast / Park,Paradise Point,65,60-90 min,60-100km / bigger day trip,$-$$,Morning,3-5h,"0-3, 3-6, adult",Maybe,No,High,3,4,B - planned day,Usually easy or paid nearby; verify for peak days,Usually available nearby; verify for bushwalk/beach,Paradise Point Parklands -> nearby cafe/park -> flexible early return,Yes - check opening/tide/weather/bookings,https://www.destinationgoldcoast.com/,
SEQ-0373,Plan / route,Harbour Town Premium Outlets,Outlet shopping day,Outlet Shopping,Biggera Waters,70,60-90 min,60-100km / bigger day trip,$-$$$,Rainy day/Afternoon,2-4h,"0-3, 3-6, adult",Yes,Yes,Medium,3.5,3,B - planned day,Usually easy or paid nearby; verify for peak days,Usually available nearby; verify for bushwalk/beach,Shopping centre -> kids play/cinema -> easy meal,Yes - check opening/tide/weather/bookings,https://www.destinationgoldcoast.com/,
SEQ-0374,Plan / route,Hope Island Marina Village,Marina lunch + walk,Harbour / Dining,Hope Island,62,60-90 min,60-100km / bigger day trip,$$$,Lunch,2h,"3-6, adult",Yes,Maybe,Medium,3.5,3,B - planned day,Usually easy or paid nearby; verify for peak days,Usually available nearby; verify for bushwalk/beach,Ferry planning -> beach/walk -> early return buffer,Yes - check opening/tide/weather/bookings,https://www.destinationgoldcoast.com/,
SEQ-0375,Plan / route,Sanctuary Cove,Explore + easy meal,Village + Dining,Hope Island,62,60-90 min,60-100km / bigger day trip,$-$$,Morning/Afternoon,2-3h,"3-6, adult",Maybe,Maybe,High,3,4,B - planned day,Usually easy or paid nearby; verify for peak days,Usually available nearby; verify for bushwalk/beach,Sanctuary Cove -> nearby cafe/park -> flexible early return,Yes - check opening/tide/weather/bookings,https://www.destinationgoldcoast.com/,
SEQ-0376,Plan / route,Sanctuary Cove,Short family reset,Village + Dining,Hope Island,62,60-90 min,60-100km / bigger day trip,Free-$,Afternoon,1-2h,"3-6, adult",Yes,Maybe,High,3.5,4,B - planned day,Usually easy or paid nearby; verify for peak days,Usually available nearby; verify for bushwalk/beach,Sanctuary Cove -> nearby cafe/park -> flexible early return,Yes - check opening/tide/weather/bookings,https://www.destinationgoldcoast.com/,
SEQ-0377,Plan / route,Sanctuary Cove,Longer weekend day trip,Village + Dining,Hope Island,62,60-90 min,60-100km / bigger day trip,$-$$,Morning,3-5h,"3-6, adult",Maybe,No,High,3,4,B - planned day,Usually easy or paid nearby; verify for peak days,Usually available nearby; verify for bushwalk/beach,Sanctuary Cove -> nearby cafe/park -> flexible early return,Yes - check opening/tide/weather/bookings,https://www.destinationgoldcoast.com/,
SEQ-0378,Plan / route,Dreamworld,Theme park day,Theme Park,Coomera,55,60-90 min,30-60km / half-day to day,$$$,All day,5-8h,"0-3, 3-6, adult",Yes,Maybe,Medium,4.5,3,B - planned day,Usually easy or paid nearby; verify for peak days,Usually available nearby; verify for bushwalk/beach,Dreamworld -> nearby cafe/park -> flexible early return,Yes - check opening/tide/weather/bookings,https://www.destinationgoldcoast.com/,
SEQ-0379,Plan / route,Dreamworld,Toddler-light version,Theme Park,Coomera,55,60-90 min,30-60km / half-day to day,$$$,Morning,3-4h,"0-3, 3-6, adult",Yes,Maybe,Medium,4.5,3,B - planned day,Usually easy or paid nearby; verify for peak days,Usually available nearby; verify for bushwalk/beach,Dreamworld -> nearby cafe/park -> flexible early return,Yes - check opening/tide/weather/bookings,https://www.destinationgoldcoast.com/,
SEQ-0380,Plan / route,WhiteWater World,Water park day,Water Park,Coomera,55,60-90 min,30-60km / half-day to day,$$$,Summer/Morning,4-6h,"0-3, 3-6, adult",Yes,No,Medium,4.5,3,B - planned day,Usually easy or paid nearby; verify for peak days,Usually available nearby; verify for bushwalk/beach,WhiteWater World -> nearby cafe/park -> flexible early return,Recommended,https://www.destinationgoldcoast.com/,
SEQ-0381,Plan / route,Warner Bros. Movie World,Theme park day,Theme Park,Oxenford,60,60-90 min,30-60km / half-day to day,$$$,All day,5-8h,"0-3, 3-6, adult",Yes,Maybe,Medium,4.5,3,B - planned day,Usually easy or paid nearby; verify for peak days,Usually available nearby; verify for bushwalk/beach,Warner Bros. Movie World -> nearby cafe/park -> flexible early return,Yes - check opening/tide/weather/bookings,https://www.destinationgoldcoast.com/,
SEQ-0382,Plan / route,Warner Bros. Movie World,Toddler-light version,Theme Park,Oxenford,60,60-90 min,30-60km / half-day to day,$$$,Morning,3-4h,"0-3, 3-6, adult",Yes,Maybe,Medium,4.5,3,B - planned day,Usually easy or paid nearby; verify for peak days,Usually available nearby; verify for bushwalk/beach,Warner Bros. Movie World -> nearby cafe/park -> flexible early return,Yes - check opening/tide/weather/bookings,https://www.destinationgoldcoast.com/,
SEQ-0383,Plan / route,Wet'n'Wild Gold Coast,Water park day,Water Park,Oxenford,60,60-90 min,30-60km / half-day to day,$$$,Summer/Morning,4-6h,"0-3, 3-6, adult",Yes,No,Medium,4.5,3,B - planned day,Usually easy or paid nearby; verify for peak days,Usually available nearby; verify for bushwalk/beach,Wet'n'Wild Gold Coast -> nearby cafe/park -> flexible early return,Recommended,https://www.destinationgoldcoast.com/,
SEQ-0384,Plan / route,Australian Outback Spectacular,Dinner show night,Show / Dinner,Oxenford,60,60-90 min,30-60km / half-day to day,$$$,Night,3-4h,"3-6, adult",Maybe,Yes,Medium,3,3,B - planned day,Usually easy or paid nearby; verify for peak days,Usually available nearby; verify for bushwalk/beach,Australian Outback Spectacular -> nearby cafe/park -> flexible early return,Yes - check opening/tide/weather/bookings,https://www.destinationgoldcoast.com/,
SEQ-0385,Plan / route,Tamborine Oxenford Road scenic drive,Scenic drive with short stops,Scenic Drive,Gold Coast Hinterland,65,60-90 min,60-100km / bigger day trip,$-$$,Morning/Afternoon,3-5h,"3-6, adult",Maybe,Maybe,High,3,4,B - planned day,Usually easy or paid nearby; verify for peak days,Usually available nearby; verify for bushwalk/beach,Gallery Walk -> Curtis Falls/Skywalk -> lookout or early dinner,Yes - check opening/tide/weather/bookings,https://www.destinationgoldcoast.com/,
SEQ-0386,Plan / route,Tamborine Oxenford Road scenic drive,Adult mental reset drive,Scenic Drive,Gold Coast Hinterland,65,60-90 min,60-100km / bigger day trip,$,Afternoon,2-3h,"3-6, adult",No,Maybe,High,3,4,B - planned day,Usually easy or paid nearby; verify for peak days,Usually available nearby; verify for bushwalk/beach,Gallery Walk -> Curtis Falls/Skywalk -> lookout or early dinner,Yes - check opening/tide/weather/bookings,https://www.destinationgoldcoast.com/,
SEQ-0387,Plan / route,Beenleigh Historical Village,Heritage village day,Heritage / Family,Beenleigh,35,45-70 min,30-60km / half-day to day,$-$$,Morning,2-3h,"3-6, adult",Maybe,Maybe,Medium,3,3,B - planned day,Usually easy or paid nearby; verify for peak days,Usually available nearby; verify for bushwalk/beach,Beenleigh Historical Village -> nearby cafe/park -> flexible early return,Recommended,https://www.logan.qld.gov.au/,
SEQ-0388,Plan / route,Beenleigh Historical Village,Slow history walk,Heritage / Family,Beenleigh,35,45-70 min,30-60km / half-day to day,$,Morning,1-2h,"3-6, adult",Maybe,Maybe,Medium,3,3,B - planned day,Usually easy or paid nearby; verify for peak days,Usually available nearby; verify for bushwalk/beach,Beenleigh Historical Village -> nearby cafe/park -> flexible early return,Recommended,https://www.logan.qld.gov.au/,
SEQ-0389,Plan / route,Kingston Butter Factory Cultural Precinct,Explore + easy meal,Culture / Events,Logan,25,30-50 min,15-30km / easy half-day,$-$$,Morning/Afternoon,2-3h,"3-6, adult",Maybe,Maybe,High,3,4,A - easy repeat,Usually easy or paid nearby; verify for peak days,Usually available nearby; verify for bushwalk/beach,Kingston Butter Factory Cultural Precinct -> nearby cafe/park -> flexible early return,Recommended,https://www.logan.qld.gov.au/,
SEQ-0390,Plan / route,Kingston Butter Factory Cultural Precinct,Short family reset,Culture / Events,Logan,25,30-50 min,15-30km / easy half-day,Free-$,Afternoon,1-2h,"3-6, adult",Yes,Maybe,High,3.5,4,A - easy repeat,Usually easy or paid nearby; verify for peak days,Usually available nearby; verify for bushwalk/beach,Kingston Butter Factory Cultural Precinct -> nearby cafe/park -> flexible early return,Recommended,https://www.logan.qld.gov.au/,
SEQ-0391,Plan / route,Kingston Butter Factory Cultural Precinct,Longer weekend day trip,Culture / Events,Logan,25,30-50 min,15-30km / easy half-day,$-$$,Morning,3-5h,"3-6, adult",Maybe,No,High,3,4,A - easy repeat,Usually easy or paid nearby; verify for peak days,Usually available nearby; verify for bushwalk/beach,Kingston Butter Factory Cultural Precinct -> nearby cafe/park -> flexible early return,Recommended,https://www.logan.qld.gov.au/,
SEQ-0392,Plan / route,Logan Hyperdome,Rainy-day shopping + play stop,Shopping / Indoor,Loganholme,30,30-50 min,15-30km / easy half-day,$-$$$,Rainy day,2-4h,"0-3, 3-6, adult",Yes,Yes,Medium,4.5,3,A - easy repeat,Usually easy or paid nearby; verify for peak days,Usually available nearby; verify for bushwalk/beach,Shopping centre -> kids play/cinema -> easy meal,Recommended,https://www.logan.qld.gov.au/,
SEQ-0393,Plan / route,Logan Hyperdome,Cinema + meal combo,Shopping / Indoor,Loganholme,30,30-50 min,15-30km / easy half-day,$$,Afternoon,3-4h,"0-3, 3-6, adult",Yes,Yes,Medium,4.5,3,A - easy repeat,Usually easy or paid nearby; verify for peak days,Usually available nearby; verify for bushwalk/beach,Shopping centre -> kids play/cinema -> easy meal,Recommended,https://www.logan.qld.gov.au/,
SEQ-0394,Plan / route,Glass House Mountains Lookout,Sunset lookout,Lookout,Glass House Mountains,70,60-90 min,60-100km / bigger day trip,Free-$,Sunset,1-2h,"3-6, adult",Maybe,No,High,3,4,B - planned day,Usually easy or paid nearby; verify for peak days,Usually available nearby; verify for bushwalk/beach,Glass House Mountains Lookout -> nearby cafe/park -> flexible early return,Yes - check opening/tide/weather/bookings,https://www.visitsunshinecoast.com/,
SEQ-0395,Plan / route,Glass House Mountains Lookout,Scenic drive + coffee,Lookout,Glass House Mountains,70,60-90 min,60-100km / bigger day trip,$,Morning/Afternoon,2h,"3-6, adult",Maybe,Maybe,High,3,4,B - planned day,Usually easy or paid nearby; verify for peak days,Usually available nearby; verify for bushwalk/beach,Glass House Mountains Lookout -> nearby cafe/park -> flexible early return,Yes - check opening/tide/weather/bookings,https://www.visitsunshinecoast.com/,
SEQ-0396,Plan / route,Wild Horse Mountain Lookout,Explore + easy meal,Lookout / Short Walk,Beerburrum,62,60-90 min,60-100km / bigger day trip,$-$$,Morning/Afternoon,2-3h,"3-6, adult",Maybe,Maybe,High,3,4,B - planned day,Usually easy or paid nearby; verify for peak days,Usually available nearby; verify for bushwalk/beach,Wild Horse Mountain Lookout -> nearby cafe/park -> flexible early return,Yes - check opening/tide/weather/bookings,https://www.visitsunshinecoast.com/,
SEQ-0397,Plan / route,Wild Horse Mountain Lookout,Short family reset,Lookout / Short Walk,Beerburrum,62,60-90 min,60-100km / bigger day trip,Free-$,Afternoon,1-2h,"3-6, adult",Yes,Maybe,High,3.5,4,B - planned day,Usually easy or paid nearby; verify for peak days,Usually available nearby; verify for bushwalk/beach,Wild Horse Mountain Lookout -> nearby cafe/park -> flexible early return,Yes - check opening/tide/weather/bookings,https://www.visitsunshinecoast.com/,
SEQ-0398,Plan / route,Wild Horse Mountain Lookout,Longer weekend day trip,Lookout / Short Walk,Beerburrum,62,60-90 min,60-100km / bigger day trip,$-$$,Morning,3-5h,"3-6, adult",Maybe,No,High,3,4,B - planned day,Usually easy or paid nearby; verify for peak days,Usually available nearby; verify for bushwalk/beach,Wild Horse Mountain Lookout -> nearby cafe/park -> flexible early return,Yes - check opening/tide/weather/bookings,https://www.visitsunshinecoast.com/,
SEQ-0399,Plan / route,Mount Ngungun,Explore + easy meal,Hike / View,Glass House Mountains,75,60-90 min,60-100km / bigger day trip,$-$$,Morning/Afternoon,2-3h,"3-6+, adult",Maybe,Maybe,Medium,3,3,B - planned day,Usually easy or paid nearby; verify for peak days,Usually available nearby; verify for bushwalk/beach,Mount Ngungun -> nearby cafe/park -> flexible early return,Yes - check opening/tide/weather/bookings,https://parks.desi.qld.gov.au/parks,
SEQ-0400,Plan / route,Mount Ngungun,Short family reset,Hike / View,Glass House Mountains,75,60-90 min,60-100km / bigger day trip,Free-$,Afternoon,1-2h,"3-6+, adult",Yes,Maybe,Medium,3.5,3,B - planned day,Usually easy or paid nearby; verify for peak days,Usually available nearby; verify for bushwalk/beach,Mount Ngungun -> nearby cafe/park -> flexible early return,Yes - check opening/tide/weather/bookings,https://parks.desi.qld.gov.au/parks,
SEQ-0401,Plan / route,Mount Ngungun,Longer weekend day trip,Hike / View,Glass House Mountains,75,60-90 min,60-100km / bigger day trip,$-$$,Morning,3-5h,"3-6+, adult",Maybe,No,Medium,3,3,B - planned day,Usually easy or paid nearby; verify for peak days,Usually available nearby; verify for bushwalk/beach,Mount Ngungun -> nearby cafe/park -> flexible early return,Yes - check opening/tide/weather/bookings,https://parks.desi.qld.gov.au/parks,
SEQ-0402,Plan / route,Mary Cairncross Scenic Reserve,Explore + easy meal,Rainforest / View,Maleny,92,75-110 min,60-100km / bigger day trip,$-$$,Morning/Afternoon,2-3h,"3-6, adult",Maybe,Maybe,High,3,4,C - bigger day trip,Usually easy or paid nearby; verify for peak days,Usually available nearby; verify for bushwalk/beach,Mary Cairncross Scenic Reserve -> nearby cafe/park -> flexible early return,Yes - check opening/tide/weather/bookings,https://www.visitsunshinecoast.com/,
SEQ-0403,Plan / route,Mary Cairncross Scenic Reserve,Short family reset,Rainforest / View,Maleny,92,75-110 min,60-100km / bigger day trip,Free-$,Afternoon,1-2h,"3-6, adult",Yes,Maybe,High,3.5,4,C - bigger day trip,Usually easy or paid nearby; verify for peak days,Usually available nearby; verify for bushwalk/beach,Mary Cairncross Scenic Reserve -> nearby cafe/park -> flexible early return,Yes - check opening/tide/weather/bookings,https://www.visitsunshinecoast.com/,
SEQ-0404,Plan / route,Maleny Botanic Gardens & Bird World,Explore + easy meal,Garden / Birds,Maleny,95,75-110 min,60-100km / bigger day trip,$-$$,Morning/Afternoon,2-3h,"0-3, 3-6, adult",Maybe,Maybe,High,3,4,C - bigger day trip,Usually easy or paid nearby; verify for peak days,Usually available nearby; verify for bushwalk/beach,Maleny/Montville village -> Mary Cairncross -> dairy/cheese stop,Yes - check opening/tide/weather/bookings,https://www.visitsunshinecoast.com/,
SEQ-0405,Plan / route,Maleny Botanic Gardens & Bird World,Short family reset,Garden / Birds,Maleny,95,75-110 min,60-100km / bigger day trip,Free-$,Afternoon,1-2h,"0-3, 3-6, adult",Yes,Maybe,High,3.5,4,C - bigger day trip,Usually easy or paid nearby; verify for peak days,Usually available nearby; verify for bushwalk/beach,Maleny/Montville village -> Mary Cairncross -> dairy/cheese stop,Yes - check opening/tide/weather/bookings,https://www.visitsunshinecoast.com/,
SEQ-0406,Plan / route,Maleny Dairy,Explore + easy meal,Farm / Food,Maleny,93,75-110 min,60-100km / bigger day trip,$-$$,Morning/Afternoon,2-3h,"0-3, 3-6, adult",Maybe,Maybe,High,4,4,C - bigger day trip,Usually easy or paid nearby; verify for peak days,Usually available nearby; verify for bushwalk/beach,Maleny/Montville village -> Mary Cairncross -> dairy/cheese stop,Yes - check opening/tide/weather/bookings,https://www.visitsunshinecoast.com/,
SEQ-0407,Plan / route,Maleny Dairy,Short family reset,Farm / Food,Maleny,93,75-110 min,60-100km / bigger day trip,Free-$,Afternoon,1-2h,"0-3, 3-6, adult",Yes,Maybe,High,4.5,4,C - bigger day trip,Usually easy or paid nearby; verify for peak days,Usually available nearby; verify for bushwalk/beach,Maleny/Montville village -> Mary Cairncross -> dairy/cheese stop,Yes - check opening/tide/weather/bookings,https://www.visitsunshinecoast.com/,
SEQ-0408,Plan / route,Maleny Town Centre,Village brunch + stroll,Village + Food,Maleny,92,75-110 min,60-100km / bigger day trip,$$,Morning,2-3h,"3-6, adult",Yes,Maybe,High,3.5,5,C - bigger day trip,Usually easy or paid nearby; verify for peak days,Usually available nearby; verify for bushwalk/beach,Maleny/Montville village -> Mary Cairncross -> dairy/cheese stop,Yes - check opening/tide/weather/bookings,https://www.visitsunshinecoast.com/,
SEQ-0409,Plan / route,Maleny Town Centre,Early family dinner,Village + Food,Maleny,92,75-110 min,60-100km / bigger day trip,$$,Evening,2h,"3-6, adult",Yes,Maybe,High,3.5,5,C - bigger day trip,Usually easy or paid nearby; verify for peak days,Usually available nearby; verify for bushwalk/beach,Maleny/Montville village -> Mary Cairncross -> dairy/cheese stop,Yes - check opening/tide/weather/bookings,https://www.visitsunshinecoast.com/,
SEQ-0410,Plan / route,Gardners Falls,Waterfall picnic,Waterfall / Picnic,Maleny,94,75-110 min,60-100km / bigger day trip,Free-$,Morning,2-3h,"0-3, 3-6, adult",Maybe,No,Medium,4,3,C - bigger day trip,Usually easy or paid nearby; verify for peak days,Usually available nearby; verify for bushwalk/beach,Gardners Falls -> nearby cafe/park -> flexible early return,Yes - check opening/tide/weather/bookings,https://parks.desi.qld.gov.au/parks,
SEQ-0411,Plan / route,Gardners Falls,Scenic stop after lunch,Waterfall / Picnic,Maleny,94,75-110 min,60-100km / bigger day trip,Free,Afternoon,1-2h,"0-3, 3-6, adult",Maybe,No,Medium,4,3,C - bigger day trip,Usually easy or paid nearby; verify for peak days,Usually available nearby; verify for bushwalk/beach,Gardners Falls -> nearby cafe/park -> flexible early return,Yes - check opening/tide/weather/bookings,https://parks.desi.qld.gov.au/parks,
SEQ-0412,Plan / route,Montville Village,Explore + easy meal,Village + Views,Montville,100,90-130 min,60-100km / bigger day trip,$-$$,Morning/Afternoon,2-3h,"3-6, adult",Maybe,Maybe,High,3,4,C - bigger day trip,Usually easy or paid nearby; verify for peak days,Usually available nearby; verify for bushwalk/beach,Maleny/Montville village -> Mary Cairncross -> dairy/cheese stop,Yes - check opening/tide/weather/bookings,https://www.visitsunshinecoast.com/,
SEQ-0413,Plan / route,Montville Village,Short family reset,Village + Views,Montville,100,90-130 min,60-100km / bigger day trip,Free-$,Afternoon,1-2h,"3-6, adult",Yes,Maybe,High,3.5,4,C - bigger day trip,Usually easy or paid nearby; verify for peak days,Usually available nearby; verify for bushwalk/beach,Maleny/Montville village -> Mary Cairncross -> dairy/cheese stop,Yes - check opening/tide/weather/bookings,https://www.visitsunshinecoast.com/,
SEQ-0414,Plan / route,Kondalilla National Park,Explore + easy meal,Waterfall / Rainforest,Montville,105,90-130 min,100km fringe / check drive,$-$$,Morning/Afternoon,2-3h,"0-3, 3-6, adult",Maybe,Maybe,High,4,4,C - bigger day trip,Usually easy or paid nearby; verify for peak days,Usually available nearby; verify for bushwalk/beach,Kondalilla National Park -> nearby cafe/park -> flexible early return,Yes - check opening/tide/weather/bookings,https://parks.desi.qld.gov.au/parks,
SEQ-0415,Plan / route,Kondalilla National Park,Short family reset,Waterfall / Rainforest,Montville,105,90-130 min,100km fringe / check drive,Free-$,Afternoon,1-2h,"0-3, 3-6, adult",Yes,Maybe,High,4.5,4,C - bigger day trip,Usually easy or paid nearby; verify for peak days,Usually available nearby; verify for bushwalk/beach,Kondalilla National Park -> nearby cafe/park -> flexible early return,Yes - check opening/tide/weather/bookings,https://parks.desi.qld.gov.au/parks,
SEQ-0416,Plan / route,Australia Zoo,Zoo day,Wildlife / Zoo,Beerwah,80,75-110 min,60-100km / bigger day trip,$$$,All day,5-7h,"0-3, 3-6, adult",Yes,Maybe,Medium,5,3,C - bigger day trip,Usually easy or paid nearby; verify for peak days,Usually available nearby; verify for bushwalk/beach,Australia Zoo -> nearby cafe/park -> flexible early return,Yes - check opening/tide/weather/bookings,https://www.visitsunshinecoast.com/,
SEQ-0417,Plan / route,Australia Zoo,Short zoo highlights,Wildlife / Zoo,Beerwah,80,75-110 min,60-100km / bigger day trip,$$$,Morning,3h,"0-3, 3-6, adult",Yes,Maybe,Medium,5,3,C - bigger day trip,Usually easy or paid nearby; verify for peak days,Usually available nearby; verify for bushwalk/beach,Australia Zoo -> nearby cafe/park -> flexible early return,Yes - check opening/tide/weather/bookings,https://www.visitsunshinecoast.com/,
SEQ-0418,Plan / route,Big Kart Track,Go-kart adventure,Go Kart,Landsborough,85,75-110 min,60-100km / bigger day trip,$$$,Morning/Afternoon,2h,"3-6, adult",No,Maybe,Medium,3,3,C - bigger day trip,Usually easy or paid nearby; verify for peak days,Usually available nearby; verify for bushwalk/beach,Big Kart Track -> nearby cafe/park -> flexible early return,Yes - check opening/tide/weather/bookings,https://www.visitsunshinecoast.com/,
SEQ-0419,Plan / route,Aussie World,Theme park day,Theme Park,Palmview,85,75-110 min,60-100km / bigger day trip,$$$,All day,5-8h,"0-3, 3-6, adult",Yes,Maybe,Medium,4.5,3,C - bigger day trip,Usually easy or paid nearby; verify for peak days,Usually available nearby; verify for bushwalk/beach,Aussie World -> nearby cafe/park -> flexible early return,Yes - check opening/tide/weather/bookings,https://www.visitsunshinecoast.com/,
SEQ-0420,Plan / route,Aussie World,Toddler-light version,Theme Park,Palmview,85,75-110 min,60-100km / bigger day trip,$$$,Morning,3-4h,"0-3, 3-6, adult",Yes,Maybe,Medium,4.5,3,C - bigger day trip,Usually easy or paid nearby; verify for peak days,Usually available nearby; verify for bushwalk/beach,Aussie World -> nearby cafe/park -> flexible early return,Yes - check opening/tide/weather/bookings,https://www.visitsunshinecoast.com/,
SEQ-0421,Plan / route,The Big Pineapple / Wildlife HQ,Explore + easy meal,Wildlife / Icon,Woombye,102,90-130 min,100km fringe / check drive,$-$$,Morning/Afternoon,2-3h,"0-3, 3-6, adult",Maybe,Maybe,Medium,4,3,C - bigger day trip,Usually easy or paid nearby; verify for peak days,Usually available nearby; verify for bushwalk/beach,The Big Pineapple / Wildlife HQ -> nearby cafe/park -> flexible early return,Yes - check opening/tide/weather/bookings,https://www.visitsunshinecoast.com/,
SEQ-0422,Plan / route,The Big Pineapple / Wildlife HQ,Short family reset,Wildlife / Icon,Woombye,102,90-130 min,100km fringe / check drive,Free-$,Afternoon,1-2h,"0-3, 3-6, adult",Yes,Maybe,Medium,4.5,3,C - bigger day trip,Usually easy or paid nearby; verify for peak days,Usually available nearby; verify for bushwalk/beach,The Big Pineapple / Wildlife HQ -> nearby cafe/park -> flexible early return,Yes - check opening/tide/weather/bookings,https://www.visitsunshinecoast.com/,
SEQ-0423,Plan / route,Caloundra Bulcock Beach,Beach morning,Beach,Caloundra,95,75-110 min,60-100km / bigger day trip,Free-$,Morning,2-3h,"0-3, 3-6, adult",Maybe,No,High,4,4,C - bigger day trip,Usually easy or paid nearby; verify for peak days,Usually available nearby; verify for bushwalk/beach,Caloundra Bulcock Beach -> nearby cafe/park -> flexible early return,Yes - check opening/tide/weather/bookings,https://www.visitsunshinecoast.com/,
SEQ-0424,Plan / route,Caloundra Bulcock Beach,Fish & chips + beach walk,Beach,Caloundra,95,75-110 min,60-100km / bigger day trip,$-$$,Afternoon,2h,"0-3, 3-6, adult",Yes,No,High,4.5,4,C - bigger day trip,Usually easy or paid nearby; verify for peak days,Usually available nearby; verify for bushwalk/beach,Caloundra Bulcock Beach -> nearby cafe/park -> flexible early return,Yes - check opening/tide/weather/bookings,https://www.visitsunshinecoast.com/,
SEQ-0425,Plan / route,Kings Beach,Beach + ocean pool/play,Beach / Water Play,Caloundra,97,90-130 min,60-100km / bigger day trip,Free-$,Morning,2-3h,"0-3, 3-6, adult",Yes,No,High,5,4,C - bigger day trip,Usually easy or paid nearby; verify for peak days,Usually available nearby; verify for bushwalk/beach,Kings Beach -> nearby cafe/park -> flexible early return,Yes - check opening/tide/weather/bookings,https://www.visitsunshinecoast.com/,
SEQ-0426,Plan / route,Moffat Beach,Explore + easy meal,Beach + Cafe,Caloundra,98,90-130 min,60-100km / bigger day trip,$-$$,Morning/Afternoon,2-3h,"0-3, 3-6, adult",Maybe,Maybe,High,4,4,C - bigger day trip,Usually easy or paid nearby; verify for peak days,Usually available nearby; verify for bushwalk/beach,Moffat Beach -> nearby cafe/park -> flexible early return,Yes - check opening/tide/weather/bookings,https://www.visitsunshinecoast.com/,
SEQ-0427,Plan / route,Moffat Beach,Short family reset,Beach + Cafe,Caloundra,98,90-130 min,60-100km / bigger day trip,Free-$,Afternoon,1-2h,"0-3, 3-6, adult",Yes,Maybe,High,4.5,4,C - bigger day trip,Usually easy or paid nearby; verify for peak days,Usually available nearby; verify for bushwalk/beach,Moffat Beach -> nearby cafe/park -> flexible early return,Yes - check opening/tide/weather/bookings,https://www.visitsunshinecoast.com/,
SEQ-0428,Plan / route,Pumicestone Passage,Calm water swim/paddle,Calm Water,Caloundra / Golden Beach,95,75-110 min,60-100km / bigger day trip,Free-$,Morning,2-3h,"0-3, 3-6, adult",Maybe,No,Medium,4,3,C - bigger day trip,Usually easy or paid nearby; verify for peak days,Usually available nearby; verify for bushwalk/beach,Pumicestone Passage -> nearby cafe/park -> flexible early return,Yes - check opening/tide/weather/bookings,https://www.visitsunshinecoast.com/,
SEQ-0429,Plan / route,Ewen Maddock Dam,Lake picnic + scenic stop,Lake / Picnic,Landsborough,82,75-110 min,60-100km / bigger day trip,Free-$,Morning/Afternoon,2-4h,"3-6, adult",Maybe,No,Medium,3,3,C - bigger day trip,Usually easy or paid nearby; verify for peak days,Usually available nearby; verify for bushwalk/beach,Ewen Maddock Dam -> nearby cafe/park -> flexible early return,Yes - check opening/tide/weather/bookings,https://www.visitsunshinecoast.com/,
SEQ-0430,Plan / route,Ewen Maddock Dam,Quiet water-view reset,Lake / Picnic,Landsborough,82,75-110 min,60-100km / bigger day trip,Free,Afternoon,1-2h,"3-6, adult",Maybe,No,Medium,3,3,C - bigger day trip,Usually easy or paid nearby; verify for peak days,Usually available nearby; verify for bushwalk/beach,Ewen Maddock Dam -> nearby cafe/park -> flexible early return,Yes - check opening/tide/weather/bookings,https://www.visitsunshinecoast.com/,
SEQ-0431,Plan / route,Caboolture to Beerburrum scenic drive,Scenic drive with short stops,Scenic Drive,Moreton Bay / Sunshine Coast,60,60-90 min,30-60km / half-day to day,$-$$,Morning/Afternoon,3-5h,"3-6, adult",Maybe,Maybe,High,3,4,B - planned day,Usually easy or paid nearby; verify for peak days,Usually available nearby; verify for bushwalk/beach,Caboolture to Beerburrum scenic drive -> nearby cafe/park -> flexible early return,Recommended,https://www.visitsunshinecoast.com/,
SEQ-0432,Plan / route,Caboolture to Beerburrum scenic drive,Adult mental reset drive,Scenic Drive,Moreton Bay / Sunshine Coast,60,60-90 min,30-60km / half-day to day,$,Afternoon,2-3h,"3-6, adult",No,Maybe,High,3,4,B - planned day,Usually easy or paid nearby; verify for peak days,Usually available nearby; verify for bushwalk/beach,Caboolture to Beerburrum scenic drive -> nearby cafe/park -> flexible early return,Recommended,https://www.visitsunshinecoast.com/,
SEQ-0433,Plan / route,Somerset Dam,Lake picnic + scenic stop,Lake / Picnic,Somerset Region,95,75-110 min,60-100km / bigger day trip,Free-$,Morning/Afternoon,2-4h,"3-6, adult",Maybe,No,Medium,3,3,C - bigger day trip,Usually easy or paid nearby; verify for peak days,Usually available nearby; verify for bushwalk/beach,Somerset Dam -> nearby cafe/park -> flexible early return,Yes - check opening/tide/weather/bookings,https://www.discoveripswich.com.au/,
SEQ-0434,Plan / route,Somerset Dam,Quiet water-view reset,Lake / Picnic,Somerset Region,95,75-110 min,60-100km / bigger day trip,Free,Afternoon,1-2h,"3-6, adult",Maybe,No,Medium,3,3,C - bigger day trip,Usually easy or paid nearby; verify for peak days,Usually available nearby; verify for bushwalk/beach,Somerset Dam -> nearby cafe/park -> flexible early return,Yes - check opening/tide/weather/bookings,https://www.discoveripswich.com.au/,
SEQ-0435,Plan / route,Lake Wivenhoe - Spillway Common,Lake picnic + scenic stop,Lake / Picnic,Wivenhoe,65,60-90 min,60-100km / bigger day trip,Free-$,Morning/Afternoon,2-4h,"3-6, adult",Maybe,No,Medium,3,3,B - planned day,Usually easy or paid nearby; verify for peak days,Usually available nearby; verify for bushwalk/beach,Lake Wivenhoe - Spillway Common -> nearby cafe/park -> flexible early return,Yes - check opening/tide/weather/bookings,https://www.discoveripswich.com.au/,
SEQ-0436,Plan / route,Lake Wivenhoe - Spillway Common,Quiet water-view reset,Lake / Picnic,Wivenhoe,65,60-90 min,60-100km / bigger day trip,Free,Afternoon,1-2h,"3-6, adult",Maybe,No,Medium,3,3,B - planned day,Usually easy or paid nearby; verify for peak days,Usually available nearby; verify for bushwalk/beach,Lake Wivenhoe - Spillway Common -> nearby cafe/park -> flexible early return,Yes - check opening/tide/weather/bookings,https://www.discoveripswich.com.au/,
SEQ-0437,Plan / route,Wivenhoe Dam Lookout,Explore + easy meal,Dam / View,Wivenhoe,65,60-90 min,60-100km / bigger day trip,$-$$,Morning/Afternoon,2-3h,"3-6, adult",Maybe,Maybe,Medium,3,3,B - planned day,Usually easy or paid nearby; verify for peak days,Usually available nearby; verify for bushwalk/beach,Wivenhoe Dam Lookout -> nearby cafe/park -> flexible early return,Yes - check opening/tide/weather/bookings,https://www.discoveripswich.com.au/,
SEQ-0438,Plan / route,Wivenhoe Dam Lookout,Short family reset,Dam / View,Wivenhoe,65,60-90 min,60-100km / bigger day trip,Free-$,Afternoon,1-2h,"3-6, adult",Yes,Maybe,Medium,3.5,3,B - planned day,Usually easy or paid nearby; verify for peak days,Usually available nearby; verify for bushwalk/beach,Wivenhoe Dam Lookout -> nearby cafe/park -> flexible early return,Yes - check opening/tide/weather/bookings,https://www.discoveripswich.com.au/,
SEQ-0439,Plan / route,Wivenhoe Dam Lookout,Longer weekend day trip,Dam / View,Wivenhoe,65,60-90 min,60-100km / bigger day trip,$-$$,Morning,3-5h,"3-6, adult",Maybe,No,Medium,3,3,B - planned day,Usually easy or paid nearby; verify for peak days,Usually available nearby; verify for bushwalk/beach,Wivenhoe Dam Lookout -> nearby cafe/park -> flexible early return,Yes - check opening/tide/weather/bookings,https://www.discoveripswich.com.au/,
SEQ-0440,Plan / route,Fernvale Village,Explore + easy meal,Country Town + Bakery,Fernvale,55,60-90 min,30-60km / half-day to day,$-$$,Morning/Afternoon,2-3h,"3-6, adult",Maybe,Maybe,Medium,3,3,B - planned day,Usually easy or paid nearby; verify for peak days,Usually available nearby; verify for bushwalk/beach,Fernvale Village -> nearby cafe/park -> flexible early return,Recommended,https://www.discoveripswich.com.au/,
SEQ-0441,Plan / route,Fernvale Village,Short family reset,Country Town + Bakery,Fernvale,55,60-90 min,30-60km / half-day to day,Free-$,Afternoon,1-2h,"3-6, adult",Yes,Maybe,Medium,3.5,3,B - planned day,Usually easy or paid nearby; verify for peak days,Usually available nearby; verify for bushwalk/beach,Fernvale Village -> nearby cafe/park -> flexible early return,Recommended,https://www.discoveripswich.com.au/,
SEQ-0442,Plan / route,Fernvale Village,Longer weekend day trip,Country Town + Bakery,Fernvale,55,60-90 min,30-60km / half-day to day,$-$$,Morning,3-5h,"3-6, adult",Maybe,No,Medium,3,3,B - planned day,Usually easy or paid nearby; verify for peak days,Usually available nearby; verify for bushwalk/beach,Fernvale Village -> nearby cafe/park -> flexible early return,Recommended,https://www.discoveripswich.com.au/,
SEQ-0443,Plan / route,Esk Town Centre,Country town stroll,Country Town,Esk,85,75-110 min,60-100km / bigger day trip,$-$$,Morning/Lunch,2-3h,"3-6, adult",Yes,Maybe,Medium,3.5,3,C - bigger day trip,Usually easy or paid nearby; verify for peak days,Usually available nearby; verify for bushwalk/beach,Esk Town Centre -> nearby cafe/park -> flexible early return,Yes - check opening/tide/weather/bookings,https://www.discoveripswich.com.au/,
SEQ-0444,Plan / route,Esk Town Centre,Bakery + park day,Country Town,Esk,85,75-110 min,60-100km / bigger day trip,$,Morning,2h,"3-6, adult",Yes,Maybe,Medium,3.5,3,C - bigger day trip,Usually easy or paid nearby; verify for peak days,Usually available nearby; verify for bushwalk/beach,Esk Town Centre -> nearby cafe/park -> flexible early return,Yes - check opening/tide/weather/bookings,https://www.discoveripswich.com.au/,
SEQ-0445,Plan / route,Lake Atkinson,Lake picnic + scenic stop,Lake / Picnic,Atkinson Dam,80,75-110 min,60-100km / bigger day trip,Free-$,Morning/Afternoon,2-4h,"3-6, adult",Maybe,No,Medium,3,3,C - bigger day trip,Usually easy or paid nearby; verify for peak days,Usually available nearby; verify for bushwalk/beach,Lake Atkinson -> nearby cafe/park -> flexible early return,Yes - check opening/tide/weather/bookings,https://www.discoveripswich.com.au/,
SEQ-0446,Plan / route,Lake Atkinson,Quiet water-view reset,Lake / Picnic,Atkinson Dam,80,75-110 min,60-100km / bigger day trip,Free,Afternoon,1-2h,"3-6, adult",Maybe,No,Medium,3,3,C - bigger day trip,Usually easy or paid nearby; verify for peak days,Usually available nearby; verify for bushwalk/beach,Lake Atkinson -> nearby cafe/park -> flexible early return,Yes - check opening/tide/weather/bookings,https://www.discoveripswich.com.au/,
SEQ-0447,Plan / route,Lake Kurwongbah,Lake picnic + scenic stop,Lake / Picnic,Petrie / Kurwongbah,30,30-50 min,15-30km / easy half-day,Free-$,Morning/Afternoon,2-4h,"3-6, adult",Maybe,No,Medium,3,3,B - planned day,Usually easy or paid nearby; verify for peak days,Usually available nearby; verify for bushwalk/beach,Lake Kurwongbah -> nearby cafe/park -> flexible early return,Recommended,https://www.visitmoretonbay.com.au/,
SEQ-0448,Plan / route,Lake Kurwongbah,Quiet water-view reset,Lake / Picnic,Petrie / Kurwongbah,30,30-50 min,15-30km / easy half-day,Free,Afternoon,1-2h,"3-6, adult",Maybe,No,Medium,3,3,B - planned day,Usually easy or paid nearby; verify for peak days,Usually available nearby; verify for bushwalk/beach,Lake Kurwongbah -> nearby cafe/park -> flexible early return,Recommended,https://www.visitmoretonbay.com.au/,
SEQ-0449,Plan / route,Old Petrie Town,Explore + easy meal,Heritage / Market,Petrie,27,30-50 min,15-30km / easy half-day,$-$$,Morning/Afternoon,2-3h,"0-3, 3-6, adult",Maybe,Maybe,Medium,4,3,A - easy repeat,Usually easy or paid nearby; verify for peak days,Usually available nearby; verify for bushwalk/beach,Market breakfast -> nearby playground/park -> home before nap,Yes - check opening/tide/weather/bookings,https://www.visitmoretonbay.com.au/,
SEQ-0450,Plan / route,Old Petrie Town,Short family reset,Heritage / Market,Petrie,27,30-50 min,15-30km / easy half-day,Free-$,Afternoon,1-2h,"0-3, 3-6, adult",Yes,Maybe,Medium,4.5,3,A - easy repeat,Usually easy or paid nearby; verify for peak days,Usually available nearby; verify for bushwalk/beach,Market breakfast -> nearby playground/park -> home before nap,Yes - check opening/tide/weather/bookings,https://www.visitmoretonbay.com.au/,
SEQ-0451,Plan / route,Old Petrie Town,Longer weekend day trip,Heritage / Market,Petrie,27,30-50 min,15-30km / easy half-day,$-$$,Morning,3-5h,"0-3, 3-6, adult",Maybe,No,Medium,4,3,A - easy repeat,Usually easy or paid nearby; verify for peak days,Usually available nearby; verify for bushwalk/beach,Market breakfast -> nearby playground/park -> home before nap,Yes - check opening/tide/weather/bookings,https://www.visitmoretonbay.com.au/,
SEQ-0452,Plan / route,Petrie Mill Water Park / USC precinct,Explore + easy meal,Water Play / Walk,Petrie,27,30-50 min,15-30km / easy half-day,$-$$,Morning/Afternoon,2-3h,"0-3, 3-6, adult",Maybe,Maybe,Medium,4,3,A - easy repeat,Usually easy or paid nearby; verify for peak days,Usually available nearby; verify for bushwalk/beach,Petrie Mill Water Park / USC precinct -> nearby cafe/park -> flexible early return,Recommended,https://www.visitmoretonbay.com.au/,
SEQ-0453,Plan / route,Petrie Mill Water Park / USC precinct,Short family reset,Water Play / Walk,Petrie,27,30-50 min,15-30km / easy half-day,Free-$,Afternoon,1-2h,"0-3, 3-6, adult",Yes,Maybe,Medium,4.5,3,A - easy repeat,Usually easy or paid nearby; verify for peak days,Usually available nearby; verify for bushwalk/beach,Petrie Mill Water Park / USC precinct -> nearby cafe/park -> flexible early return,Recommended,https://www.visitmoretonbay.com.au/,
SEQ-0454,Plan / route,Petrie Mill Water Park / USC precinct,Longer weekend day trip,Water Play / Walk,Petrie,27,30-50 min,15-30km / easy half-day,$-$$,Morning,3-5h,"0-3, 3-6, adult",Maybe,No,Medium,4,3,A - easy repeat,Usually easy or paid nearby; verify for peak days,Usually available nearby; verify for bushwalk/beach,Petrie Mill Water Park / USC precinct -> nearby cafe/park -> flexible early return,Recommended,https://www.visitmoretonbay.com.au/,
SEQ-0455,Plan / route,North Pine Dam / Bullocky Rest,Lake picnic + scenic stop,Lake / Picnic,Joyner,30,30-50 min,15-30km / easy half-day,Free-$,Morning/Afternoon,2-4h,"3-6, adult",Maybe,No,Medium,3,3,B - planned day,Usually easy or paid nearby; verify for peak days,Usually available nearby; verify for bushwalk/beach,North Pine Dam / Bullocky Rest -> nearby cafe/park -> flexible early return,Recommended,https://www.visitmoretonbay.com.au/,
SEQ-0456,Plan / route,North Pine Dam / Bullocky Rest,Quiet water-view reset,Lake / Picnic,Joyner,30,30-50 min,15-30km / easy half-day,Free,Afternoon,1-2h,"3-6, adult",Maybe,No,Medium,3,3,B - planned day,Usually easy or paid nearby; verify for peak days,Usually available nearby; verify for bushwalk/beach,North Pine Dam / Bullocky Rest -> nearby cafe/park -> flexible early return,Recommended,https://www.visitmoretonbay.com.au/,
SEQ-0457,Plan / route,Coochiemudlo Island,Island ferry day,Island / Beach,Redlands Coast,45,45-70 min,30-60km / half-day to day,$$,Morning/All day,4-7h,"0-3, 3-6, adult",Maybe,No,High,4,4,B - planned day,Usually easy or paid nearby; verify for peak days,Usually available nearby; verify for bushwalk/beach,Ferry planning -> beach/walk -> early return buffer,Yes - check opening/tide/weather/bookings,https://www.visitredlandscoast.com.au/,
SEQ-0458,Plan / route,North Stradbroke Island - Dunwich,Island village + beach day,Island / Village,Redlands Coast,45,45-70 min,30-60km / half-day to day,$$,All day,5-8h,"3-6, adult",Maybe,No,High,3,4,B - planned day,Usually easy or paid nearby; verify for peak days,Usually available nearby; verify for bushwalk/beach,Ferry planning -> beach/walk -> early return buffer,Yes - check opening/tide/weather/bookings,https://www.visitredlandscoast.com.au/,
SEQ-0459,Plan / route,North Stradbroke Island - Point Lookout,Island ferry day,Island / Beach,Redlands Coast,60,60-90 min,30-60km / half-day to day,$$,Morning/All day,4-7h,"0-3, 3-6, adult",Maybe,No,High,4,4,B - planned day,Usually easy or paid nearby; verify for peak days,Usually available nearby; verify for bushwalk/beach,Ferry planning -> beach/walk -> early return buffer,Yes - check opening/tide/weather/bookings,https://www.visitredlandscoast.com.au/,
SEQ-0460,Plan / route,Cylinder Beach,Beach morning,Beach,North Stradbroke Island,60,60-90 min,30-60km / half-day to day,Free-$,Morning,2-3h,"0-3, 3-6, adult",Maybe,No,High,4,4,B - planned day,Usually easy or paid nearby; verify for peak days,Usually available nearby; verify for bushwalk/beach,Cylinder Beach -> nearby cafe/park -> flexible early return,Recommended,https://www.visitredlandscoast.com.au/,
SEQ-0461,Plan / route,Cylinder Beach,Fish & chips + beach walk,Beach,North Stradbroke Island,60,60-90 min,30-60km / half-day to day,$-$$,Afternoon,2h,"0-3, 3-6, adult",Yes,No,High,4.5,4,B - planned day,Usually easy or paid nearby; verify for peak days,Usually available nearby; verify for bushwalk/beach,Cylinder Beach -> nearby cafe/park -> flexible early return,Recommended,https://www.visitredlandscoast.com.au/,
SEQ-0462,Plan / route,Amity Point,Explore + easy meal,Coast / Wildlife,North Stradbroke Island,60,60-90 min,30-60km / half-day to day,$-$$,Morning/Afternoon,2-3h,"0-3, 3-6, adult",Maybe,Maybe,High,4,4,B - planned day,Usually easy or paid nearby; verify for peak days,Usually available nearby; verify for bushwalk/beach,Amity Point -> nearby cafe/park -> flexible early return,Recommended,https://www.visitredlandscoast.com.au/,
SEQ-0463,Plan / route,Amity Point,Short family reset,Coast / Wildlife,North Stradbroke Island,60,60-90 min,30-60km / half-day to day,Free-$,Afternoon,1-2h,"0-3, 3-6, adult",Yes,Maybe,High,4.5,4,B - planned day,Usually easy or paid nearby; verify for peak days,Usually available nearby; verify for bushwalk/beach,Amity Point -> nearby cafe/park -> flexible early return,Recommended,https://www.visitredlandscoast.com.au/,
SEQ-0464,Plan / route,Amity Point,Longer weekend day trip,Coast / Wildlife,North Stradbroke Island,60,60-90 min,30-60km / half-day to day,$-$$,Morning,3-5h,"0-3, 3-6, adult",Maybe,No,High,4,4,B - planned day,Usually easy or paid nearby; verify for peak days,Usually available nearby; verify for bushwalk/beach,Amity Point -> nearby cafe/park -> flexible early return,Recommended,https://www.visitredlandscoast.com.au/,
SEQ-0465,Plan / route,North Gorge Walk,Coastal walk + picnic,Coastal Walk,Point Lookout,60,60-90 min,30-60km / half-day to day,Free-$,Morning,2-3h,"3-6, adult",Maybe,No,High,3,4,B - planned day,Usually easy or paid nearby; verify for peak days,Usually available nearby; verify for bushwalk/beach,North Gorge Walk -> nearby cafe/park -> flexible early return,Recommended,https://www.visitredlandscoast.com.au/,
SEQ-0466,Plan / route,Peel Island viewpoint from Cleveland ferry route,Bay ferry/boat-view outing,Bay / Boat Trip,Moreton Bay,35,45-70 min,30-60km / half-day to day,$$,Morning/Afternoon,3-5h,"3-6, adult",Maybe,No,Medium,3,3,B - planned day,Usually easy or paid nearby; verify for peak days,Usually available nearby; verify for bushwalk/beach,Ferry planning -> beach/walk -> early return buffer,Recommended,https://www.visitredlandscoast.com.au/,
SEQ-0467,Plan / route,Macleay Island,Southern Moreton Bay island hop,Island Day Trip,Redlands Coast,50,45-70 min,30-60km / half-day to day,$$,Morning/All day,4-7h,"3-6, adult",Maybe,No,Medium,3,3,B - planned day,Usually easy or paid nearby; verify for peak days,Usually available nearby; verify for bushwalk/beach,Ferry planning -> beach/walk -> early return buffer,Yes - check opening/tide/weather/bookings,https://www.visitredlandscoast.com.au/,
SEQ-0468,Plan / route,Russell Island,Southern Moreton Bay island hop,Island Day Trip,Redlands Coast,55,60-90 min,30-60km / half-day to day,$$,Morning/All day,4-7h,"3-6, adult",Maybe,No,Medium,3,3,B - planned day,Usually easy or paid nearby; verify for peak days,Usually available nearby; verify for bushwalk/beach,Ferry planning -> beach/walk -> early return buffer,Yes - check opening/tide/weather/bookings,https://www.visitredlandscoast.com.au/,
SEQ-0469,Plan / route,Karragarra Island,Southern Moreton Bay island hop,Island Day Trip,Redlands Coast,50,45-70 min,30-60km / half-day to day,$$,Morning/All day,4-7h,"3-6, adult",Maybe,No,Medium,3,3,B - planned day,Usually easy or paid nearby; verify for peak days,Usually available nearby; verify for bushwalk/beach,Ferry planning -> beach/walk -> early return buffer,Yes - check opening/tide/weather/bookings,https://www.visitredlandscoast.com.au/,
SEQ-0470,Plan / route,Lamb Island,Southern Moreton Bay island hop,Island Day Trip,Redlands Coast,50,45-70 min,30-60km / half-day to day,$$,Morning/All day,4-7h,"3-6, adult",Maybe,No,Medium,3,3,B - planned day,Usually easy or paid nearby; verify for peak days,Usually available nearby; verify for bushwalk/beach,Ferry planning -> beach/walk -> early return buffer,Yes - check opening/tide/weather/bookings,https://www.visitredlandscoast.com.au/,
SEQ-0471,Plan / route,Bluey's World,Toddler indoor play booking,Indoor / Kids,Northshore Hamilton,9,20-35 min,0-15km / quick local,$$,Rainy day/Morning,2h,"0-3, 3-6, adult",Yes,Yes,Medium,4.5,3,A - easy repeat,Usually easy or paid nearby; verify for peak days,Usually available nearby; verify for bushwalk/beach,Bluey's World -> nearby cafe/park -> flexible early return,Recommended,https://www.blueysworld.com/,
SEQ-0472,Plan / route,Bluey's World,Bluey-themed family day,Indoor / Kids,Northshore Hamilton,9,20-35 min,0-15km / quick local,$$,Morning/Afternoon,2-3h,"0-3, 3-6, adult",Yes,Yes,Medium,4.5,3,A - easy repeat,Usually easy or paid nearby; verify for peak days,Usually available nearby; verify for bushwalk/beach,Bluey's World -> nearby cafe/park -> flexible early return,Recommended,https://www.blueysworld.com/,
SEQ-0473,Plan / route,Area 51 Brisbane,Rainy-day energy burn,Indoor Play,Underwood,22,30-50 min,15-30km / easy half-day,$$,Rainy day,2h,"0-3, 3-6, adult",Yes,Yes,Medium,4.5,3,A - easy repeat,Usually easy or paid nearby; verify for peak days,Usually available nearby; verify for bushwalk/beach,Area 51 Brisbane -> nearby cafe/park -> flexible early return,Recommended,https://www.area51world.com.au/,
SEQ-0474,Plan / route,Area 51 Brisbane,Hot day indoor play,Indoor Play,Underwood,22,30-50 min,15-30km / easy half-day,$$,Afternoon,2h,"0-3, 3-6, adult",Yes,Yes,Medium,4.5,3,A - easy repeat,Usually easy or paid nearby; verify for peak days,Usually available nearby; verify for bushwalk/beach,Area 51 Brisbane -> nearby cafe/park -> flexible early return,Recommended,https://www.area51world.com.au/,
SEQ-0475,Plan / route,Bounce Tingalpa,Rainy-day energy burn,Indoor Play,Tingalpa,15,20-35 min,0-15km / quick local,$$,Rainy day,2h,"0-3, 3-6, adult",Yes,Yes,Medium,4.5,3,A - easy repeat,Usually easy or paid nearby; verify for peak days,Usually available nearby; verify for bushwalk/beach,Bounce Tingalpa -> nearby cafe/park -> flexible early return,Recommended,https://bounceinc.com.au/venues/tingalpa/,
SEQ-0476,Plan / route,Bounce Tingalpa,Hot day indoor play,Indoor Play,Tingalpa,15,20-35 min,0-15km / quick local,$$,Afternoon,2h,"0-3, 3-6, adult",Yes,Yes,Medium,4.5,3,A - easy repeat,Usually easy or paid nearby; verify for peak days,Usually available nearby; verify for bushwalk/beach,Bounce Tingalpa -> nearby cafe/park -> flexible early return,Recommended,https://bounceinc.com.au/venues/tingalpa/,
SEQ-0477,Plan / route,Bounce Macgregor,Rainy-day energy burn,Indoor Play,Macgregor,14,20-35 min,0-15km / quick local,$$,Rainy day,2h,"0-3, 3-6, adult",Yes,Yes,Medium,4.5,3,A - easy repeat,Usually easy or paid nearby; verify for peak days,Usually available nearby; verify for bushwalk/beach,Bounce Macgregor -> nearby cafe/park -> flexible early return,Recommended,https://bounceinc.com.au/venues/macgregor/,
SEQ-0478,Plan / route,Bounce Macgregor,Hot day indoor play,Indoor Play,Macgregor,14,20-35 min,0-15km / quick local,$$,Afternoon,2h,"0-3, 3-6, adult",Yes,Yes,Medium,4.5,3,A - easy repeat,Usually easy or paid nearby; verify for peak days,Usually available nearby; verify for bushwalk/beach,Bounce Macgregor -> nearby cafe/park -> flexible early return,Recommended,https://bounceinc.com.au/venues/macgregor/,
SEQ-0479,Plan / route,Urban Xtreme,Indoor adventure session,Indoor Adventure,Hendra,9,20-35 min,0-15km / quick local,$$,Rainy day/Afternoon,2-3h,"0-3, 3-6, adult",Maybe,Yes,Medium,4,3,A - easy repeat,Usually easy or paid nearby; verify for peak days,Usually available nearby; verify for bushwalk/beach,Urban Xtreme -> nearby cafe/park -> flexible early return,Recommended,https://bounceinc.com.au/venues/hendra/?source=urban-xtreme,
SEQ-0480,Plan / route,Iceworld Olympic Ice Rinks,Ice skating family session,Ice Skating,Acacia Ridge,15,20-35 min,0-15km / quick local,$$,Rainy day/Summer,2h,"3-6, adult",Maybe,Yes,Medium,3,3,B - planned day,Usually easy or paid nearby; verify for peak days,Usually available nearby; verify for bushwalk/beach,Iceworld Olympic Ice Rinks -> nearby cafe/park -> flexible early return,Recommended,https://www.iceworld.com.au/,
SEQ-0481,Plan / route,Iceworld Boondall,Ice skating family session,Ice Skating,Boondall,18,30-50 min,15-30km / easy half-day,$$,Rainy day/Summer,2h,"3-6, adult",Maybe,Yes,Medium,3,3,B - planned day,Usually easy or paid nearby; verify for peak days,Usually available nearby; verify for bushwalk/beach,Iceworld Boondall -> nearby cafe/park -> flexible early return,Recommended,https://www.iceworld.com.au/,
SEQ-0482,Plan / route,Holey Moley Fortitude Valley,Mini golf + meal,Mini Golf / Indoor,Fortitude Valley,3,10-20 min,0-15km / quick local,$$,Afternoon/Night,2h,"0-3, 3-6, adult",Maybe,Yes,Medium,4,3,A - easy repeat,Usually easy or paid nearby; verify for peak days,Usually available nearby; verify for bushwalk/beach,Holey Moley Fortitude Valley -> nearby cafe/park -> flexible early return,Recommended,https://holeymoley.com.au/locations/fortitude-valley,
SEQ-0483,Plan / route,Strike Bowling Wintergarden,Bowling + easy dinner,Bowling / Indoor,Brisbane CBD,1,10-20 min,0-15km / quick local,$$,Afternoon/Rainy day,2-3h,"0-3, 3-6, adult",Yes,Yes,Medium,4.5,3,A - easy repeat,Usually easy or paid nearby; verify for peak days,Usually available nearby; verify for bushwalk/beach,Strike Bowling Wintergarden -> nearby cafe/park -> flexible early return,Recommended,https://strikebowling.com.au/locations/strike-brisbane-city,
SEQ-0484,Plan / route,Archie Brothers Cirque Electriq Toombul/Northshore alternatives,Arcade rainy-day outing,Arcade / Indoor,Brisbane,8,20-35 min,0-15km / quick local,$$,Rainy day/Afternoon,2h,"0-3, 3-6, adult",Yes,Yes,Medium,4.5,3,A - easy repeat,Usually easy or paid nearby; verify for peak days,Usually available nearby; verify for bushwalk/beach,Archie Brothers Cirque Electriq Toombul/Northshore alternatives -> nearby cafe/park -> flexible early return,Recommended,https://www.queensland.com/au/en/places-to-see/destinations/brisbane,
SEQ-0485,Plan / route,Cineplex South Bank,Movie + meal,Cinema,South Brisbane,3,10-20 min,0-15km / quick local,$$,Rainy day/Afternoon,3h,"0-3, 3-6, adult",Yes,Yes,Medium,4.5,3,A - easy repeat,Usually easy or paid nearby; verify for peak days,Usually available nearby; verify for bushwalk/beach,South Bank -> QAGOMA/Queensland Museum -> Fish Lane or riverside dinner,Recommended,https://www.cineplex.com.au/,
SEQ-0486,Plan / route,Event Cinemas Indooroopilly,Movie + meal,Cinema,Indooroopilly,8,20-35 min,0-15km / quick local,$$,Rainy day/Afternoon,3h,"0-3, 3-6, adult",Yes,Yes,Medium,4.5,3,A - easy repeat,Usually easy or paid nearby; verify for peak days,Usually available nearby; verify for bushwalk/beach,Event Cinemas Indooroopilly -> nearby cafe/park -> flexible early return,Recommended,https://www.eventcinemas.com.au/Cinema/Indooroopilly,
SEQ-0487,Plan / route,Dendy Coorparoo,Movie + meal,Cinema,Coorparoo,7,20-35 min,0-15km / quick local,$$,Rainy day/Afternoon,3h,"0-3, 3-6, adult",Yes,Yes,Medium,4.5,3,A - easy repeat,Usually easy or paid nearby; verify for peak days,Usually available nearby; verify for bushwalk/beach,Dendy Coorparoo -> nearby cafe/park -> flexible early return,Recommended,https://www.queensland.com/au/en/places-to-see/destinations/brisbane,
SEQ-0488,Plan / route,Palace James Street,Movie + meal,Cinema,Fortitude Valley,3,10-20 min,0-15km / quick local,$$,Rainy day/Afternoon,3h,"0-3, 3-6, adult",Yes,Yes,Medium,4.5,3,A - easy repeat,Usually easy or paid nearby; verify for peak days,Usually available nearby; verify for bushwalk/beach,Palace James Street -> nearby cafe/park -> flexible early return,Recommended,https://www.queensland.com/au/en/places-to-see/destinations/brisbane,
SEQ-0489,Plan / route,QUT The Cube,Hands-on rainy day session,STEM / Indoor,Brisbane CBD,1,10-20 min,0-15km / quick local,$-$$,Rainy day,2h,"0-3, 3-6, adult",Yes,Yes,Medium,5,3,A - easy repeat,Usually easy or paid nearby; verify for peak days,Usually available nearby; verify for bushwalk/beach,QUT The Cube -> nearby cafe/park -> flexible early return,Recommended,https://visit.brisbane.qld.au/inspiration/things-to-do-with-kids-in-brisbane,
SEQ-0490,Plan / route,QUT The Cube,Short educational stop,STEM / Indoor,Brisbane CBD,1,10-20 min,0-15km / quick local,$,Morning,1-2h,"0-3, 3-6, adult",Yes,Yes,Medium,5,3,A - easy repeat,Usually easy or paid nearby; verify for peak days,Usually available nearby; verify for bushwalk/beach,QUT The Cube -> nearby cafe/park -> flexible early return,Recommended,https://visit.brisbane.qld.au/inspiration/things-to-do-with-kids-in-brisbane,
SEQ-0491,Plan / route,Sir Thomas Brisbane Planetarium,Planetarium + botanic gardens,Planetarium,Mt Coot-tha,8,20-35 min,0-15km / quick local,$-$$,Morning/Afternoon,2-3h,"3-6, adult",Yes,Yes,Medium,3.5,3,B - planned day,Usually easy or paid nearby; verify for peak days,Usually available nearby; verify for bushwalk/beach,Sir Thomas Brisbane Planetarium -> nearby cafe/park -> flexible early return,Recommended,https://www.brisbane.qld.gov.au/parks-and-recreation,
SEQ-0492,Plan / route,Queensland Maritime Museum,Explore + easy meal,Museum / Heritage,South Brisbane,3,10-20 min,0-15km / quick local,$-$$,Morning/Afternoon,2-3h,"0-3, 3-6, adult",Maybe,Maybe,Medium,4,3,A - easy repeat,Usually easy or paid nearby; verify for peak days,Usually available nearby; verify for bushwalk/beach,South Bank -> QAGOMA/Queensland Museum -> Fish Lane or riverside dinner,Recommended,https://maritimemuseum.com.au/,
SEQ-0493,Plan / route,Queensland Maritime Museum,Short family reset,Museum / Heritage,South Brisbane,3,10-20 min,0-15km / quick local,Free-$,Afternoon,1-2h,"0-3, 3-6, adult",Yes,Maybe,Medium,4.5,3,A - easy repeat,Usually easy or paid nearby; verify for peak days,Usually available nearby; verify for bushwalk/beach,South Bank -> QAGOMA/Queensland Museum -> Fish Lane or riverside dinner,Recommended,https://maritimemuseum.com.au/,
SEQ-0494,Plan / route,Queensland Maritime Museum,Longer weekend day trip,Museum / Heritage,South Brisbane,3,10-20 min,0-15km / quick local,$-$$,Morning,3-5h,"0-3, 3-6, adult",Maybe,No,Medium,4,3,A - easy repeat,Usually easy or paid nearby; verify for peak days,Usually available nearby; verify for bushwalk/beach,South Bank -> QAGOMA/Queensland Museum -> Fish Lane or riverside dinner,Recommended,https://maritimemuseum.com.au/,
SEQ-0495,Plan / route,Museum of Brisbane,Museum morning,Museum / Culture,Brisbane CBD,1,10-20 min,0-15km / quick local,$,Morning,2h,"0-3, 3-6, adult",Yes,Yes,High,4.5,4,A - easy repeat,Usually easy or paid nearby; verify for peak days,Usually available nearby; verify for bushwalk/beach,South Bank -> QAGOMA/Queensland Museum -> Fish Lane or riverside dinner,Recommended,https://www.museumofbrisbane.com.au/,
SEQ-0496,Plan / route,Commissariat Store Museum,Heritage house visit,Heritage,Brisbane CBD,1,10-20 min,0-15km / quick local,$,Open hours,1-2h,"3-6, adult",Maybe,Maybe,Medium,3,3,B - planned day,Usually easy or paid nearby; verify for peak days,Usually available nearby; verify for bushwalk/beach,South Bank -> QAGOMA/Queensland Museum -> Fish Lane or riverside dinner,Recommended,https://www.queensland.com/au/en/places-to-see/destinations/brisbane,
SEQ-0497,Plan / route,Wolston Farmhouse,Heritage house visit,Heritage,Wacol,18,30-50 min,15-30km / easy half-day,$,Open hours,1-2h,"3-6, adult",Maybe,Maybe,Medium,3,3,B - planned day,Usually easy or paid nearby; verify for peak days,Usually available nearby; verify for bushwalk/beach,Wolston Farmhouse -> nearby cafe/park -> flexible early return,Recommended,https://www.queensland.com/au/en/places-to-see/destinations/brisbane,
SEQ-0498,Plan / route,Brookfield Showgrounds,Country event / showground day,Events / Country,Brookfield,14,20-35 min,0-15km / quick local,$-$$,Event days,2-5h,"3-6, adult",Maybe,Maybe,Medium,3,3,B - planned day,Usually easy or paid nearby; verify for peak days,Usually available nearby; verify for bushwalk/beach,Brookfield Showgrounds -> nearby cafe/park -> flexible early return,Recommended,https://www.queensland.com/au/en/places-to-see/destinations/brisbane,
SEQ-0499,Plan / route,Brisbane Entertainment Centre,Explore + easy meal,Shows / Events,Boondall,18,30-50 min,15-30km / easy half-day,$-$$,Morning/Afternoon,2-3h,"3-6, adult",Maybe,Maybe,Medium,3,3,B - planned day,Usually easy or paid nearby; verify for peak days,Usually available nearby; verify for bushwalk/beach,Brisbane Entertainment Centre -> nearby cafe/park -> flexible early return,Yes - check opening/tide/weather/bookings,https://www.brisent.com.au/,
SEQ-0500,Plan / route,Brisbane Entertainment Centre,Short family reset,Shows / Events,Boondall,18,30-50 min,15-30km / easy half-day,Free-$,Afternoon,1-2h,"3-6, adult",Yes,Maybe,Medium,3.5,3,B - planned day,Usually easy or paid nearby; verify for peak days,Usually available nearby; verify for bushwalk/beach,Brisbane Entertainment Centre -> nearby cafe/park -> flexible early return,Yes - check opening/tide/weather/bookings,https://www.brisent.com.au/,
SEQ-0501,Plan / route,Brisbane Entertainment Centre,Longer weekend day trip,Shows / Events,Boondall,18,30-50 min,15-30km / easy half-day,$-$$,Morning,3-5h,"3-6, adult",Maybe,No,Medium,3,3,B - planned day,Usually easy or paid nearby; verify for peak days,Usually available nearby; verify for bushwalk/beach,Brisbane Entertainment Centre -> nearby cafe/park -> flexible early return,Yes - check opening/tide/weather/bookings,https://www.brisent.com.au/,
SEQ-0502,Plan / route,Redcliffe Entertainment Centre,Family show + early dinner,Shows / Culture,Redcliffe,35,45-70 min,30-60km / half-day to day,$$-$$$,Afternoon/Evening,3-4h,"3-6, adult",Maybe,Yes,High,3,4,B - planned day,Usually easy or paid nearby; verify for peak days,Usually available nearby; verify for bushwalk/beach,Redcliffe Jetty -> Settlement Cove/Suttons Beach -> Scarborough sunset,Yes - check opening/tide/weather/bookings,https://www.moretonbay.qld.gov.au/Events,
SEQ-0503,Plan / route,Redcliffe Entertainment Centre,Adults culture night,Shows / Culture,Redcliffe,35,45-70 min,30-60km / half-day to day,$$$,Night,3h,"3-6, adult",No,Yes,High,3,4,B - planned day,Usually easy or paid nearby; verify for peak days,Usually available nearby; verify for bushwalk/beach,Redcliffe Jetty -> Settlement Cove/Suttons Beach -> Scarborough sunset,Yes - check opening/tide/weather/bookings,https://www.moretonbay.qld.gov.au/Events,
SEQ-0504,Plan / route,Ipswich Civic Centre,Family show + early dinner,Shows / Culture,Ipswich,40,45-70 min,30-60km / half-day to day,$$-$$$,Afternoon/Evening,3-4h,"3-6, adult",Maybe,Yes,High,3,4,B - planned day,Usually easy or paid nearby; verify for peak days,Usually available nearby; verify for bushwalk/beach,Queens Park -> Ipswich Nature Centre -> Ipswich Art Gallery/rail museum,Yes - check opening/tide/weather/bookings,https://www.discoveripswich.com.au/,
SEQ-0505,Plan / route,Ipswich Civic Centre,Adults culture night,Shows / Culture,Ipswich,40,45-70 min,30-60km / half-day to day,$$$,Night,3h,"3-6, adult",No,Yes,High,3,4,B - planned day,Usually easy or paid nearby; verify for peak days,Usually available nearby; verify for bushwalk/beach,Queens Park -> Ipswich Nature Centre -> Ipswich Art Gallery/rail museum,Yes - check opening/tide/weather/bookings,https://www.discoveripswich.com.au/,
SEQ-0506,Plan / route,Logan Entertainment Centre,Family show + early dinner,Shows / Culture,Logan,25,30-50 min,15-30km / easy half-day,$$-$$$,Afternoon/Evening,3-4h,"3-6, adult",Maybe,Yes,High,3,4,A - easy repeat,Usually easy or paid nearby; verify for peak days,Usually available nearby; verify for bushwalk/beach,Logan Entertainment Centre -> nearby cafe/park -> flexible early return,Yes - check opening/tide/weather/bookings,https://www.logan.qld.gov.au/,
SEQ-0507,Plan / route,Logan Entertainment Centre,Adults culture night,Shows / Culture,Logan,25,30-50 min,15-30km / easy half-day,$$$,Night,3h,"3-6, adult",No,Yes,High,3,4,A - easy repeat,Usually easy or paid nearby; verify for peak days,Usually available nearby; verify for bushwalk/beach,Logan Entertainment Centre -> nearby cafe/park -> flexible early return,Yes - check opening/tide/weather/bookings,https://www.logan.qld.gov.au/,
SEQ-0508,Plan / route,Jan Powers Farmers Market New Farm,Market breakfast + browsing,Market,New Farm,4,10-20 min,0-15km / quick local,$-$$,Morning,1-2h,"0-3, 3-6, adult",Maybe,Maybe,Medium,4,3,A - easy repeat,Usually easy or paid nearby; verify for peak days,Usually available nearby; verify for bushwalk/beach,Market breakfast -> nearby playground/park -> home before nap,Yes - check opening/tide/weather/bookings,https://www.queensland.com/au/en/places-to-see/destinations/brisbane,
SEQ-0509,Plan / route,Jan Powers Farmers Market New Farm,Produce shop + playground nearby,Market,New Farm,4,10-20 min,0-15km / quick local,$-$$,Morning,2h,"0-3, 3-6, adult",Yes,Maybe,Medium,4.5,3,A - easy repeat,Usually easy or paid nearby; verify for peak days,Usually available nearby; verify for bushwalk/beach,Market breakfast -> nearby playground/park -> home before nap,Yes - check opening/tide/weather/bookings,https://www.queensland.com/au/en/places-to-see/destinations/brisbane,
SEQ-0510,Plan / route,Brisbane City Markets,Market breakfast + browsing,Market,Brisbane CBD,1,10-20 min,0-15km / quick local,$-$$,Morning,1-2h,"0-3, 3-6, adult",Maybe,Maybe,Medium,4,3,A - easy repeat,Usually easy or paid nearby; verify for peak days,Usually available nearby; verify for bushwalk/beach,Market breakfast -> nearby playground/park -> home before nap,Yes - check opening/tide/weather/bookings,https://www.queensland.com/au/en/places-to-see/destinations/brisbane,
SEQ-0511,Plan / route,Brisbane City Markets,Produce shop + playground nearby,Market,Brisbane CBD,1,10-20 min,0-15km / quick local,$-$$,Morning,2h,"0-3, 3-6, adult",Yes,Maybe,Medium,4.5,3,A - easy repeat,Usually easy or paid nearby; verify for peak days,Usually available nearby; verify for bushwalk/beach,Market breakfast -> nearby playground/park -> home before nap,Yes - check opening/tide/weather/bookings,https://www.queensland.com/au/en/places-to-see/destinations/brisbane,
SEQ-0512,Plan / route,Carseldine Markets,Market breakfast + browsing,Market,Carseldine,16,30-50 min,15-30km / easy half-day,$-$$,Morning,1-2h,"0-3, 3-6, adult",Maybe,Maybe,Medium,4,3,A - easy repeat,Usually easy or paid nearby; verify for peak days,Usually available nearby; verify for bushwalk/beach,Market breakfast -> nearby playground/park -> home before nap,Yes - check opening/tide/weather/bookings,https://www.queensland.com/au/en/places-to-see/destinations/brisbane,
SEQ-0513,Plan / route,Carseldine Markets,Produce shop + playground nearby,Market,Carseldine,16,30-50 min,15-30km / easy half-day,$-$$,Morning,2h,"0-3, 3-6, adult",Yes,Maybe,Medium,4.5,3,A - easy repeat,Usually easy or paid nearby; verify for peak days,Usually available nearby; verify for bushwalk/beach,Market breakfast -> nearby playground/park -> home before nap,Yes - check opening/tide/weather/bookings,https://www.queensland.com/au/en/places-to-see/destinations/brisbane,
SEQ-0514,Plan / route,Nundah Farmers Market,Market breakfast + browsing,Market,Nundah,9,20-35 min,0-15km / quick local,$-$$,Morning,1-2h,"0-3, 3-6, adult",Maybe,Maybe,Medium,4,3,A - easy repeat,Usually easy or paid nearby; verify for peak days,Usually available nearby; verify for bushwalk/beach,Market breakfast -> nearby playground/park -> home before nap,Yes - check opening/tide/weather/bookings,https://www.queensland.com/au/en/places-to-see/destinations/brisbane,
SEQ-0515,Plan / route,Nundah Farmers Market,Produce shop + playground nearby,Market,Nundah,9,20-35 min,0-15km / quick local,$-$$,Morning,2h,"0-3, 3-6, adult",Yes,Maybe,Medium,4.5,3,A - easy repeat,Usually easy or paid nearby; verify for peak days,Usually available nearby; verify for bushwalk/beach,Market breakfast -> nearby playground/park -> home before nap,Yes - check opening/tide/weather/bookings,https://www.queensland.com/au/en/places-to-see/destinations/brisbane,
SEQ-0516,Plan / route,Rocklea Saturday Fresh Market,Market breakfast + browsing,Market,Rocklea,12,20-35 min,0-15km / quick local,$-$$,Morning,1-2h,"0-3, 3-6, adult",Maybe,Maybe,Medium,4,3,A - easy repeat,Usually easy or paid nearby; verify for peak days,Usually available nearby; verify for bushwalk/beach,Market breakfast -> nearby playground/park -> home before nap,Yes - check opening/tide/weather/bookings,https://www.queensland.com/au/en/places-to-see/destinations/brisbane,
SEQ-0517,Plan / route,Rocklea Saturday Fresh Market,Produce shop + playground nearby,Market,Rocklea,12,20-35 min,0-15km / quick local,$-$$,Morning,2h,"0-3, 3-6, adult",Yes,Maybe,Medium,4.5,3,A - easy repeat,Usually easy or paid nearby; verify for peak days,Usually available nearby; verify for bushwalk/beach,Market breakfast -> nearby playground/park -> home before nap,Yes - check opening/tide/weather/bookings,https://www.queensland.com/au/en/places-to-see/destinations/brisbane,
SEQ-0518,Plan / route,Redcliffe Markets,Market breakfast + browsing,Market,Redcliffe,35,45-70 min,30-60km / half-day to day,$-$$,Morning,1-2h,"0-3, 3-6, adult",Maybe,Maybe,Medium,4,3,B - planned day,Usually easy or paid nearby; verify for peak days,Usually available nearby; verify for bushwalk/beach,Redcliffe Jetty -> Settlement Cove/Suttons Beach -> Scarborough sunset,Yes - check opening/tide/weather/bookings,https://www.queensland.com/au/en/places-to-see/destinations/brisbane/moreton-bay,
SEQ-0519,Plan / route,Redcliffe Markets,Produce shop + playground nearby,Market,Redcliffe,35,45-70 min,30-60km / half-day to day,$-$$,Morning,2h,"0-3, 3-6, adult",Yes,Maybe,Medium,4.5,3,B - planned day,Usually easy or paid nearby; verify for peak days,Usually available nearby; verify for bushwalk/beach,Redcliffe Jetty -> Settlement Cove/Suttons Beach -> Scarborough sunset,Yes - check opening/tide/weather/bookings,https://www.queensland.com/au/en/places-to-see/destinations/brisbane/moreton-bay,
SEQ-0520,Plan / route,Manly Creative Markets,Market breakfast + browsing,Market,Manly,22,30-50 min,15-30km / easy half-day,$-$$,Morning,1-2h,"0-3, 3-6, adult",Maybe,Maybe,Medium,4,3,A - easy repeat,Usually easy or paid nearby; verify for peak days,Usually available nearby; verify for bushwalk/beach,Market breakfast -> nearby playground/park -> home before nap,Yes - check opening/tide/weather/bookings,https://www.queensland.com/au/en/places-to-see/destinations/brisbane,
SEQ-0521,Plan / route,Manly Creative Markets,Produce shop + playground nearby,Market,Manly,22,30-50 min,15-30km / easy half-day,$-$$,Morning,2h,"0-3, 3-6, adult",Yes,Maybe,Medium,4.5,3,A - easy repeat,Usually easy or paid nearby; verify for peak days,Usually available nearby; verify for bushwalk/beach,Market breakfast -> nearby playground/park -> home before nap,Yes - check opening/tide/weather/bookings,https://www.queensland.com/au/en/places-to-see/destinations/brisbane,
SEQ-0522,Plan / route,Mt Gravatt Markets,Market breakfast + browsing,Market,Mount Gravatt,13,20-35 min,0-15km / quick local,$-$$,Morning,1-2h,"0-3, 3-6, adult",Maybe,Maybe,Medium,4,3,A - easy repeat,Usually easy or paid nearby; verify for peak days,Usually available nearby; verify for bushwalk/beach,Market breakfast -> nearby playground/park -> home before nap,Yes - check opening/tide/weather/bookings,https://www.queensland.com/au/en/places-to-see/destinations/brisbane,
SEQ-0523,Plan / route,Mt Gravatt Markets,Produce shop + playground nearby,Market,Mount Gravatt,13,20-35 min,0-15km / quick local,$-$$,Morning,2h,"0-3, 3-6, adult",Yes,Maybe,Medium,4.5,3,A - easy repeat,Usually easy or paid nearby; verify for peak days,Usually available nearby; verify for bushwalk/beach,Market breakfast -> nearby playground/park -> home before nap,Yes - check opening/tide/weather/bookings,https://www.queensland.com/au/en/places-to-see/destinations/brisbane,
SEQ-0524,Plan / route,Milton Mini Markets,Market breakfast + browsing,Market,Milton,3,10-20 min,0-15km / quick local,$-$$,Morning,1-2h,"0-3, 3-6, adult",Maybe,Maybe,Medium,4,3,A - easy repeat,Usually easy or paid nearby; verify for peak days,Usually available nearby; verify for bushwalk/beach,Market breakfast -> nearby playground/park -> home before nap,Yes - check opening/tide/weather/bookings,https://goodwillprojects.com.au/markets/milton/,
SEQ-0525,Plan / route,Milton Mini Markets,Produce shop + playground nearby,Market,Milton,3,10-20 min,0-15km / quick local,$-$$,Morning,2h,"0-3, 3-6, adult",Yes,Maybe,Medium,4.5,3,A - easy repeat,Usually easy or paid nearby; verify for peak days,Usually available nearby; verify for bushwalk/beach,Market breakfast -> nearby playground/park -> home before nap,Yes - check opening/tide/weather/bookings,https://goodwillprojects.com.au/markets/milton/,
SEQ-0526,Plan / route,BrisStyle Handmade Markets,Explore + easy meal,Market / Craft,Brisbane,3,10-20 min,0-15km / quick local,$-$$,Morning/Afternoon,2-3h,"0-3, 3-6, adult",Maybe,Maybe,Medium,4,3,A - easy repeat,Usually easy or paid nearby; verify for peak days,Usually available nearby; verify for bushwalk/beach,Market breakfast -> nearby playground/park -> home before nap,Yes - check opening/tide/weather/bookings,https://www.queensland.com/au/en/places-to-see/destinations/brisbane,
SEQ-0527,Plan / route,BrisStyle Handmade Markets,Short family reset,Market / Craft,Brisbane,3,10-20 min,0-15km / quick local,Free-$,Afternoon,1-2h,"0-3, 3-6, adult",Yes,Maybe,Medium,4.5,3,A - easy repeat,Usually easy or paid nearby; verify for peak days,Usually available nearby; verify for bushwalk/beach,Market breakfast -> nearby playground/park -> home before nap,Yes - check opening/tide/weather/bookings,https://www.queensland.com/au/en/places-to-see/destinations/brisbane,
SEQ-0528,Plan / route,BrisStyle Handmade Markets,Longer weekend day trip,Market / Craft,Brisbane,3,10-20 min,0-15km / quick local,$-$$,Morning,3-5h,"0-3, 3-6, adult",Maybe,No,Medium,4,3,A - easy repeat,Usually easy or paid nearby; verify for peak days,Usually available nearby; verify for bushwalk/beach,Market breakfast -> nearby playground/park -> home before nap,Yes - check opening/tide/weather/bookings,https://www.queensland.com/au/en/places-to-see/destinations/brisbane,
SEQ-0529,Plan / route,South Bank Collective Markets,Market breakfast + browsing,Market,South Bank,3,10-20 min,0-15km / quick local,$-$$,Morning,1-2h,"0-3, 3-6, adult",Maybe,Maybe,Medium,4,3,A - easy repeat,Usually easy or paid nearby; verify for peak days,Usually available nearby; verify for bushwalk/beach,South Bank -> QAGOMA/Queensland Museum -> Fish Lane or riverside dinner,Yes - check opening/tide/weather/bookings,https://www.queensland.com/au/en/places-to-see/destinations/brisbane,
SEQ-0530,Plan / route,South Bank Collective Markets,Produce shop + playground nearby,Market,South Bank,3,10-20 min,0-15km / quick local,$-$$,Morning,2h,"0-3, 3-6, adult",Yes,Maybe,Medium,4.5,3,A - easy repeat,Usually easy or paid nearby; verify for peak days,Usually available nearby; verify for bushwalk/beach,South Bank -> QAGOMA/Queensland Museum -> Fish Lane or riverside dinner,Yes - check opening/tide/weather/bookings,https://www.queensland.com/au/en/places-to-see/destinations/brisbane,
SEQ-0531,Plan / route,Northey Street Organic Farmers Market,Market breakfast + browsing,Market,Windsor,5,10-20 min,0-15km / quick local,$-$$,Morning,1-2h,"0-3, 3-6, adult",Maybe,Maybe,Medium,4,3,A - easy repeat,Usually easy or paid nearby; verify for peak days,Usually available nearby; verify for bushwalk/beach,Market breakfast -> nearby playground/park -> home before nap,Yes - check opening/tide/weather/bookings,https://www.queensland.com/au/en/places-to-see/destinations/brisbane,
SEQ-0532,Plan / route,Northey Street Organic Farmers Market,Produce shop + playground nearby,Market,Windsor,5,10-20 min,0-15km / quick local,$-$$,Morning,2h,"0-3, 3-6, adult",Yes,Maybe,Medium,4.5,3,A - easy repeat,Usually easy or paid nearby; verify for peak days,Usually available nearby; verify for bushwalk/beach,Market breakfast -> nearby playground/park -> home before nap,Yes - check opening/tide/weather/bookings,https://www.queensland.com/au/en/places-to-see/destinations/brisbane,
SEQ-0533,Plan / route,Global Food Markets Woodridge,Multicultural food market,Market / Food,Woodridge,22,30-50 min,15-30km / easy half-day,$,Morning,1-2h,"0-3, 3-6, adult",Maybe,Maybe,High,4,4,A - easy repeat,Usually easy or paid nearby; verify for peak days,Usually available nearby; verify for bushwalk/beach,Market breakfast -> nearby playground/park -> home before nap,Yes - check opening/tide/weather/bookings,https://www.logan.qld.gov.au/,
SEQ-0534,Plan / route,Rivermakers / Morningside food precinct,Casual food precinct outing,Food Precinct,Morningside,8,20-35 min,0-15km / quick local,$$,Lunch/Dinner,2h,"3-6, adult",Yes,Maybe,High,3.5,4,A - easy repeat,Usually easy or paid nearby; verify for peak days,Usually available nearby; verify for bushwalk/beach,Rivermakers / Morningside food precinct -> nearby cafe/park -> flexible early return,Recommended,https://www.queensland.com/au/en/places-to-see/destinations/brisbane,
SEQ-0535,Plan / route,Sunnybank Market Square,Asian food trail,Asian Food,Sunnybank,15,20-35 min,0-15km / quick local,$-$$,Lunch/Dinner,2h,"3-6, adult",Yes,Maybe,High,3.5,4,A - easy repeat,Usually easy or paid nearby; verify for peak days,Usually available nearby; verify for bushwalk/beach,Sunnybank meal -> dessert -> grocery stop,Recommended,https://www.queensland.com/au/en/places-to-see/destinations/brisbane,
SEQ-0536,Plan / route,Sunnybank Market Square,Dessert after dinner,Asian Food,Sunnybank,15,20-35 min,0-15km / quick local,$,Night,1h,"3-6, adult",Yes,Maybe,High,3.5,4,A - easy repeat,Usually easy or paid nearby; verify for peak days,Usually available nearby; verify for bushwalk/beach,Sunnybank meal -> dessert -> grocery stop,Recommended,https://www.queensland.com/au/en/places-to-see/destinations/brisbane,
SEQ-0537,Plan / route,Sunnybank Plaza,Asian food trail,Asian Food,Sunnybank,15,20-35 min,0-15km / quick local,$-$$,Lunch/Dinner,2h,"3-6, adult",Yes,Maybe,High,3.5,4,A - easy repeat,Usually easy or paid nearby; verify for peak days,Usually available nearby; verify for bushwalk/beach,Sunnybank meal -> dessert -> grocery stop,Recommended,https://www.queensland.com/au/en/places-to-see/destinations/brisbane,
SEQ-0538,Plan / route,Sunnybank Plaza,Dessert after dinner,Asian Food,Sunnybank,15,20-35 min,0-15km / quick local,$,Night,1h,"3-6, adult",Yes,Maybe,High,3.5,4,A - easy repeat,Usually easy or paid nearby; verify for peak days,Usually available nearby; verify for bushwalk/beach,Sunnybank meal -> dessert -> grocery stop,Recommended,https://www.queensland.com/au/en/places-to-see/destinations/brisbane,
SEQ-0539,Plan / route,Westfield Garden City / Mt Gravatt food,Explore + easy meal,Shopping + Food,Upper Mt Gravatt,14,20-35 min,0-15km / quick local,$-$$,Morning/Afternoon,2-3h,"0-3, 3-6, adult",Maybe,Maybe,High,3,4,A - easy repeat,Usually easy or paid nearby; verify for peak days,Usually available nearby; verify for bushwalk/beach,Shopping centre -> kids play/cinema -> easy meal,Recommended,https://www.queensland.com/au/en/places-to-see/destinations/brisbane,
SEQ-0540,Plan / route,Westfield Garden City / Mt Gravatt food,Short family reset,Shopping + Food,Upper Mt Gravatt,14,20-35 min,0-15km / quick local,Free-$,Afternoon,1-2h,"0-3, 3-6, adult",Yes,Maybe,High,3.5,4,A - easy repeat,Usually easy or paid nearby; verify for peak days,Usually available nearby; verify for bushwalk/beach,Shopping centre -> kids play/cinema -> easy meal,Recommended,https://www.queensland.com/au/en/places-to-see/destinations/brisbane,
SEQ-0541,Plan / route,Westfield Garden City / Mt Gravatt food,Longer weekend day trip,Shopping + Food,Upper Mt Gravatt,14,20-35 min,0-15km / quick local,$-$$,Morning,3-5h,"0-3, 3-6, adult",Maybe,No,High,3,4,A - easy repeat,Usually easy or paid nearby; verify for peak days,Usually available nearby; verify for bushwalk/beach,Shopping centre -> kids play/cinema -> easy meal,Recommended,https://www.queensland.com/au/en/places-to-see/destinations/brisbane,
SEQ-0542,Plan / route,Sunnybank Hills Shoppingtown food trail,Asian food trail,Asian Food,Sunnybank Hills,18,30-50 min,15-30km / easy half-day,$-$$,Lunch/Dinner,2h,"3-6, adult",Yes,Maybe,High,3.5,4,A - easy repeat,Usually easy or paid nearby; verify for peak days,Usually available nearby; verify for bushwalk/beach,Sunnybank meal -> dessert -> grocery stop,Recommended,https://www.queensland.com/au/en/places-to-see/destinations/brisbane,
SEQ-0543,Plan / route,Sunnybank Hills Shoppingtown food trail,Dessert after dinner,Asian Food,Sunnybank Hills,18,30-50 min,15-30km / easy half-day,$,Night,1h,"3-6, adult",Yes,Maybe,High,3.5,4,A - easy repeat,Usually easy or paid nearby; verify for peak days,Usually available nearby; verify for bushwalk/beach,Sunnybank meal -> dessert -> grocery stop,Recommended,https://www.queensland.com/au/en/places-to-see/destinations/brisbane,
SEQ-0544,Plan / route,Moorooka Magic Mile food strip,Explore + easy meal,Food / Multicultural,Moorooka,10,20-35 min,0-15km / quick local,$-$$,Morning/Afternoon,2-3h,"3-6, adult",Maybe,Maybe,High,3,4,A - easy repeat,Usually easy or paid nearby; verify for peak days,Usually available nearby; verify for bushwalk/beach,Moorooka Magic Mile food strip -> nearby cafe/park -> flexible early return,Recommended,https://www.queensland.com/au/en/places-to-see/destinations/brisbane,
SEQ-0545,Plan / route,Moorooka Magic Mile food strip,Short family reset,Food / Multicultural,Moorooka,10,20-35 min,0-15km / quick local,Free-$,Afternoon,1-2h,"3-6, adult",Yes,Maybe,High,3.5,4,A - easy repeat,Usually easy or paid nearby; verify for peak days,Usually available nearby; verify for bushwalk/beach,Moorooka Magic Mile food strip -> nearby cafe/park -> flexible early return,Recommended,https://www.queensland.com/au/en/places-to-see/destinations/brisbane,
SEQ-0546,Plan / route,Moorooka Magic Mile food strip,Longer weekend day trip,Food / Multicultural,Moorooka,10,20-35 min,0-15km / quick local,$-$$,Morning,3-5h,"3-6, adult",Maybe,No,High,3,4,A - easy repeat,Usually easy or paid nearby; verify for peak days,Usually available nearby; verify for bushwalk/beach,Moorooka Magic Mile food strip -> nearby cafe/park -> flexible early return,Recommended,https://www.queensland.com/au/en/places-to-see/destinations/brisbane,
SEQ-0547,Plan / route,Inala Plaza food trail,Vietnamese lunch + grocery,Vietnamese Food,Inala,18,30-50 min,15-30km / easy half-day,$-$$,Lunch,2h,"3-6, adult",Yes,Maybe,High,3.5,4,A - easy repeat,Usually easy or paid nearby; verify for peak days,Usually available nearby; verify for bushwalk/beach,Inala Plaza food trail -> nearby cafe/park -> flexible early return,Recommended,https://www.queensland.com/au/en/places-to-see/destinations/brisbane,
SEQ-0548,Plan / route,Sunnybank Korean/Japanese dessert trail,Dessert-only family treat,Dessert / Food,Sunnybank,15,20-35 min,0-15km / quick local,$,Afternoon/Night,1-2h,"3-6, adult",Yes,Maybe,High,3.5,4,A - easy repeat,Usually easy or paid nearby; verify for peak days,Usually available nearby; verify for bushwalk/beach,Sunnybank meal -> dessert -> grocery stop,Recommended,https://www.queensland.com/au/en/places-to-see/destinations/brisbane,
SEQ-0549,Plan / route,James Street dessert + boutique route,Boutiques + brunch,Food + Shopping,Fortitude Valley,3,10-20 min,0-15km / quick local,$$,Morning,2-3h,"0-3, 3-6, adult",Maybe,Maybe,High,3,4,A - easy repeat,Usually easy or paid nearby; verify for peak days,Usually available nearby; verify for bushwalk/beach,Shopping centre -> kids play/cinema -> easy meal,Recommended,https://jamesst.com.au/,
SEQ-0550,Plan / route,James Street dessert + boutique route,Dessert + window shopping,Food + Shopping,Fortitude Valley,3,10-20 min,0-15km / quick local,$-$$,Afternoon/Evening,2h,"0-3, 3-6, adult",Yes,Maybe,High,3.5,4,A - easy repeat,Usually easy or paid nearby; verify for peak days,Usually available nearby; verify for bushwalk/beach,Shopping centre -> kids play/cinema -> easy meal,Recommended,https://jamesst.com.au/,
SEQ-0551,Plan / route,Rosalie Village,Village brunch + stroll,Village + Food,Paddington,4,10-20 min,0-15km / quick local,$$,Morning,2-3h,"3-6, adult",Yes,Maybe,High,3.5,5,A - easy repeat,Usually easy or paid nearby; verify for peak days,Usually available nearby; verify for bushwalk/beach,Rosalie Village -> nearby cafe/park -> flexible early return,Recommended,https://www.queensland.com/au/en/places-to-see/destinations/brisbane,
SEQ-0552,Plan / route,Rosalie Village,Early family dinner,Village + Food,Paddington,4,10-20 min,0-15km / quick local,$$,Evening,2h,"3-6, adult",Yes,Maybe,High,3.5,5,A - easy repeat,Usually easy or paid nearby; verify for peak days,Usually available nearby; verify for bushwalk/beach,Rosalie Village -> nearby cafe/park -> flexible early return,Recommended,https://www.queensland.com/au/en/places-to-see/destinations/brisbane,
SEQ-0553,Plan / route,Ashgrove / Newmarket cafe loop,Local cafe + playground nearby,Cafe / Local,Ashgrove,6,20-35 min,0-15km / quick local,$-$$,Morning,1-2h,"3-6, adult",Yes,Maybe,Medium,3.5,3,B - planned day,Usually easy or paid nearby; verify for peak days,Usually available nearby; verify for bushwalk/beach,Ashgrove / Newmarket cafe loop -> nearby cafe/park -> flexible early return,Recommended,https://www.queensland.com/au/en/places-to-see/destinations/brisbane,
SEQ-0554,Plan / route,Hawthorne Garage precinct,Explore + easy meal,Cafe / Village,Hawthorne,6,20-35 min,0-15km / quick local,$-$$,Morning/Afternoon,2-3h,"3-6, adult",Maybe,Maybe,High,3,4,A - easy repeat,Usually easy or paid nearby; verify for peak days,Usually available nearby; verify for bushwalk/beach,Hawthorne Garage precinct -> nearby cafe/park -> flexible early return,Recommended,https://www.queensland.com/au/en/places-to-see/destinations/brisbane,
SEQ-0555,Plan / route,Hawthorne Garage precinct,Short family reset,Cafe / Village,Hawthorne,6,20-35 min,0-15km / quick local,Free-$,Afternoon,1-2h,"3-6, adult",Yes,Maybe,High,3.5,4,A - easy repeat,Usually easy or paid nearby; verify for peak days,Usually available nearby; verify for bushwalk/beach,Hawthorne Garage precinct -> nearby cafe/park -> flexible early return,Recommended,https://www.queensland.com/au/en/places-to-see/destinations/brisbane,
SEQ-0556,Plan / route,Hawthorne Garage precinct,Longer weekend day trip,Cafe / Village,Hawthorne,6,20-35 min,0-15km / quick local,$-$$,Morning,3-5h,"3-6, adult",Maybe,No,High,3,4,A - easy repeat,Usually easy or paid nearby; verify for peak days,Usually available nearby; verify for bushwalk/beach,Hawthorne Garage precinct -> nearby cafe/park -> flexible early return,Recommended,https://www.queensland.com/au/en/places-to-see/destinations/brisbane,
SEQ-0557,Plan / route,Coorparoo Square,Explore + easy meal,Food + Cinema,Coorparoo,7,20-35 min,0-15km / quick local,$-$$,Morning/Afternoon,2-3h,"0-3, 3-6, adult",Maybe,Maybe,High,4,4,A - easy repeat,Usually easy or paid nearby; verify for peak days,Usually available nearby; verify for bushwalk/beach,Coorparoo Square -> nearby cafe/park -> flexible early return,Recommended,https://www.queensland.com/au/en/places-to-see/destinations/brisbane,
SEQ-0558,Plan / route,Coorparoo Square,Short family reset,Food + Cinema,Coorparoo,7,20-35 min,0-15km / quick local,Free-$,Afternoon,1-2h,"0-3, 3-6, adult",Yes,Maybe,High,4.5,4,A - easy repeat,Usually easy or paid nearby; verify for peak days,Usually available nearby; verify for bushwalk/beach,Coorparoo Square -> nearby cafe/park -> flexible early return,Recommended,https://www.queensland.com/au/en/places-to-see/destinations/brisbane,
SEQ-0559,Plan / route,Coorparoo Square,Longer weekend day trip,Food + Cinema,Coorparoo,7,20-35 min,0-15km / quick local,$-$$,Morning,3-5h,"0-3, 3-6, adult",Maybe,No,High,4,4,A - easy repeat,Usually easy or paid nearby; verify for peak days,Usually available nearby; verify for bushwalk/beach,Coorparoo Square -> nearby cafe/park -> flexible early return,Recommended,https://www.queensland.com/au/en/places-to-see/destinations/brisbane,
SEQ-0560,Plan / route,Mt Tamborine farmers/food trail,Explore + easy meal,Food + Scenic,Tamborine Mountain,75,60-90 min,60-100km / bigger day trip,$-$$,Morning/Afternoon,2-3h,"3-6, adult",Maybe,Maybe,High,3,5,B - planned day,Usually easy or paid nearby; verify for peak days,Usually available nearby; verify for bushwalk/beach,Gallery Walk -> Curtis Falls/Skywalk -> lookout or early dinner,Yes - check opening/tide/weather/bookings,https://www.visitscenicrim.com.au/,
SEQ-0561,Plan / route,Mt Tamborine farmers/food trail,Short family reset,Food + Scenic,Tamborine Mountain,75,60-90 min,60-100km / bigger day trip,Free-$,Afternoon,1-2h,"3-6, adult",Yes,Maybe,High,3.5,5,B - planned day,Usually easy or paid nearby; verify for peak days,Usually available nearby; verify for bushwalk/beach,Gallery Walk -> Curtis Falls/Skywalk -> lookout or early dinner,Yes - check opening/tide/weather/bookings,https://www.visitscenicrim.com.au/,
SEQ-0562,Plan / route,Mt Tamborine farmers/food trail,Longer weekend day trip,Food + Scenic,Tamborine Mountain,75,60-90 min,60-100km / bigger day trip,$-$$,Morning,3-5h,"3-6, adult",Maybe,No,High,3,5,B - planned day,Usually easy or paid nearby; verify for peak days,Usually available nearby; verify for bushwalk/beach,Gallery Walk -> Curtis Falls/Skywalk -> lookout or early dinner,Yes - check opening/tide/weather/bookings,https://www.visitscenicrim.com.au/,
SEQ-0563,Plan / route,Scenic Rim Farm Shop,Farm shop + country drive,Farm Shop,Kalbar / Scenic Rim,85,75-110 min,60-100km / bigger day trip,$-$$,Morning,2-3h,"0-3, 3-6, adult",Yes,Maybe,Medium,4.5,3,C - bigger day trip,Usually easy or paid nearby; verify for peak days,Usually available nearby; verify for bushwalk/beach,Scenic Rim Farm Shop -> nearby cafe/park -> flexible early return,Yes - check opening/tide/weather/bookings,https://www.visitscenicrim.com.au/,
SEQ-0564,Plan / route,Summer Land Camels,Animal feeding farm day,Farm / Animals,Harrisville,75,60-90 min,60-100km / bigger day trip,$-$$,Morning,2-3h,"0-3, 3-6, adult",Maybe,Maybe,Medium,4,3,B - planned day,Usually easy or paid nearby; verify for peak days,Usually available nearby; verify for bushwalk/beach,Summer Land Camels -> nearby cafe/park -> flexible early return,Yes - check opening/tide/weather/bookings,https://www.visitscenicrim.com.au/,
SEQ-0565,Plan / route,Summer Land Camels,Toddler animal experience,Farm / Animals,Harrisville,75,60-90 min,60-100km / bigger day trip,$-$$,Morning,1-2h,"0-3, 3-6, adult",Yes,Maybe,Medium,4.5,3,B - planned day,Usually easy or paid nearby; verify for peak days,Usually available nearby; verify for bushwalk/beach,Summer Land Camels -> nearby cafe/park -> flexible early return,Yes - check opening/tide/weather/bookings,https://www.visitscenicrim.com.au/,
SEQ-0566,Plan / route,White Ridge Farm,Explore + easy meal,Farm / Kids,Elimbah,60,60-90 min,30-60km / half-day to day,$-$$,Morning/Afternoon,2-3h,"0-3, 3-6, adult",Maybe,Maybe,Medium,4,3,B - planned day,Usually easy or paid nearby; verify for peak days,Usually available nearby; verify for bushwalk/beach,White Ridge Farm -> nearby cafe/park -> flexible early return,Recommended,https://www.visitmoretonbay.com.au/,
SEQ-0567,Plan / route,White Ridge Farm,Short family reset,Farm / Kids,Elimbah,60,60-90 min,30-60km / half-day to day,Free-$,Afternoon,1-2h,"0-3, 3-6, adult",Yes,Maybe,Medium,4.5,3,B - planned day,Usually easy or paid nearby; verify for peak days,Usually available nearby; verify for bushwalk/beach,White Ridge Farm -> nearby cafe/park -> flexible early return,Recommended,https://www.visitmoretonbay.com.au/,
SEQ-0568,Plan / route,White Ridge Farm,Longer weekend day trip,Farm / Kids,Elimbah,60,60-90 min,30-60km / half-day to day,$-$$,Morning,3-5h,"0-3, 3-6, adult",Maybe,No,Medium,4,3,B - planned day,Usually easy or paid nearby; verify for peak days,Usually available nearby; verify for bushwalk/beach,White Ridge Farm -> nearby cafe/park -> flexible early return,Recommended,https://www.visitmoretonbay.com.au/,
SEQ-0569,Plan / route,Lyell Deer Sanctuary,Animal feeding farm day,Farm / Animals,Mount Samson,35,45-70 min,30-60km / half-day to day,$-$$,Morning,2-3h,"0-3, 3-6, adult",Maybe,Maybe,Medium,4,3,B - planned day,Usually easy or paid nearby; verify for peak days,Usually available nearby; verify for bushwalk/beach,Lyell Deer Sanctuary -> nearby cafe/park -> flexible early return,Recommended,https://www.visitmoretonbay.com.au/,
SEQ-0570,Plan / route,Lyell Deer Sanctuary,Toddler animal experience,Farm / Animals,Mount Samson,35,45-70 min,30-60km / half-day to day,$-$$,Morning,1-2h,"0-3, 3-6, adult",Yes,Maybe,Medium,4.5,3,B - planned day,Usually easy or paid nearby; verify for peak days,Usually available nearby; verify for bushwalk/beach,Lyell Deer Sanctuary -> nearby cafe/park -> flexible early return,Recommended,https://www.visitmoretonbay.com.au/,
SEQ-0571,Plan / route,Trevena Glen Farm,Animal feeding farm day,Farm / Animals,Mount Samson,32,45-70 min,30-60km / half-day to day,$-$$,Morning,2-3h,"0-3, 3-6, adult",Maybe,Maybe,Medium,4,3,B - planned day,Usually easy or paid nearby; verify for peak days,Usually available nearby; verify for bushwalk/beach,Trevena Glen Farm -> nearby cafe/park -> flexible early return,Recommended,https://www.visitmoretonbay.com.au/,
SEQ-0572,Plan / route,Trevena Glen Farm,Toddler animal experience,Farm / Animals,Mount Samson,32,45-70 min,30-60km / half-day to day,$-$$,Morning,1-2h,"0-3, 3-6, adult",Yes,Maybe,Medium,4.5,3,B - planned day,Usually easy or paid nearby; verify for peak days,Usually available nearby; verify for bushwalk/beach,Trevena Glen Farm -> nearby cafe/park -> flexible early return,Recommended,https://www.visitmoretonbay.com.au/,
SEQ-0573,Plan / route,Maleny Cheese / dairy trail,Dairy/cheese trail,Food / Dairy,Maleny,92,75-110 min,60-100km / bigger day trip,$$,Lunch,2-3h,"3-6, adult",Yes,Maybe,High,3.5,4,C - bigger day trip,Usually easy or paid nearby; verify for peak days,Usually available nearby; verify for bushwalk/beach,Maleny/Montville village -> Mary Cairncross -> dairy/cheese stop,Yes - check opening/tide/weather/bookings,https://www.visitsunshinecoast.com/,
SEQ-0574,Plan / route,Eumundi-style markets alternative: Caloundra Street Fair,Market breakfast + browsing,Market,Caloundra,95,75-110 min,60-100km / bigger day trip,$-$$,Morning,1-2h,"0-3, 3-6, adult",Maybe,Maybe,Medium,4,3,C - bigger day trip,Usually easy or paid nearby; verify for peak days,Usually available nearby; verify for bushwalk/beach,Market breakfast -> nearby playground/park -> home before nap,Yes - check opening/tide/weather/bookings,https://www.visitsunshinecoast.com/,
SEQ-0575,Plan / route,Eumundi-style markets alternative: Caloundra Street Fair,Produce shop + playground nearby,Market,Caloundra,95,75-110 min,60-100km / bigger day trip,$-$$,Morning,2h,"0-3, 3-6, adult",Yes,Maybe,Medium,4.5,3,C - bigger day trip,Usually easy or paid nearby; verify for peak days,Usually available nearby; verify for bushwalk/beach,Market breakfast -> nearby playground/park -> home before nap,Yes - check opening/tide/weather/bookings,https://www.visitsunshinecoast.com/,
SEQ-0576,Plan / route,Boonah country bakery trail,Explore + easy meal,Food + Country,Boonah,90,75-110 min,60-100km / bigger day trip,$-$$,Morning/Afternoon,2-3h,"3-6, adult",Maybe,Maybe,High,3,4,C - bigger day trip,Usually easy or paid nearby; verify for peak days,Usually available nearby; verify for bushwalk/beach,Boonah country bakery trail -> nearby cafe/park -> flexible early return,Yes - check opening/tide/weather/bookings,https://www.visitscenicrim.com.au/,
SEQ-0577,Plan / route,Boonah country bakery trail,Short family reset,Food + Country,Boonah,90,75-110 min,60-100km / bigger day trip,Free-$,Afternoon,1-2h,"3-6, adult",Yes,Maybe,High,3.5,4,C - bigger day trip,Usually easy or paid nearby; verify for peak days,Usually available nearby; verify for bushwalk/beach,Boonah country bakery trail -> nearby cafe/park -> flexible early return,Yes - check opening/tide/weather/bookings,https://www.visitscenicrim.com.au/,
SEQ-0578,Variant / repeatable idea,South Bank Parklands,Early morning low-stress version,City + River,Brisbane City / South Brisbane,3,10-20 min,0-15km / quick local,Free-$,Early morning/Morning,1-2h,"3-6, adult",Yes,Maybe,High,3.5,4,A - easy repeat,Usually easy or paid nearby; verify for peak days,Usually available nearby; verify for bushwalk/beach,South Bank -> QAGOMA/Queensland Museum -> Fish Lane or riverside dinner,Recommended,https://www.visitsouthbank.com.au/,Generated as a practical repeatable version of the base destination.
SEQ-0579,Variant / repeatable idea,Streets Beach South Bank,Early morning low-stress version,Water Play,Brisbane City / South Brisbane,3,10-20 min,0-15km / quick local,Free-$,Early morning/Morning,1-2h,"0-3, 3-6, adult",Yes,Maybe,Medium,4.5,3,A - easy repeat,Usually easy or paid nearby; verify for peak days,Usually available nearby; verify for bushwalk/beach,South Bank -> QAGOMA/Queensland Museum -> Fish Lane or riverside dinner,Recommended,https://www.visitsouthbank.com.au/,Generated as a practical repeatable version of the base destination.
SEQ-0580,Variant / repeatable idea,Queensland Museum,Early morning low-stress version,Museum / Culture,Brisbane City / South Brisbane,3,10-20 min,0-15km / quick local,Free-$,Early morning/Morning,1-2h,"0-3, 3-6, adult",Yes,Maybe,High,4.5,4,A - easy repeat,Usually easy or paid nearby; verify for peak days,Usually available nearby; verify for bushwalk/beach,South Bank -> QAGOMA/Queensland Museum -> Fish Lane or riverside dinner,Recommended,https://www.museum.qld.gov.au/queensland-museum,Generated as a practical repeatable version of the base destination.
SEQ-0581,Variant / repeatable idea,SparkLab,Early morning low-stress version,STEM / Indoor,Brisbane City / South Brisbane,3,10-20 min,0-15km / quick local,Free-$,Early morning/Morning,1-2h,"0-3, 3-6, adult",Yes,Maybe,Medium,5,3,A - easy repeat,Usually easy or paid nearby; verify for peak days,Usually available nearby; verify for bushwalk/beach,SparkLab -> nearby cafe/park -> flexible early return,Recommended,https://www.museum.qld.gov.au/queensland-museum/whats-on/sparklab,Generated as a practical repeatable version of the base destination.
SEQ-0582,Variant / repeatable idea,QAGOMA,Early morning low-stress version,Museum / Culture,Brisbane City / South Brisbane,3,10-20 min,0-15km / quick local,Free-$,Early morning/Morning,1-2h,"0-3, 3-6, adult",Yes,Maybe,High,4.5,4,A - easy repeat,Usually easy or paid nearby; verify for peak days,Usually available nearby; verify for bushwalk/beach,South Bank -> QAGOMA/Queensland Museum -> Fish Lane or riverside dinner,Recommended,https://www.qagoma.qld.gov.au/,Generated as a practical repeatable version of the base destination.
SEQ-0583,Variant / repeatable idea,State Library of Queensland,Early morning low-stress version,Library / Indoor,Brisbane City / South Brisbane,3,10-20 min,0-15km / quick local,Free-$,Early morning/Morning,1-2h,"0-3, 3-6, adult",Yes,Maybe,Medium,4.5,3,A - easy repeat,Usually easy or paid nearby; verify for peak days,Usually available nearby; verify for bushwalk/beach,State Library of Queensland -> nearby cafe/park -> flexible early return,Recommended,https://www.slq.qld.gov.au/,Generated as a practical repeatable version of the base destination.
SEQ-0584,Variant / repeatable idea,QPAC precinct,Early morning low-stress version,Shows / Culture,Brisbane City / South Brisbane,3,10-20 min,0-15km / quick local,Free-$,Early morning/Morning,1-2h,"3-6, adult",Yes,Maybe,High,3.5,4,A - easy repeat,Usually easy or paid nearby; verify for peak days,Usually available nearby; verify for bushwalk/beach,QPAC precinct -> nearby cafe/park -> flexible early return,Recommended,https://www.qpac.com.au/,Generated as a practical repeatable version of the base destination.
SEQ-0585,Variant / repeatable idea,Fish Lane,Early morning low-stress version,Food + Street Art,South Brisbane,4,10-20 min,0-15km / quick local,Free-$,Early morning/Morning,1-2h,"3-6, adult",Yes,Maybe,High,3.5,4,A - easy repeat,Usually easy or paid nearby; verify for peak days,Usually available nearby; verify for bushwalk/beach,Fish Lane -> nearby cafe/park -> flexible early return,Recommended,https://www.queensland.com/au/en/places-to-see/destinations/brisbane,Generated as a practical repeatable version of the base destination.
SEQ-0586,Variant / repeatable idea,Roma Street Parkland,Early morning low-stress version,Park / Garden,Brisbane City,2,10-20 min,0-15km / quick local,Free-$,Early morning/Morning,1-2h,"0-3, 3-6, adult",Yes,Maybe,High,3.5,4,A - easy repeat,Usually easy or paid nearby; verify for peak days,Usually available nearby; verify for bushwalk/beach,Roma Street Parkland -> nearby cafe/park -> flexible early return,Recommended,https://visit.brisbane.qld.au/inspiration/things-to-do-with-kids-in-brisbane,Generated as a practical repeatable version of the base destination.
SEQ-0587,Variant / repeatable idea,City Botanic Gardens,Early morning low-stress version,Park / Garden,Brisbane CBD,1,10-20 min,0-15km / quick local,Free-$,Early morning/Morning,1-2h,"0-3, 3-6, adult",Yes,Maybe,High,3.5,4,A - easy repeat,Usually easy or paid nearby; verify for peak days,Usually available nearby; verify for bushwalk/beach,City Botanic Gardens -> nearby cafe/park -> flexible early return,Recommended,https://www.brisbane.qld.gov.au/parks-and-recreation/botanic-gardens/city-botanic-gardens,Generated as a practical repeatable version of the base destination.
SEQ-0588,Variant / repeatable idea,Queen Street Mall,Early morning low-stress version,Shopping / City,Brisbane CBD,1,10-20 min,0-15km / quick local,Free-$,Early morning/Morning,1-2h,"0-3, 3-6, adult",Yes,Maybe,Medium,3.5,3,A - easy repeat,Usually easy or paid nearby; verify for peak days,Usually available nearby; verify for bushwalk/beach,Shopping centre -> kids play/cinema -> easy meal,Recommended,https://www.queensland.com/au/en/places-to-see/destinations/brisbane,Generated as a practical repeatable version of the base destination.
SEQ-0589,Variant / repeatable idea,Queen's Wharf Brisbane,Early morning low-stress version,City + Food,Brisbane CBD,1,10-20 min,0-15km / quick local,Free-$,Early morning/Morning,1-2h,"3-6, adult",Yes,Maybe,High,3.5,4,A - easy repeat,Usually easy or paid nearby; verify for peak days,Usually available nearby; verify for bushwalk/beach,Queen's Wharf Brisbane -> nearby cafe/park -> flexible early return,Recommended,https://queenswharfbrisbane.com.au/,Generated as a practical repeatable version of the base destination.
SEQ-0590,Variant / repeatable idea,Howard Smith Wharves,Early morning low-stress version,River + Food,Brisbane CBD / Fortitude Valley,2,10-20 min,0-15km / quick local,Free-$,Early morning/Morning,1-2h,"3-6, adult",Yes,Maybe,High,3.5,5,A - easy repeat,Usually easy or paid nearby; verify for peak days,Usually available nearby; verify for bushwalk/beach,Howard Smith Wharves -> nearby cafe/park -> flexible early return,Recommended,https://howardsmithwharves.com/,Generated as a practical repeatable version of the base destination.
SEQ-0591,Variant / repeatable idea,Story Bridge Adventure Climb precinct,Early morning low-stress version,View / Adventure,Kangaroo Point,3,10-20 min,0-15km / quick local,Free-$,Early morning/Morning,1-2h,"3-6+, adult",Yes,Maybe,Medium,3.5,3,A - easy repeat,Usually easy or paid nearby; verify for peak days,Usually available nearby; verify for bushwalk/beach,Story Bridge Adventure Climb precinct -> nearby cafe/park -> flexible early return,Recommended,https://www.queensland.com/au/en/places-to-see/destinations/brisbane,Generated as a practical repeatable version of the base destination.
SEQ-0592,Variant / repeatable idea,Kangaroo Point Cliffs Park,Early morning low-stress version,Lookout / Picnic,Kangaroo Point,3,10-20 min,0-15km / quick local,Free-$,Early morning/Morning,1-2h,"3-6, adult",Yes,Maybe,High,3.5,4,A - easy repeat,Usually easy or paid nearby; verify for peak days,Usually available nearby; verify for bushwalk/beach,Kangaroo Point Cliffs Park -> nearby cafe/park -> flexible early return,Recommended,https://www.queensland.com/au/en/places-to-see/destinations/brisbane,Generated as a practical repeatable version of the base destination.
SEQ-0593,Variant / repeatable idea,Brisbane Riverwalk,Early morning low-stress version,Walk / Bike,New Farm / CBD,3,10-20 min,0-15km / quick local,Free-$,Early morning/Morning,1-2h,"3-6, adult",Yes,Maybe,Medium,3.5,3,A - easy repeat,Usually easy or paid nearby; verify for peak days,Usually available nearby; verify for bushwalk/beach,Brisbane Riverwalk -> nearby cafe/park -> flexible early return,Recommended,https://www.queensland.com/au/en/places-to-see/destinations/brisbane,Generated as a practical repeatable version of the base destination.
SEQ-0594,Variant / repeatable idea,New Farm Park,Early morning low-stress version,Park / Playground,New Farm,4,10-20 min,0-15km / quick local,Free-$,Early morning/Morning,1-2h,"0-3, 3-6, adult",Yes,Maybe,Medium,4.5,3,A - easy repeat,Usually easy or paid nearby; verify for peak days,Usually available nearby; verify for bushwalk/beach,New Farm Park -> nearby cafe/park -> flexible early return,Recommended,https://visit.brisbane.qld.au/inspiration/things-to-do-with-kids-in-brisbane,Generated as a practical repeatable version of the base destination.
SEQ-0595,Variant / repeatable idea,Brisbane Powerhouse,Early morning low-stress version,Culture + Cafe,New Farm,4,10-20 min,0-15km / quick local,Free-$,Early morning/Morning,1-2h,"3-6, adult",Yes,Maybe,High,3.5,4,A - easy repeat,Usually easy or paid nearby; verify for peak days,Usually available nearby; verify for bushwalk/beach,Brisbane Powerhouse -> nearby cafe/park -> flexible early return,Recommended,https://brisbanepowerhouse.org/,Generated as a practical repeatable version of the base destination.
SEQ-0596,Variant / repeatable idea,James Street,Early morning low-stress version,Food + Shopping,Fortitude Valley,3,10-20 min,0-15km / quick local,Free-$,Early morning/Morning,1-2h,"0-3, 3-6, adult",Yes,Maybe,High,3.5,4,A - easy repeat,Usually easy or paid nearby; verify for peak days,Usually available nearby; verify for bushwalk/beach,Shopping centre -> kids play/cinema -> easy meal,Recommended,https://jamesst.com.au/,Generated as a practical repeatable version of the base destination.
SEQ-0597,Variant / repeatable idea,Gasworks Plaza,Early morning low-stress version,Food + Shopping,Newstead,4,10-20 min,0-15km / quick local,Free-$,Early morning/Morning,1-2h,"0-3, 3-6, adult",Yes,Maybe,High,3.5,4,A - easy repeat,Usually easy or paid nearby; verify for peak days,Usually available nearby; verify for bushwalk/beach,Shopping centre -> kids play/cinema -> easy meal,Recommended,https://www.gasworksplaza.com.au/,Generated as a practical repeatable version of the base destination.
SEQ-0598,Variant / repeatable idea,Newstead Park,Early morning low-stress version,Park / Heritage,Newstead,5,10-20 min,0-15km / quick local,Free-$,Early morning/Morning,1-2h,"0-3, 3-6, adult",Yes,Maybe,Medium,3.5,3,A - easy repeat,Usually easy or paid nearby; verify for peak days,Usually available nearby; verify for bushwalk/beach,Newstead Park -> nearby cafe/park -> flexible early return,Recommended,https://www.brisbane.qld.gov.au/parks-and-recreation,Generated as a practical repeatable version of the base destination.
SEQ-0599,Variant / repeatable idea,Teneriffe riverfront,Early morning low-stress version,River Walk,Teneriffe,4,10-20 min,0-15km / quick local,Free-$,Early morning/Morning,1-2h,"3-6, adult",Yes,Maybe,High,3.5,4,A - easy repeat,Usually easy or paid nearby; verify for peak days,Usually available nearby; verify for bushwalk/beach,Teneriffe riverfront -> nearby cafe/park -> flexible early return,Recommended,https://www.queensland.com/au/en/places-to-see/destinations/brisbane,Generated as a practical repeatable version of the base destination.
SEQ-0600,Variant / repeatable idea,Bulimba Oxford Street,Early morning low-stress version,Village + Food,Bulimba,6,20-35 min,0-15km / quick local,Free-$,Early morning/Morning,1-2h,"3-6, adult",Yes,Maybe,High,3.5,5,A - easy repeat,Usually easy or paid nearby; verify for peak days,Usually available nearby; verify for bushwalk/beach,Bulimba Oxford Street -> nearby cafe/park -> flexible early return,Recommended,https://www.queensland.com/au/en/places-to-see/destinations/brisbane,Generated as a practical repeatable version of the base destination.
SEQ-0601,Variant / repeatable idea,Mowbray Park,Early morning low-stress version,Park / River,East Brisbane,3,10-20 min,0-15km / quick local,Free-$,Early morning/Morning,1-2h,"0-3, 3-6, adult",Yes,Maybe,High,3.5,4,A - easy repeat,Usually easy or paid nearby; verify for peak days,Usually available nearby; verify for bushwalk/beach,Mowbray Park -> nearby cafe/park -> flexible early return,Recommended,https://www.brisbane.qld.gov.au/parks-and-recreation,Generated as a practical repeatable version of the base destination.
SEQ-0602,Variant / repeatable idea,West End Village,Early morning low-stress version,Food + Culture,West End,4,10-20 min,0-15km / quick local,Free-$,Early morning/Morning,1-2h,"3-6, adult",Yes,Maybe,High,3.5,5,A - easy repeat,Usually easy or paid nearby; verify for peak days,Usually available nearby; verify for bushwalk/beach,West End Village -> nearby cafe/park -> flexible early return,Recommended,https://www.queensland.com/au/en/places-to-see/destinations/brisbane,Generated as a practical repeatable version of the base destination.
SEQ-0603,Variant / repeatable idea,Davies Park / West End Markets,Early morning low-stress version,Market,West End,4,10-20 min,0-15km / quick local,Free-$,Early morning/Morning,1-2h,"0-3, 3-6, adult",Yes,Maybe,Medium,4.5,3,A - easy repeat,Usually easy or paid nearby; verify for peak days,Usually available nearby; verify for bushwalk/beach,Market breakfast -> nearby playground/park -> home before nap,Recommended,https://www.queensland.com/au/en/places-to-see/destinations/brisbane,Generated as a practical repeatable version of the base destination.
SEQ-0604,Variant / repeatable idea,Milton Markets,Early morning low-stress version,Market,Milton,3,10-20 min,0-15km / quick local,Free-$,Early morning/Morning,1-2h,"0-3, 3-6, adult",Yes,Maybe,Medium,4.5,3,A - easy repeat,Usually easy or paid nearby; verify for peak days,Usually available nearby; verify for bushwalk/beach,Market breakfast -> nearby playground/park -> home before nap,Recommended,https://goodwillprojects.com.au/markets/milton/,Generated as a practical repeatable version of the base destination.
SEQ-0605,Variant / repeatable idea,Paddington Latrobe Terrace,Early morning low-stress version,Village + Cafe,Paddington,4,10-20 min,0-15km / quick local,Free-$,Early morning/Morning,1-2h,"3-6, adult",Yes,Maybe,High,3.5,4,A - easy repeat,Usually easy or paid nearby; verify for peak days,Usually available nearby; verify for bushwalk/beach,Paddington Latrobe Terrace -> nearby cafe/park -> flexible early return,Recommended,https://www.queensland.com/au/en/places-to-see/destinations/brisbane,Generated as a practical repeatable version of the base destination.
SEQ-0606,Variant / repeatable idea,Suncorp Stadium precinct,Early morning low-stress version,Sport / Events,Milton,3,10-20 min,0-15km / quick local,Free-$,Early morning/Morning,1-2h,"3-6, adult",Yes,Maybe,Medium,3.5,3,A - easy repeat,Usually easy or paid nearby; verify for peak days,Usually available nearby; verify for bushwalk/beach,Suncorp Stadium precinct -> nearby cafe/park -> flexible early return,Recommended,https://suncorpstadium.com.au/,Generated as a practical repeatable version of the base destination.
SEQ-0607,Variant / repeatable idea,Victoria Park / Barrambin,Early morning low-stress version,Park / Playground,Herston,3,10-20 min,0-15km / quick local,Free-$,Early morning/Morning,1-2h,"0-3, 3-6, adult",Yes,Maybe,Medium,4.5,3,A - easy repeat,Usually easy or paid nearby; verify for peak days,Usually available nearby; verify for bushwalk/beach,Victoria Park / Barrambin -> nearby cafe/park -> flexible early return,Recommended,https://www.brisbane.qld.gov.au/parks-and-recreation,Generated as a practical repeatable version of the base destination.
SEQ-0608,Variant / repeatable idea,Victoria Park Bistro / Putt Putt,Early morning low-stress version,Mini Golf / Food,Herston,3,10-20 min,0-15km / quick local,Free-$,Early morning/Morning,1-2h,"3-6, adult",Yes,Maybe,High,3.5,4,A - easy repeat,Usually easy or paid nearby; verify for peak days,Usually available nearby; verify for bushwalk/beach,Victoria Park Bistro / Putt Putt -> nearby cafe/park -> flexible early return,Recommended,https://victoriapark.com.au/,Generated as a practical repeatable version of the base destination.
SEQ-0609,Variant / repeatable idea,Nundah Village,Early morning low-stress version,Village + Food,Nundah,9,20-35 min,0-15km / quick local,Free-$,Early morning/Morning,1-2h,"3-6, adult",Yes,Maybe,High,3.5,5,A - easy repeat,Usually easy or paid nearby; verify for peak days,Usually available nearby; verify for bushwalk/beach,Nundah Village -> nearby cafe/park -> flexible early return,Recommended,https://www.queensland.com/au/en/places-to-see/destinations/brisbane,Generated as a practical repeatable version of the base destination.
SEQ-0610,Variant / repeatable idea,Portside Wharf,Early morning low-stress version,River + Dining,Hamilton,8,20-35 min,0-15km / quick local,Free-$,Early morning/Morning,1-2h,"3-6, adult",Yes,Maybe,High,3.5,4,A - easy repeat,Usually easy or paid nearby; verify for peak days,Usually available nearby; verify for bushwalk/beach,Portside Wharf -> nearby cafe/park -> flexible early return,Recommended,https://www.portsidewharf.com.au/,Generated as a practical repeatable version of the base destination.
SEQ-0611,Variant / repeatable idea,Eat Street Northshore,Early morning low-stress version,Night Market,Hamilton,9,20-35 min,0-15km / quick local,Free-$,Early morning/Morning,1-2h,"0-3, 3-6, adult",Yes,Maybe,Medium,4.5,3,A - easy repeat,Usually easy or paid nearby; verify for peak days,Usually available nearby; verify for bushwalk/beach,Market breakfast -> nearby playground/park -> home before nap,Recommended,https://eatstreetnorthshore.com.au/,Generated as a practical repeatable version of the base destination.
SEQ-0612,Variant / repeatable idea,Hamilton Recreation Reserve,Early morning low-stress version,Park / River,Hamilton,9,20-35 min,0-15km / quick local,Free-$,Early morning/Morning,1-2h,"0-3, 3-6, adult",Yes,Maybe,High,3.5,4,A - easy repeat,Usually easy or paid nearby; verify for peak days,Usually available nearby; verify for bushwalk/beach,Hamilton Recreation Reserve -> nearby cafe/park -> flexible early return,Recommended,https://www.brisbane.qld.gov.au/parks-and-recreation,Generated as a practical repeatable version of the base destination.
SEQ-0613,Variant / repeatable idea,Toowong Village + river loop,Early morning low-stress version,Shopping + River,Toowong,5,10-20 min,0-15km / quick local,Free-$,Early morning/Morning,1-2h,"0-3, 3-6, adult",Yes,Maybe,High,3.5,4,A - easy repeat,Usually easy or paid nearby; verify for peak days,Usually available nearby; verify for bushwalk/beach,Shopping centre -> kids play/cinema -> easy meal,Recommended,https://www.queensland.com/au/en/places-to-see/destinations/brisbane,Generated as a practical repeatable version of the base destination.
SEQ-0614,Variant / repeatable idea,UQ Lakes / St Lucia campus,Early morning low-stress version,Walk / Picnic,St Lucia,6,20-35 min,0-15km / quick local,Free-$,Early morning/Morning,1-2h,"3-6, adult",Yes,Maybe,Medium,3.5,3,A - easy repeat,Usually easy or paid nearby; verify for peak days,Usually available nearby; verify for bushwalk/beach,UQ Lakes / St Lucia campus -> nearby cafe/park -> flexible early return,Recommended,https://www.brisbane.qld.gov.au/parks-and-recreation,Generated as a practical repeatable version of the base destination.
SEQ-0615,Variant / repeatable idea,Indooroopilly Riverwalk,Early morning low-stress version,River Walk,Indooroopilly,8,20-35 min,0-15km / quick local,Free-$,Early morning/Morning,1-2h,"3-6, adult",Yes,Maybe,High,3.5,4,A - easy repeat,Usually easy or paid nearby; verify for peak days,Usually available nearby; verify for bushwalk/beach,Indooroopilly Riverwalk -> nearby cafe/park -> flexible early return,Recommended,https://www.brisbane.qld.gov.au/parks-and-recreation,Generated as a practical repeatable version of the base destination.
SEQ-0616,Variant / repeatable idea,Indooroopilly Shopping Centre,Early morning low-stress version,Shopping / Indoor,Indooroopilly,8,20-35 min,0-15km / quick local,Free-$,Early morning/Morning,1-2h,"0-3, 3-6, adult",Yes,Maybe,Medium,4.5,3,A - easy repeat,Usually easy or paid nearby; verify for peak days,Usually available nearby; verify for bushwalk/beach,Shopping centre -> kids play/cinema -> easy meal,Recommended,https://www.indooroopillyshopping.com.au/,Generated as a practical repeatable version of the base destination.
SEQ-0617,Variant / repeatable idea,Brisbane Botanic Gardens Mt Coot-tha,Early morning low-stress version,Botanic Garden,Mt Coot-tha,8,20-35 min,0-15km / quick local,Free-$,Early morning/Morning,1-2h,"0-3, 3-6, adult",Yes,Maybe,High,3.5,4,A - easy repeat,Usually easy or paid nearby; verify for peak days,Usually available nearby; verify for bushwalk/beach,Mt Coot-tha Lookout -> Botanic Gardens -> Toowong/Paddington meal,Recommended,https://www.brisbane.qld.gov.au/parks-and-recreation,Generated as a practical repeatable version of the base destination.
SEQ-0618,Variant / repeatable idea,Mt Coot-tha Lookout,Early morning low-stress version,Lookout,Mt Coot-tha,8,20-35 min,0-15km / quick local,Free-$,Early morning/Morning,1-2h,"3-6, adult",Yes,Maybe,High,3.5,4,A - easy repeat,Usually easy or paid nearby; verify for peak days,Usually available nearby; verify for bushwalk/beach,Mt Coot-tha Lookout -> Botanic Gardens -> Toowong/Paddington meal,Recommended,https://www.queensland.com/au/en/places-to-see/destinations/brisbane,Generated as a practical repeatable version of the base destination.
SEQ-0619,Variant / repeatable idea,JC Slaughter Falls,Early morning low-stress version,Bushwalk / Picnic,Mt Coot-tha,9,20-35 min,0-15km / quick local,Free-$,Early morning/Morning,1-2h,"3-6+, adult",Yes,Maybe,Medium,3.5,3,A - easy repeat,Usually easy or paid nearby; verify for peak days,Usually available nearby; verify for bushwalk/beach,JC Slaughter Falls -> nearby cafe/park -> flexible early return,Recommended,https://www.brisbane.qld.gov.au/parks-and-recreation,Generated as a practical repeatable version of the base destination.
SEQ-0620,Variant / repeatable idea,Simpson Falls Track,Early morning low-stress version,Bushwalk,Mt Coot-tha,10,20-35 min,0-15km / quick local,Free-$,Early morning/Morning,1-2h,"3-6+, adult",Yes,Maybe,Medium,3.5,3,A - easy repeat,Usually easy or paid nearby; verify for peak days,Usually available nearby; verify for bushwalk/beach,Simpson Falls Track -> nearby cafe/park -> flexible early return,Recommended,https://www.brisbane.qld.gov.au/parks-and-recreation,Generated as a practical repeatable version of the base destination.
SEQ-0621,Variant / repeatable idea,Anzac Park,Early morning low-stress version,Park / Playground,Toowong,6,20-35 min,0-15km / quick local,Free-$,Early morning/Morning,1-2h,"0-3, 3-6, adult",Yes,Maybe,Medium,4.5,3,A - easy repeat,Usually easy or paid nearby; verify for peak days,Usually available nearby; verify for bushwalk/beach,Anzac Park -> nearby cafe/park -> flexible early return,Recommended,https://www.brisbane.qld.gov.au/parks-and-recreation,Generated as a practical repeatable version of the base destination.
SEQ-0622,Variant / repeatable idea,Sherwood Arboretum,Early morning low-stress version,Park / River,Sherwood,11,20-35 min,0-15km / quick local,Free-$,Early morning/Morning,1-2h,"0-3, 3-6, adult",Yes,Maybe,High,3.5,4,A - easy repeat,Usually easy or paid nearby; verify for peak days,Usually available nearby; verify for bushwalk/beach,Sherwood Arboretum -> nearby cafe/park -> flexible early return,Recommended,https://www.brisbane.qld.gov.au/parks-and-recreation,Generated as a practical repeatable version of the base destination.
SEQ-0623,Variant / repeatable idea,Rocks Riverside Park,Early morning low-stress version,Park / Playground,Seventeen Mile Rocks,14,20-35 min,0-15km / quick local,Free-$,Early morning/Morning,1-2h,"0-3, 3-6, adult",Yes,Maybe,Medium,4.5,3,A - easy repeat,Usually easy or paid nearby; verify for peak days,Usually available nearby; verify for bushwalk/beach,Rocks Riverside Park -> nearby cafe/park -> flexible early return,Recommended,https://www.brisbane.qld.gov.au/parks-and-recreation,Generated as a practical repeatable version of the base destination.
SEQ-0624,Variant / repeatable idea,Kalinga Park,Early morning low-stress version,Park / Playground,Clayfield,8,20-35 min,0-15km / quick local,Free-$,Early morning/Morning,1-2h,"0-3, 3-6, adult",Yes,Maybe,Medium,4.5,3,A - easy repeat,Usually easy or paid nearby; verify for peak days,Usually available nearby; verify for bushwalk/beach,Kalinga Park -> nearby cafe/park -> flexible early return,Recommended,https://www.brisbane.qld.gov.au/parks-and-recreation,Generated as a practical repeatable version of the base destination.
SEQ-0625,Variant / repeatable idea,Kedron Brook Bikeway,Early morning low-stress version,Bike / Walk,Kedron / Grange,8,20-35 min,0-15km / quick local,Free-$,Early morning/Morning,1-2h,"3-6, adult",Yes,Maybe,Medium,3.5,3,A - easy repeat,Usually easy or paid nearby; verify for peak days,Usually available nearby; verify for bushwalk/beach,Kedron Brook Bikeway -> nearby cafe/park -> flexible early return,Recommended,https://www.brisbane.qld.gov.au/parks-and-recreation,Generated as a practical repeatable version of the base destination.
SEQ-0626,Variant / repeatable idea,7th Brigade Park,Early morning low-stress version,Park / Playground,Chermside,11,20-35 min,0-15km / quick local,Free-$,Early morning/Morning,1-2h,"0-3, 3-6, adult",Yes,Maybe,Medium,4.5,3,A - easy repeat,Usually easy or paid nearby; verify for peak days,Usually available nearby; verify for bushwalk/beach,7th Brigade Park -> nearby cafe/park -> flexible early return,Recommended,https://www.brisbane.qld.gov.au/parks-and-recreation,Generated as a practical repeatable version of the base destination.
SEQ-0627,Variant / repeatable idea,Boondall Wetlands,Early morning low-stress version,Wetland / Wildlife,Boondall,18,30-50 min,15-30km / easy half-day,Free-$,Early morning/Morning,1-2h,"0-3, 3-6, adult",Yes,Maybe,Medium,4.5,3,A - easy repeat,Usually easy or paid nearby; verify for peak days,Usually available nearby; verify for bushwalk/beach,Boondall Wetlands -> nearby cafe/park -> flexible early return,Recommended,https://www.brisbane.qld.gov.au/parks-and-recreation,Generated as a practical repeatable version of the base destination.
SEQ-0628,Variant / repeatable idea,Nudgee Beach Reserve,Early morning low-stress version,Beach / Wetland,Nudgee Beach,18,30-50 min,15-30km / easy half-day,Free-$,Early morning/Morning,1-2h,"0-3, 3-6, adult",Yes,Maybe,High,4.5,4,A - easy repeat,Usually easy or paid nearby; verify for peak days,Usually available nearby; verify for bushwalk/beach,Nudgee Beach Reserve -> nearby cafe/park -> flexible early return,Recommended,https://www.brisbane.qld.gov.au/parks-and-recreation,Generated as a practical repeatable version of the base destination.
SEQ-0629,Variant / repeatable idea,Minnippi Parklands,Early morning low-stress version,Park / Lake,Carina,12,20-35 min,0-15km / quick local,Free-$,Early morning/Morning,1-2h,"0-3, 3-6, adult",Yes,Maybe,Medium,3.5,3,A - easy repeat,Usually easy or paid nearby; verify for peak days,Usually available nearby; verify for bushwalk/beach,Minnippi Parklands -> nearby cafe/park -> flexible early return,Recommended,https://www.brisbane.qld.gov.au/parks-and-recreation,Generated as a practical repeatable version of the base destination.
SEQ-0630,Variant / repeatable idea,Whites Hill Reserve,Early morning low-stress version,Bushland,Camp Hill,9,20-35 min,0-15km / quick local,Free-$,Early morning/Morning,1-2h,"3-6, adult",Yes,Maybe,Medium,3.5,3,A - easy repeat,Usually easy or paid nearby; verify for peak days,Usually available nearby; verify for bushwalk/beach,Whites Hill Reserve -> nearby cafe/park -> flexible early return,Recommended,https://www.brisbane.qld.gov.au/parks-and-recreation,Generated as a practical repeatable version of the base destination.
SEQ-0631,Variant / repeatable idea,Toohey Forest,Early morning low-stress version,Bushland,Nathan,12,20-35 min,0-15km / quick local,Free-$,Early morning/Morning,1-2h,"3-6, adult",Yes,Maybe,Medium,3.5,3,A - easy repeat,Usually easy or paid nearby; verify for peak days,Usually available nearby; verify for bushwalk/beach,Toohey Forest -> nearby cafe/park -> flexible early return,Recommended,https://www.brisbane.qld.gov.au/parks-and-recreation,Generated as a practical repeatable version of the base destination.
SEQ-0632,Variant / repeatable idea,Karawatha Forest Discovery Centre,Early morning low-stress version,Bushland / Education,Karawatha,22,30-50 min,15-30km / easy half-day,Free-$,Early morning/Morning,1-2h,"3-6, adult",Yes,Maybe,Medium,3.5,3,A - easy repeat,Usually easy or paid nearby; verify for peak days,Usually available nearby; verify for bushwalk/beach,Karawatha Forest Discovery Centre -> nearby cafe/park -> flexible early return,Recommended,https://www.brisbane.qld.gov.au/parks-and-recreation,Generated as a practical repeatable version of the base destination.
SEQ-0633,Variant / repeatable idea,Oxley Creek Common,Early morning low-stress version,Wetland / Birding,Rocklea,12,20-35 min,0-15km / quick local,Free-$,Early morning/Morning,1-2h,"3-6, adult",Yes,Maybe,Medium,3.5,3,A - easy repeat,Usually easy or paid nearby; verify for peak days,Usually available nearby; verify for bushwalk/beach,Oxley Creek Common -> nearby cafe/park -> flexible early return,Recommended,https://www.brisbane.qld.gov.au/parks-and-recreation,Generated as a practical repeatable version of the base destination.
SEQ-0634,Variant / repeatable idea,Archerfield Wetlands,Early morning low-stress version,Wetland / Park,Archerfield,13,20-35 min,0-15km / quick local,Free-$,Early morning/Morning,1-2h,"0-3, 3-6, adult",Yes,Maybe,Medium,3.5,3,A - easy repeat,Usually easy or paid nearby; verify for peak days,Usually available nearby; verify for bushwalk/beach,Archerfield Wetlands -> nearby cafe/park -> flexible early return,Recommended,https://www.brisbane.qld.gov.au/parks-and-recreation,Generated as a practical repeatable version of the base destination.
SEQ-0635,Variant / repeatable idea,Teralba Park,Early morning low-stress version,Park / Playground,Everton Park,9,20-35 min,0-15km / quick local,Free-$,Early morning/Morning,1-2h,"0-3, 3-6, adult",Yes,Maybe,Medium,4.5,3,A - easy repeat,Usually easy or paid nearby; verify for peak days,Usually available nearby; verify for bushwalk/beach,Teralba Park -> nearby cafe/park -> flexible early return,Recommended,https://www.brisbane.qld.gov.au/parks-and-recreation,Generated as a practical repeatable version of the base destination.
SEQ-0636,Variant / repeatable idea,Keperra Bushland,Early morning low-stress version,Bushwalk,Keperra,11,20-35 min,0-15km / quick local,Free-$,Early morning/Morning,1-2h,"3-6+, adult",Yes,Maybe,Medium,3.5,3,A - easy repeat,Usually easy or paid nearby; verify for peak days,Usually available nearby; verify for bushwalk/beach,Keperra Bushland -> nearby cafe/park -> flexible early return,Recommended,https://www.brisbane.qld.gov.au/parks-and-recreation,Generated as a practical repeatable version of the base destination.
SEQ-0637,Variant / repeatable idea,Downfall Creek Bushland Centre,Early morning low-stress version,Nature Education,Chermside West,13,20-35 min,0-15km / quick local,Free-$,Early morning/Morning,1-2h,"3-6, adult",Yes,Maybe,Medium,3.5,3,A - easy repeat,Usually easy or paid nearby; verify for peak days,Usually available nearby; verify for bushwalk/beach,Downfall Creek Bushland Centre -> nearby cafe/park -> flexible early return,Recommended,https://www.brisbane.qld.gov.au/parks-and-recreation,Generated as a practical repeatable version of the base destination.
SEQ-0638,Variant / repeatable idea,Bunyaville Conservation Park,Early morning low-stress version,Bushland,Bunya,18,30-50 min,15-30km / easy half-day,Free-$,Early morning/Morning,1-2h,"3-6, adult",Yes,Maybe,Medium,3.5,3,A - easy repeat,Usually easy or paid nearby; verify for peak days,Usually available nearby; verify for bushwalk/beach,Bunyaville Conservation Park -> nearby cafe/park -> flexible early return,Recommended,https://parks.desi.qld.gov.au/parks,Generated as a practical repeatable version of the base destination.
SEQ-0639,Variant / repeatable idea,Walkabout Creek Discovery Centre,Early morning low-stress version,Nature / Wildlife,The Gap,14,20-35 min,0-15km / quick local,Free-$,Early morning/Morning,1-2h,"0-3, 3-6, adult",Yes,Maybe,Medium,4.5,3,A - easy repeat,Usually easy or paid nearby; verify for peak days,Usually available nearby; verify for bushwalk/beach,Walkabout Creek Discovery Centre -> nearby cafe/park -> flexible early return,Recommended,https://parks.desi.qld.gov.au/parks,Generated as a practical repeatable version of the base destination.
SEQ-0640,Variant / repeatable idea,Enoggera Reservoir,Early morning low-stress version,Lake / Picnic,The Gap,14,20-35 min,0-15km / quick local,Free-$,Early morning/Morning,1-2h,"3-6, adult",Yes,Maybe,Medium,3.5,3,A - easy repeat,Usually easy or paid nearby; verify for peak days,Usually available nearby; verify for bushwalk/beach,Enoggera Reservoir -> nearby cafe/park -> flexible early return,Recommended,https://parks.desi.qld.gov.au/parks,Generated as a practical repeatable version of the base destination.
SEQ-0641,Variant / repeatable idea,Daisy Hill Conservation Park,Early morning low-stress version,Koala / Bushland,Daisy Hill,29,30-50 min,15-30km / easy half-day,Free-$,Early morning/Morning,1-2h,"3-6, adult",Yes,Maybe,Medium,3.5,3,A - easy repeat,Usually easy or paid nearby; verify for peak days,Usually available nearby; verify for bushwalk/beach,Daisy Hill Conservation Park -> nearby cafe/park -> flexible early return,Recommended,https://parks.desi.qld.gov.au/parks,Generated as a practical repeatable version of the base destination.
SEQ-0642,Variant / repeatable idea,Daisy Hill Koala Centre,Early morning low-stress version,Wildlife / Free,Daisy Hill,29,30-50 min,15-30km / easy half-day,Free-$,Early morning/Morning,1-2h,"0-3, 3-6, adult",Yes,Maybe,Medium,4.5,3,A - easy repeat,Usually easy or paid nearby; verify for peak days,Usually available nearby; verify for bushwalk/beach,Daisy Hill Koala Centre -> nearby cafe/park -> flexible early return,Recommended,https://parks.desi.qld.gov.au/parks,Generated as a practical repeatable version of the base destination.
SEQ-0643,Variant / repeatable idea,Underwood Park,Early morning low-stress version,Park / Playground,Priestdale,23,30-50 min,15-30km / easy half-day,Free-$,Early morning/Morning,1-2h,"0-3, 3-6, adult",Yes,Maybe,Medium,4.5,3,A - easy repeat,Usually easy or paid nearby; verify for peak days,Usually available nearby; verify for bushwalk/beach,Underwood Park -> nearby cafe/park -> flexible early return,Recommended,https://www.brisbane.qld.gov.au/parks-and-recreation,Generated as a practical repeatable version of the base destination.
SEQ-0644,Variant / repeatable idea,Wishart Community Park,Early morning low-stress version,Park / Playground,Wishart,15,20-35 min,0-15km / quick local,Free-$,Early morning/Morning,1-2h,"0-3, 3-6, adult",Yes,Maybe,Medium,4.5,3,A - easy repeat,Usually easy or paid nearby; verify for peak days,Usually available nearby; verify for bushwalk/beach,Wishart Community Park -> nearby cafe/park -> flexible early return,Recommended,https://www.brisbane.qld.gov.au/parks-and-recreation,Generated as a practical repeatable version of the base destination.
SEQ-0645,Variant / repeatable idea,Calamvale District Park,Early morning low-stress version,Park / Playground,Calamvale,20,30-50 min,15-30km / easy half-day,Free-$,Early morning/Morning,1-2h,"0-3, 3-6, adult",Yes,Maybe,Medium,4.5,3,A - easy repeat,Usually easy or paid nearby; verify for peak days,Usually available nearby; verify for bushwalk/beach,Calamvale District Park -> nearby cafe/park -> flexible early return,Recommended,https://www.brisbane.qld.gov.au/parks-and-recreation,Generated as a practical repeatable version of the base destination.
SEQ-0646,Variant / repeatable idea,Robelle Domain,Early morning low-stress version,Park / Water Play,Springfield Central,30,30-50 min,15-30km / easy half-day,Free-$,Early morning/Morning,1-2h,"0-3, 3-6, adult",Yes,Maybe,Medium,4.5,3,A - easy repeat,Usually easy or paid nearby; verify for peak days,Usually available nearby; verify for bushwalk/beach,Robelle Domain -> nearby cafe/park -> flexible early return,Recommended,https://www.discoveripswich.com.au/,Generated as a practical repeatable version of the base destination.
SEQ-0647,Variant / repeatable idea,Orion Lagoon,Early morning low-stress version,Water Play,Springfield Central,30,30-50 min,15-30km / easy half-day,Free-$,Early morning/Morning,1-2h,"0-3, 3-6, adult",Yes,Maybe,Medium,4.5,3,A - easy repeat,Usually easy or paid nearby; verify for peak days,Usually available nearby; verify for bushwalk/beach,Orion Lagoon -> nearby cafe/park -> flexible early return,Recommended,https://www.discoveripswich.com.au/,Generated as a practical repeatable version of the base destination.
SEQ-0648,Variant / repeatable idea,Kholo Gardens,Early morning low-stress version,Garden / Picnic,Ipswich,28,30-50 min,15-30km / easy half-day,Free-$,Early morning/Morning,1-2h,"0-3, 3-6, adult",Yes,Maybe,High,3.5,4,A - easy repeat,Usually easy or paid nearby; verify for peak days,Usually available nearby; verify for bushwalk/beach,Queens Park -> Ipswich Nature Centre -> Ipswich Art Gallery/rail museum,Recommended,https://www.discoveripswich.com.au/,Generated as a practical repeatable version of the base destination.
SEQ-0649,Variant / repeatable idea,Colleges Crossing Recreation Reserve,Early morning low-stress version,River / Picnic,Chuwar,32,45-70 min,30-60km / half-day to day,Free-$,Early morning/Morning,1-2h,"3-6, adult",Yes,Maybe,High,3.5,4,B - planned day,Usually easy or paid nearby; verify for peak days,Usually available nearby; verify for bushwalk/beach,Colleges Crossing Recreation Reserve -> nearby cafe/park -> flexible early return,Recommended,https://www.discoveripswich.com.au/,Generated as a practical repeatable version of the base destination.
SEQ-0650,Variant / repeatable idea,Queens Park Ipswich,Early morning low-stress version,Park / Zoo,Ipswich,40,45-70 min,30-60km / half-day to day,Free-$,Early morning/Morning,1-2h,"0-3, 3-6, adult",Yes,Maybe,Medium,4.5,3,B - planned day,Usually easy or paid nearby; verify for peak days,Usually available nearby; verify for bushwalk/beach,Queens Park -> Ipswich Nature Centre -> Ipswich Art Gallery/rail museum,Recommended,https://www.discoveripswich.com.au/,Generated as a practical repeatable version of the base destination.
SEQ-0651,Variant / repeatable idea,Ipswich Nature Centre,Early morning low-stress version,Wildlife / Free,Ipswich,40,45-70 min,30-60km / half-day to day,Free-$,Early morning/Morning,1-2h,"0-3, 3-6, adult",Yes,Maybe,Medium,4.5,3,B - planned day,Usually easy or paid nearby; verify for peak days,Usually available nearby; verify for bushwalk/beach,Queens Park -> Ipswich Nature Centre -> Ipswich Art Gallery/rail museum,Recommended,https://www.discoveripswich.com.au/,Generated as a practical repeatable version of the base destination.
SEQ-0652,Variant / repeatable idea,Denmark Hill Conservation Reserve,Early morning low-stress version,Bushwalk,Ipswich,40,45-70 min,30-60km / half-day to day,Free-$,Early morning/Morning,1-2h,"3-6+, adult",Yes,Maybe,Medium,3.5,3,B - planned day,Usually easy or paid nearby; verify for peak days,Usually available nearby; verify for bushwalk/beach,Queens Park -> Ipswich Nature Centre -> Ipswich Art Gallery/rail museum,Recommended,https://www.discoveripswich.com.au/,Generated as a practical repeatable version of the base destination.
SEQ-0653,Variant / repeatable idea,Nerima Gardens,Early morning low-stress version,Japanese Garden,Ipswich,40,45-70 min,30-60km / half-day to day,Free-$,Early morning/Morning,1-2h,"0-3, 3-6, adult",Yes,Maybe,High,3.5,4,B - planned day,Usually easy or paid nearby; verify for peak days,Usually available nearby; verify for bushwalk/beach,Queens Park -> Ipswich Nature Centre -> Ipswich Art Gallery/rail museum,Recommended,https://www.discoveripswich.com.au/,Generated as a practical repeatable version of the base destination.
SEQ-0654,Variant / repeatable idea,Eagleby Wetlands,Early morning low-stress version,Wetland / Birding,Eagleby,36,45-70 min,30-60km / half-day to day,Free-$,Early morning/Morning,1-2h,"3-6, adult",Yes,Maybe,Medium,3.5,3,B - planned day,Usually easy or paid nearby; verify for peak days,Usually available nearby; verify for bushwalk/beach,Eagleby Wetlands -> nearby cafe/park -> flexible early return,Recommended,https://www.logan.qld.gov.au/,Generated as a practical repeatable version of the base destination.
SEQ-0655,Variant / repeatable idea,Berrinba Wetlands,Early morning low-stress version,Wetland / Walk,Berrinba,27,30-50 min,15-30km / easy half-day,Free-$,Early morning/Morning,1-2h,"3-6, adult",Yes,Maybe,Medium,3.5,3,A - easy repeat,Usually easy or paid nearby; verify for peak days,Usually available nearby; verify for bushwalk/beach,Berrinba Wetlands -> nearby cafe/park -> flexible early return,Recommended,https://www.logan.qld.gov.au/,Generated as a practical repeatable version of the base destination.
SEQ-0656,Variant / repeatable idea,Logan Gardens,Early morning low-stress version,Park / Water Play,Logan Central,26,30-50 min,15-30km / easy half-day,Free-$,Early morning/Morning,1-2h,"0-3, 3-6, adult",Yes,Maybe,Medium,4.5,3,A - easy repeat,Usually easy or paid nearby; verify for peak days,Usually available nearby; verify for bushwalk/beach,Logan Gardens -> nearby cafe/park -> flexible early return,Recommended,https://www.logan.qld.gov.au/,Generated as a practical repeatable version of the base destination.
SEQ-0657,Variant / repeatable idea,Alexander Clark Park,Early morning low-stress version,Park / River,Loganholme,29,30-50 min,15-30km / easy half-day,Free-$,Early morning/Morning,1-2h,"0-3, 3-6, adult",Yes,Maybe,High,3.5,4,A - easy repeat,Usually easy or paid nearby; verify for peak days,Usually available nearby; verify for bushwalk/beach,Alexander Clark Park -> nearby cafe/park -> flexible early return,Recommended,https://www.logan.qld.gov.au/,Generated as a practical repeatable version of the base destination.
SEQ-0658,Variant / repeatable idea,Mayes Cottage,Early morning low-stress version,Heritage,Kingston,24,30-50 min,15-30km / easy half-day,Free-$,Early morning/Morning,1-2h,"3-6, adult",Yes,Maybe,Medium,3.5,3,A - easy repeat,Usually easy or paid nearby; verify for peak days,Usually available nearby; verify for bushwalk/beach,Mayes Cottage -> nearby cafe/park -> flexible early return,Recommended,https://www.logan.qld.gov.au/,Generated as a practical repeatable version of the base destination.
SEQ-0659,Variant / repeatable idea,Redland Bay Foreshore,Early morning low-stress version,Coast / Picnic,Redland Bay,45,45-70 min,30-60km / half-day to day,Free-$,Early morning/Morning,1-2h,"3-6, adult",Yes,Maybe,High,3.5,4,B - planned day,Usually easy or paid nearby; verify for peak days,Usually available nearby; verify for bushwalk/beach,Redland Bay Foreshore -> nearby cafe/park -> flexible early return,Recommended,https://www.visitredlandscoast.com.au/,Generated as a practical repeatable version of the base destination.
SEQ-0660,Variant / repeatable idea,Wellington Point Reserve,Early morning low-stress version,Beach / Sandbar,Wellington Point,28,30-50 min,15-30km / easy half-day,Free-$,Early morning/Morning,1-2h,"0-3, 3-6, adult",Yes,Maybe,High,4.5,4,A - easy repeat,Usually easy or paid nearby; verify for peak days,Usually available nearby; verify for bushwalk/beach,Wellington Point Reserve -> nearby cafe/park -> flexible early return,Recommended,https://www.visitredlandscoast.com.au/,Generated as a practical repeatable version of the base destination.
SEQ-0661,Variant / repeatable idea,Cleveland Point Reserve,Early morning low-stress version,Coast / Lighthouse,Cleveland,30,30-50 min,15-30km / easy half-day,Free-$,Early morning/Morning,1-2h,"3-6, adult",Yes,Maybe,High,3.5,4,A - easy repeat,Usually easy or paid nearby; verify for peak days,Usually available nearby; verify for bushwalk/beach,Cleveland Point Reserve -> nearby cafe/park -> flexible early return,Recommended,https://www.visitredlandscoast.com.au/,Generated as a practical repeatable version of the base destination.
SEQ-0662,Variant / repeatable idea,Raby Bay Harbour Park,Early morning low-stress version,Harbour / Food,Cleveland,30,30-50 min,15-30km / easy half-day,Free-$,Early morning/Morning,1-2h,"3-6, adult",Yes,Maybe,High,3.5,4,A - easy repeat,Usually easy or paid nearby; verify for peak days,Usually available nearby; verify for bushwalk/beach,Raby Bay Harbour Park -> nearby cafe/park -> flexible early return,Recommended,https://www.visitredlandscoast.com.au/,Generated as a practical repeatable version of the base destination.
SEQ-0663,Variant / repeatable idea,Victoria Point Lakeside,Early morning low-stress version,Food + Lake,Victoria Point,35,45-70 min,30-60km / half-day to day,Free-$,Early morning/Morning,1-2h,"3-6, adult",Yes,Maybe,High,3.5,4,B - planned day,Usually easy or paid nearby; verify for peak days,Usually available nearby; verify for bushwalk/beach,Victoria Point Lakeside -> nearby cafe/park -> flexible early return,Recommended,https://www.visitredlandscoast.com.au/,Generated as a practical repeatable version of the base destination.
SEQ-0664,Variant / repeatable idea,Capalaba Regional Park,Early morning low-stress version,Park / Playground,Capalaba,23,30-50 min,15-30km / easy half-day,Free-$,Early morning/Morning,1-2h,"0-3, 3-6, adult",Yes,Maybe,Medium,4.5,3,A - easy repeat,Usually easy or paid nearby; verify for peak days,Usually available nearby; verify for bushwalk/beach,Capalaba Regional Park -> nearby cafe/park -> flexible early return,Recommended,https://www.visitredlandscoast.com.au/,Generated as a practical repeatable version of the base destination.
SEQ-0665,Variant / repeatable idea,Scribbly Gums Conservation Area,Early morning low-stress version,Bushland,Alexandra Hills,28,30-50 min,15-30km / easy half-day,Free-$,Early morning/Morning,1-2h,"3-6, adult",Yes,Maybe,Medium,3.5,3,A - easy repeat,Usually easy or paid nearby; verify for peak days,Usually available nearby; verify for bushwalk/beach,Scribbly Gums Conservation Area -> nearby cafe/park -> flexible early return,Recommended,https://www.visitredlandscoast.com.au/,Generated as a practical repeatable version of the base destination.
SEQ-0666,Variant / repeatable idea,IndigiScapes Centre,Early morning low-stress version,Nature Education,Capalaba,24,30-50 min,15-30km / easy half-day,Free-$,Early morning/Morning,1-2h,"3-6, adult",Yes,Maybe,Medium,3.5,3,A - easy repeat,Usually easy or paid nearby; verify for peak days,Usually available nearby; verify for bushwalk/beach,IndigiScapes Centre -> nearby cafe/park -> flexible early return,Recommended,https://www.visitredlandscoast.com.au/,Generated as a practical repeatable version of the base destination.
SEQ-0667,Variant / repeatable idea,Redcliffe Jetty,Early morning low-stress version,Coast / Jetty,Redcliffe,35,45-70 min,30-60km / half-day to day,Free-$,Early morning/Morning,1-2h,"3-6, adult",Yes,Maybe,High,3.5,4,B - planned day,Usually easy or paid nearby; verify for peak days,Usually available nearby; verify for bushwalk/beach,Redcliffe Jetty -> Settlement Cove/Suttons Beach -> Scarborough sunset,Recommended,https://www.queensland.com/au/en/places-to-see/destinations/brisbane/moreton-bay,Generated as a practical repeatable version of the base destination.
SEQ-0668,Variant / repeatable idea,Settlement Cove Lagoon,Early morning low-stress version,Water Play,Redcliffe,35,45-70 min,30-60km / half-day to day,Free-$,Early morning/Morning,1-2h,"0-3, 3-6, adult",Yes,Maybe,Medium,4.5,3,B - planned day,Usually easy or paid nearby; verify for peak days,Usually available nearby; verify for bushwalk/beach,Redcliffe Jetty -> Settlement Cove/Suttons Beach -> Scarborough sunset,Recommended,https://www.queensland.com/au/en/places-to-see/destinations/brisbane/moreton-bay,Generated as a practical repeatable version of the base destination.
SEQ-0669,Variant / repeatable idea,Suttons Beach,Early morning low-stress version,Beach,Redcliffe,35,45-70 min,30-60km / half-day to day,Free-$,Early morning/Morning,1-2h,"0-3, 3-6, adult",Yes,Maybe,High,4.5,4,B - planned day,Usually easy or paid nearby; verify for peak days,Usually available nearby; verify for bushwalk/beach,Redcliffe Jetty -> Settlement Cove/Suttons Beach -> Scarborough sunset,Recommended,https://www.queensland.com/au/en/places-to-see/destinations/brisbane/moreton-bay,Generated as a practical repeatable version of the base destination.
SEQ-0670,Variant / repeatable idea,Margate Beach,Early morning low-stress version,Beach / Walk,Margate,35,45-70 min,30-60km / half-day to day,Free-$,Early morning/Morning,1-2h,"0-3, 3-6, adult",Yes,Maybe,High,4.5,4,B - planned day,Usually easy or paid nearby; verify for peak days,Usually available nearby; verify for bushwalk/beach,Margate Beach -> nearby cafe/park -> flexible early return,Recommended,https://www.queensland.com/au/en/places-to-see/destinations/brisbane/moreton-bay,Generated as a practical repeatable version of the base destination.
SEQ-0671,Variant / repeatable idea,Woody Point Jetty,Early morning low-stress version,Jetty / Sunset,Woody Point,32,45-70 min,30-60km / half-day to day,Free-$,Early morning/Morning,1-2h,"3-6, adult",Yes,Maybe,Medium,3.5,3,B - planned day,Usually easy or paid nearby; verify for peak days,Usually available nearby; verify for bushwalk/beach,Woody Point Jetty -> nearby cafe/park -> flexible early return,Recommended,https://www.queensland.com/au/en/places-to-see/destinations/brisbane/moreton-bay,Generated as a practical repeatable version of the base destination.
SEQ-0672,Variant / repeatable idea,Scarborough Beach Park,Early morning low-stress version,Beach / Playground,Scarborough,39,45-70 min,30-60km / half-day to day,Free-$,Early morning/Morning,1-2h,"0-3, 3-6, adult",Yes,Maybe,High,5,4,B - planned day,Usually easy or paid nearby; verify for peak days,Usually available nearby; verify for bushwalk/beach,Redcliffe Jetty -> Settlement Cove/Suttons Beach -> Scarborough sunset,Recommended,https://www.queensland.com/au/en/places-to-see/destinations/brisbane/moreton-bay,Generated as a practical repeatable version of the base destination.
SEQ-0673,Variant / repeatable idea,Queens Beach North,Early morning low-stress version,Beach,Scarborough,40,45-70 min,30-60km / half-day to day,Free-$,Early morning/Morning,1-2h,"0-3, 3-6, adult",Yes,Maybe,High,4.5,4,B - planned day,Usually easy or paid nearby; verify for peak days,Usually available nearby; verify for bushwalk/beach,Queens Beach North -> nearby cafe/park -> flexible early return,Recommended,https://www.queensland.com/au/en/places-to-see/destinations/brisbane/moreton-bay,Generated as a practical repeatable version of the base destination.
SEQ-0674,Variant / repeatable idea,Shorncliffe Pier,Early morning low-stress version,Coast / Pier,Shorncliffe,22,30-50 min,15-30km / easy half-day,Free-$,Early morning/Morning,1-2h,"3-6, adult",Yes,Maybe,High,3.5,4,A - easy repeat,Usually easy or paid nearby; verify for peak days,Usually available nearby; verify for bushwalk/beach,Shorncliffe Pier -> nearby cafe/park -> flexible early return,Recommended,https://www.brisbane.qld.gov.au/parks-and-recreation,Generated as a practical repeatable version of the base destination.
SEQ-0675,Variant / repeatable idea,Sandgate Foreshore,Early morning low-stress version,Coast / Walk,Sandgate,21,30-50 min,15-30km / easy half-day,Free-$,Early morning/Morning,1-2h,"3-6, adult",Yes,Maybe,High,3.5,4,A - easy repeat,Usually easy or paid nearby; verify for peak days,Usually available nearby; verify for bushwalk/beach,Sandgate Foreshore -> nearby cafe/park -> flexible early return,Recommended,https://www.brisbane.qld.gov.au/parks-and-recreation,Generated as a practical repeatable version of the base destination.
SEQ-0676,Variant / repeatable idea,Brighton Foreshore,Early morning low-stress version,Coast / Walk,Brighton,22,30-50 min,15-30km / easy half-day,Free-$,Early morning/Morning,1-2h,"3-6, adult",Yes,Maybe,High,3.5,4,A - easy repeat,Usually easy or paid nearby; verify for peak days,Usually available nearby; verify for bushwalk/beach,Brighton Foreshore -> nearby cafe/park -> flexible early return,Recommended,https://www.brisbane.qld.gov.au/parks-and-recreation,Generated as a practical repeatable version of the base destination.
SEQ-0677,Variant / repeatable idea,Tinchi Tamba Wetlands,Early morning low-stress version,Wetland,Bald Hills,19,30-50 min,15-30km / easy half-day,Free-$,Early morning/Morning,1-2h,"3-6, adult",Yes,Maybe,Medium,3.5,3,A - easy repeat,Usually easy or paid nearby; verify for peak days,Usually available nearby; verify for bushwalk/beach,Tinchi Tamba Wetlands -> nearby cafe/park -> flexible early return,Recommended,https://www.brisbane.qld.gov.au/parks-and-recreation,Generated as a practical repeatable version of the base destination.
SEQ-0678,Variant / repeatable idea,Pine Rivers Park,Early morning low-stress version,Park / Playground,Strathpine,24,30-50 min,15-30km / easy half-day,Free-$,Early morning/Morning,1-2h,"0-3, 3-6, adult",Yes,Maybe,Medium,4.5,3,A - easy repeat,Usually easy or paid nearby; verify for peak days,Usually available nearby; verify for bushwalk/beach,Pine Rivers Park -> nearby cafe/park -> flexible early return,Recommended,https://www.visitmoretonbay.com.au/,Generated as a practical repeatable version of the base destination.
SEQ-0679,Variant / repeatable idea,Lake Eden,Early morning low-stress version,Lake / Walk,North Lakes,28,30-50 min,15-30km / easy half-day,Free-$,Early morning/Morning,1-2h,"3-6, adult",Yes,Maybe,Medium,3.5,3,A - easy repeat,Usually easy or paid nearby; verify for peak days,Usually available nearby; verify for bushwalk/beach,Lake Eden -> nearby cafe/park -> flexible early return,Recommended,https://www.visitmoretonbay.com.au/,Generated as a practical repeatable version of the base destination.
SEQ-0680,Variant / repeatable idea,North Lakes Westfield / Event Cinemas,Early morning low-stress version,Shopping / Indoor,North Lakes,28,30-50 min,15-30km / easy half-day,Free-$,Early morning/Morning,1-2h,"0-3, 3-6, adult",Yes,Maybe,Medium,4.5,3,A - easy repeat,Usually easy or paid nearby; verify for peak days,Usually available nearby; verify for bushwalk/beach,Shopping centre -> kids play/cinema -> easy meal,Recommended,https://www.visitmoretonbay.com.au/,Generated as a practical repeatable version of the base destination.
SEQ-0681,Variant / repeatable idea,Osprey House Environmental Centre,Early morning low-stress version,Nature Education,Griffin,26,30-50 min,15-30km / easy half-day,Free-$,Early morning/Morning,1-2h,"3-6, adult",Yes,Maybe,Medium,3.5,3,A - easy repeat,Usually easy or paid nearby; verify for peak days,Usually available nearby; verify for bushwalk/beach,Osprey House Environmental Centre -> nearby cafe/park -> flexible early return,Recommended,https://www.visitmoretonbay.com.au/,Generated as a practical repeatable version of the base destination.
SEQ-0682,Variant / repeatable idea,Samford Village,Early morning low-stress version,Village + Cafe,Samford,24,30-50 min,15-30km / easy half-day,Free-$,Early morning/Morning,1-2h,"3-6, adult",Yes,Maybe,High,3.5,4,A - easy repeat,Usually easy or paid nearby; verify for peak days,Usually available nearby; verify for bushwalk/beach,Samford Village -> nearby cafe/park -> flexible early return,Recommended,https://www.visitmoretonbay.com.au/,Generated as a practical repeatable version of the base destination.
SEQ-0683,Variant / repeatable idea,Samford Conservation Park,Early morning low-stress version,Bushland,Samford,25,30-50 min,15-30km / easy half-day,Free-$,Early morning/Morning,1-2h,"3-6, adult",Yes,Maybe,Medium,3.5,3,A - easy repeat,Usually easy or paid nearby; verify for peak days,Usually available nearby; verify for bushwalk/beach,Samford Conservation Park -> nearby cafe/park -> flexible early return,Recommended,https://www.visitmoretonbay.com.au/,Generated as a practical repeatable version of the base destination.
SEQ-0684,Variant / repeatable idea,Samford Valley Rail Trail,Early morning low-stress version,Walk / Bike,Samford,26,30-50 min,15-30km / easy half-day,Free-$,Early morning/Morning,1-2h,"3-6, adult",Yes,Maybe,Medium,3.5,3,A - easy repeat,Usually easy or paid nearby; verify for peak days,Usually available nearby; verify for bushwalk/beach,Samford Valley Rail Trail -> nearby cafe/park -> flexible early return,Recommended,https://www.visitmoretonbay.com.au/,Generated as a practical repeatable version of the base destination.
SEQ-0685,Variant / repeatable idea,Dayboro Village,Early morning low-stress version,Village + Scenic Drive,Dayboro,45,45-70 min,30-60km / half-day to day,Free-$,Early morning/Morning,1-2h,"3-6, adult",Yes,Maybe,High,3.5,5,B - planned day,Usually easy or paid nearby; verify for peak days,Usually available nearby; verify for bushwalk/beach,Dayboro Village -> nearby cafe/park -> flexible early return,Recommended,https://www.visitmoretonbay.com.au/,Generated as a practical repeatable version of the base destination.
SEQ-0686,Variant / repeatable idea,Mt Mee Lookout,Early morning low-stress version,Lookout / Scenic Drive,Mount Mee,65,60-90 min,60-100km / bigger day trip,Free-$,Early morning/Morning,1-2h,"3-6, adult",Yes,Maybe,High,3.5,5,B - planned day,Usually easy or paid nearby; verify for peak days,Usually available nearby; verify for bushwalk/beach,Mt Mee Lookout -> nearby cafe/park -> flexible early return,Yes - verify current conditions before leaving,https://www.visitmoretonbay.com.au/,Generated as a practical repeatable version of the base destination.
SEQ-0687,Variant / repeatable idea,D'Aguilar National Park - Maiala,Early morning low-stress version,Rainforest Walk,Mt Glorious,45,45-70 min,30-60km / half-day to day,Free-$,Early morning/Morning,1-2h,"3-6, adult",Yes,Maybe,High,3.5,4,B - planned day,Usually easy or paid nearby; verify for peak days,Usually available nearby; verify for bushwalk/beach,D'Aguilar National Park - Maiala -> nearby cafe/park -> flexible early return,Recommended,https://parks.desi.qld.gov.au/parks,Generated as a practical repeatable version of the base destination.
SEQ-0688,Variant / repeatable idea,Mt Glorious Cafe Village,Early morning low-stress version,Mountain Village,Mt Glorious,43,45-70 min,30-60km / half-day to day,Free-$,Early morning/Morning,1-2h,"3-6, adult",Yes,Maybe,High,3.5,4,B - planned day,Usually easy or paid nearby; verify for peak days,Usually available nearby; verify for bushwalk/beach,Mt Glorious Cafe Village -> nearby cafe/park -> flexible early return,Recommended,https://www.visitmoretonbay.com.au/,Generated as a practical repeatable version of the base destination.
SEQ-0689,Variant / repeatable idea,Jollys Lookout,Early morning low-stress version,Lookout / Picnic,D'Aguilar National Park,28,30-50 min,15-30km / easy half-day,Free-$,Early morning/Morning,1-2h,"3-6, adult",Yes,Maybe,High,3.5,4,A - easy repeat,Usually easy or paid nearby; verify for peak days,Usually available nearby; verify for bushwalk/beach,Jollys Lookout -> nearby cafe/park -> flexible early return,Recommended,https://parks.desi.qld.gov.au/parks,Generated as a practical repeatable version of the base destination.
SEQ-0690,Variant / repeatable idea,Wivenhoe Outlook,Early morning low-stress version,Lookout,D'Aguilar National Park,32,45-70 min,30-60km / half-day to day,Free-$,Early morning/Morning,1-2h,"3-6, adult",Yes,Maybe,High,3.5,4,B - planned day,Usually easy or paid nearby; verify for peak days,Usually available nearby; verify for bushwalk/beach,Wivenhoe Outlook -> nearby cafe/park -> flexible early return,Recommended,https://parks.desi.qld.gov.au/parks,Generated as a practical repeatable version of the base destination.
SEQ-0691,Variant / repeatable idea,Bribie Island Seaside Museum,Early morning low-stress version,Museum / Coast,Bongaree,70,60-90 min,60-100km / bigger day trip,Free-$,Early morning/Morning,1-2h,"0-3, 3-6, adult",Yes,Maybe,High,4.5,4,B - planned day,Usually easy or paid nearby; verify for peak days,Usually available nearby; verify for bushwalk/beach,South Bank -> QAGOMA/Queensland Museum -> Fish Lane or riverside dinner,Yes - verify current conditions before leaving,https://www.visitmoretonbay.com.au/,Generated as a practical repeatable version of the base destination.
SEQ-0692,Variant / repeatable idea,Bongaree Jetty,Early morning low-stress version,Coast / Jetty,Bribie Island,70,60-90 min,60-100km / bigger day trip,Free-$,Early morning/Morning,1-2h,"3-6, adult",Yes,Maybe,High,3.5,4,B - planned day,Usually easy or paid nearby; verify for peak days,Usually available nearby; verify for bushwalk/beach,Bongaree Jetty -> Seaside Museum -> Woorim/Sylvan Beach,Yes - verify current conditions before leaving,https://www.visitmoretonbay.com.au/,Generated as a practical repeatable version of the base destination.
SEQ-0693,Variant / repeatable idea,Sylvan Beach,Early morning low-stress version,Calm Beach,Bribie Island,72,60-90 min,60-100km / bigger day trip,Free-$,Early morning/Morning,1-2h,"0-3, 3-6, adult",Yes,Maybe,High,4.5,4,B - planned day,Usually easy or paid nearby; verify for peak days,Usually available nearby; verify for bushwalk/beach,Sylvan Beach -> nearby cafe/park -> flexible early return,Yes - verify current conditions before leaving,https://www.visitmoretonbay.com.au/,Generated as a practical repeatable version of the base destination.
SEQ-0694,Variant / repeatable idea,Woorim Beach,Early morning low-stress version,Surf Beach,Bribie Island,80,75-110 min,60-100km / bigger day trip,Free-$,Early morning/Morning,1-2h,"0-3, 3-6, adult",Yes,Maybe,High,4.5,4,C - bigger day trip,Usually easy or paid nearby; verify for peak days,Usually available nearby; verify for bushwalk/beach,Woorim Beach -> nearby cafe/park -> flexible early return,Yes - verify current conditions before leaving,https://www.visitmoretonbay.com.au/,Generated as a practical repeatable version of the base destination.
SEQ-0695,Variant / repeatable idea,Buckleys Hole Conservation Park,Early morning low-stress version,Birding / Walk,Bribie Island,71,60-90 min,60-100km / bigger day trip,Free-$,Early morning/Morning,1-2h,"3-6, adult",Yes,Maybe,Medium,3.5,3,B - planned day,Usually easy or paid nearby; verify for peak days,Usually available nearby; verify for bushwalk/beach,Buckleys Hole Conservation Park -> nearby cafe/park -> flexible early return,Yes - verify current conditions before leaving,https://parks.desi.qld.gov.au/parks,Generated as a practical repeatable version of the base destination.
SEQ-0696,Variant / repeatable idea,Abbey Museum of Art and Archaeology,Early morning low-stress version,Museum / Culture,Caboolture,50,45-70 min,30-60km / half-day to day,Free-$,Early morning/Morning,1-2h,"0-3, 3-6, adult",Yes,Maybe,High,4.5,4,B - planned day,Usually easy or paid nearby; verify for peak days,Usually available nearby; verify for bushwalk/beach,South Bank -> QAGOMA/Queensland Museum -> Fish Lane or riverside dinner,Recommended,https://www.visitmoretonbay.com.au/,Generated as a practical repeatable version of the base destination.
SEQ-0697,Variant / repeatable idea,Caboolture Historical Village,Early morning low-stress version,Heritage / Family,Caboolture,50,45-70 min,30-60km / half-day to day,Free-$,Early morning/Morning,1-2h,"3-6, adult",Yes,Maybe,Medium,3.5,3,B - planned day,Usually easy or paid nearby; verify for peak days,Usually available nearby; verify for bushwalk/beach,Caboolture Historical Village -> nearby cafe/park -> flexible early return,Recommended,https://www.visitmoretonbay.com.au/,Generated as a practical repeatable version of the base destination.
SEQ-0698,Variant / repeatable idea,Caboolture Regional Art Gallery,Early morning low-stress version,Gallery / Indoor,Caboolture,48,45-70 min,30-60km / half-day to day,Free-$,Early morning/Morning,1-2h,"0-3, 3-6, adult",Yes,Maybe,High,4.5,4,B - planned day,Usually easy or paid nearby; verify for peak days,Usually available nearby; verify for bushwalk/beach,Caboolture Regional Art Gallery -> nearby cafe/park -> flexible early return,Recommended,https://www.moretonbay.qld.gov.au/Events,Generated as a practical repeatable version of the base destination.
SEQ-0699,Variant / repeatable idea,Woodford Village,Early morning low-stress version,Village + Markets,Woodford,72,60-90 min,60-100km / bigger day trip,Free-$,Early morning/Morning,1-2h,"0-3, 3-6, adult",Yes,Maybe,High,4.5,4,B - planned day,Usually easy or paid nearby; verify for peak days,Usually available nearby; verify for bushwalk/beach,Market breakfast -> nearby playground/park -> home before nap,Yes - verify current conditions before leaving,https://www.visitmoretonbay.com.au/,Generated as a practical repeatable version of the base destination.
SEQ-0700,Variant / repeatable idea,Woodfordia precinct,Early morning low-stress version,Festival / Events,Woodford,76,75-110 min,60-100km / bigger day trip,Free-$,Early morning/Morning,1-2h,"3-6, adult",Yes,Maybe,Medium,3.5,3,C - bigger day trip,Usually easy or paid nearby; verify for peak days,Usually available nearby; verify for bushwalk/beach,Woodfordia precinct -> nearby cafe/park -> flexible early return,Yes - verify current conditions before leaving,https://www.visitmoretonbay.com.au/,Generated as a practical repeatable version of the base destination.
SEQ-0701,Variant / repeatable idea,Tamborine Mountain Gallery Walk,Early morning low-stress version,Village + Shops,Tamborine Mountain,75,60-90 min,60-100km / bigger day trip,Free-$,Early morning/Morning,1-2h,"3-6, adult",Yes,Maybe,High,3.5,4,B - planned day,Usually easy or paid nearby; verify for peak days,Usually available nearby; verify for bushwalk/beach,Gallery Walk -> Curtis Falls/Skywalk -> lookout or early dinner,Yes - verify current conditions before leaving,https://www.visitscenicrim.com.au/,Generated as a practical repeatable version of the base destination.
SEQ-0702,Variant / repeatable idea,Tamborine Rainforest Skywalk,Early morning low-stress version,Rainforest / Walk,Tamborine Mountain,75,60-90 min,60-100km / bigger day trip,Free-$,Early morning/Morning,1-2h,"3-6, adult",Yes,Maybe,High,3.5,4,B - planned day,Usually easy or paid nearby; verify for peak days,Usually available nearby; verify for bushwalk/beach,Gallery Walk -> Curtis Falls/Skywalk -> lookout or early dinner,Yes - verify current conditions before leaving,https://www.visitscenicrim.com.au/,Generated as a practical repeatable version of the base destination.
SEQ-0703,Variant / repeatable idea,Curtis Falls,Early morning low-stress version,Waterfall Walk,Tamborine Mountain,75,60-90 min,60-100km / bigger day trip,Free-$,Early morning/Morning,1-2h,"0-3, 3-6, adult",Yes,Maybe,Medium,4.5,3,B - planned day,Usually easy or paid nearby; verify for peak days,Usually available nearby; verify for bushwalk/beach,Curtis Falls -> nearby cafe/park -> flexible early return,Yes - verify current conditions before leaving,https://parks.desi.qld.gov.au/parks,Generated as a practical repeatable version of the base destination.
SEQ-0704,Variant / repeatable idea,Cedar Creek Falls Tamborine,Early morning low-stress version,Waterfall / Picnic,Tamborine Mountain,78,75-110 min,60-100km / bigger day trip,Free-$,Early morning/Morning,1-2h,"0-3, 3-6, adult",Yes,Maybe,Medium,4.5,3,C - bigger day trip,Usually easy or paid nearby; verify for peak days,Usually available nearby; verify for bushwalk/beach,Gallery Walk -> Curtis Falls/Skywalk -> lookout or early dinner,Yes - verify current conditions before leaving,https://parks.desi.qld.gov.au/parks,Generated as a practical repeatable version of the base destination.
SEQ-0705,Variant / repeatable idea,Tamborine Botanic Gardens,Early morning low-stress version,Garden,Tamborine Mountain,75,60-90 min,60-100km / bigger day trip,Free-$,Early morning/Morning,1-2h,"0-3, 3-6, adult",Yes,Maybe,High,3.5,4,B - planned day,Usually easy or paid nearby; verify for peak days,Usually available nearby; verify for bushwalk/beach,Gallery Walk -> Curtis Falls/Skywalk -> lookout or early dinner,Yes - verify current conditions before leaving,https://www.visitscenicrim.com.au/,Generated as a practical repeatable version of the base destination.
SEQ-0706,Variant / repeatable idea,Tamborine Mountain Glow Worm Caves,Early morning low-stress version,Nature / Tour,Tamborine Mountain,75,60-90 min,60-100km / bigger day trip,Free-$,Early morning/Morning,1-2h,"3-6, adult",Yes,Maybe,Medium,3.5,3,B - planned day,Usually easy or paid nearby; verify for peak days,Usually available nearby; verify for bushwalk/beach,Gallery Walk -> Curtis Falls/Skywalk -> lookout or early dinner,Yes - verify current conditions before leaving,https://www.visitscenicrim.com.au/,Generated as a practical repeatable version of the base destination.
SEQ-0707,Variant / repeatable idea,Fortitude Brewing / Cauldron Distillery precinct,Early morning low-stress version,Food + Adult Relax,Tamborine Mountain,75,60-90 min,60-100km / bigger day trip,Free-$,Early morning/Morning,1-2h,"3-6, adult",Yes,Maybe,High,3.5,4,B - planned day,Usually easy or paid nearby; verify for peak days,Usually available nearby; verify for bushwalk/beach,Fortitude Brewing / Cauldron Distillery precinct -> nearby cafe/park -> flexible early return,Yes - verify current conditions before leaving,https://www.visitscenicrim.com.au/,Generated as a practical repeatable version of the base destination.
SEQ-0708,Variant / repeatable idea,Canungra Village,Early morning low-stress version,Village + Cafe,Canungra,85,75-110 min,60-100km / bigger day trip,Free-$,Early morning/Morning,1-2h,"3-6, adult",Yes,Maybe,High,3.5,4,C - bigger day trip,Usually easy or paid nearby; verify for peak days,Usually available nearby; verify for bushwalk/beach,Canungra Village -> nearby cafe/park -> flexible early return,Yes - verify current conditions before leaving,https://www.visitscenicrim.com.au/,Generated as a practical repeatable version of the base destination.
SEQ-0709,Variant / repeatable idea,Binna Burra Tea House / trailheads,Early morning low-stress version,Rainforest / Hiking,Lamington National Park,105,90-130 min,100km fringe / check drive,Free-$,Early morning/Morning,1-2h,"3-6, adult",Yes,Maybe,High,3.5,4,C - bigger day trip,Usually easy or paid nearby; verify for peak days,Usually available nearby; verify for bushwalk/beach,Binna Burra Tea House / trailheads -> nearby cafe/park -> flexible early return,Yes - verify current conditions before leaving,https://parks.desi.qld.gov.au/parks,Generated as a practical repeatable version of the base destination.
SEQ-0710,Variant / repeatable idea,Springbrook National Park - Natural Bridge,Early morning low-stress version,Glow Worm / Rainforest,Springbrook,105,90-130 min,100km fringe / check drive,Free-$,Early morning/Morning,1-2h,"3-6, adult",Yes,Maybe,High,3.5,4,C - bigger day trip,Usually easy or paid nearby; verify for peak days,Usually available nearby; verify for bushwalk/beach,Springbrook National Park - Natural Bridge -> nearby cafe/park -> flexible early return,Yes - verify current conditions before leaving,https://parks.desi.qld.gov.au/parks,Generated as a practical repeatable version of the base destination.
SEQ-0711,Variant / repeatable idea,Springbrook Best of All Lookout,Early morning low-stress version,Lookout,Springbrook,105,90-130 min,100km fringe / check drive,Free-$,Early morning/Morning,1-2h,"3-6, adult",Yes,Maybe,High,3.5,4,C - bigger day trip,Usually easy or paid nearby; verify for peak days,Usually available nearby; verify for bushwalk/beach,Springbrook Best of All Lookout -> nearby cafe/park -> flexible early return,Yes - verify current conditions before leaving,https://parks.desi.qld.gov.au/parks,Generated as a practical repeatable version of the base destination.
SEQ-0712,Variant / repeatable idea,Purling Brook Falls,Early morning low-stress version,Waterfall Walk,Springbrook,100,90-130 min,60-100km / bigger day trip,Free-$,Early morning/Morning,1-2h,"0-3, 3-6, adult",Yes,Maybe,Medium,4.5,3,C - bigger day trip,Usually easy or paid nearby; verify for peak days,Usually available nearby; verify for bushwalk/beach,Purling Brook Falls -> nearby cafe/park -> flexible early return,Yes - verify current conditions before leaving,https://parks.desi.qld.gov.au/parks,Generated as a practical repeatable version of the base destination.
SEQ-0713,Variant / repeatable idea,Hinze Dam Visitor Centre,Early morning low-stress version,Dam / Picnic,Advancetown,78,75-110 min,60-100km / bigger day trip,Free-$,Early morning/Morning,1-2h,"3-6, adult",Yes,Maybe,Medium,3.5,3,C - bigger day trip,Usually easy or paid nearby; verify for peak days,Usually available nearby; verify for bushwalk/beach,Hinze Dam Visitor Centre -> nearby cafe/park -> flexible early return,Yes - verify current conditions before leaving,https://www.destinationgoldcoast.com/,Generated as a practical repeatable version of the base destination.
SEQ-0714,Variant / repeatable idea,Hinze Dam View Trail,Early morning low-stress version,Walk / View,Advancetown,78,75-110 min,60-100km / bigger day trip,Free-$,Early morning/Morning,1-2h,"3-6, adult",Yes,Maybe,Medium,3.5,3,C - bigger day trip,Usually easy or paid nearby; verify for peak days,Usually available nearby; verify for bushwalk/beach,Hinze Dam View Trail -> nearby cafe/park -> flexible early return,Yes - verify current conditions before leaving,https://www.destinationgoldcoast.com/,Generated as a practical repeatable version of the base destination.
SEQ-0715,Variant / repeatable idea,Mt Tamborine Polish Place lookout,Early morning low-stress version,Lookout + Food,Tamborine Mountain,76,75-110 min,60-100km / bigger day trip,Free-$,Early morning/Morning,1-2h,"3-6, adult",Yes,Maybe,High,3.5,5,C - bigger day trip,Usually easy or paid nearby; verify for peak days,Usually available nearby; verify for bushwalk/beach,Gallery Walk -> Curtis Falls/Skywalk -> lookout or early dinner,Yes - verify current conditions before leaving,https://www.visitscenicrim.com.au/,Generated as a practical repeatable version of the base destination.
SEQ-0716,Variant / repeatable idea,Beaudesert Town Centre,Early morning low-stress version,Country Town,Beaudesert,70,60-90 min,60-100km / bigger day trip,Free-$,Early morning/Morning,1-2h,"3-6, adult",Yes,Maybe,Medium,3.5,3,B - planned day,Usually easy or paid nearby; verify for peak days,Usually available nearby; verify for bushwalk/beach,Beaudesert Town Centre -> nearby cafe/park -> flexible early return,Yes - verify current conditions before leaving,https://www.visitscenicrim.com.au/,Generated as a practical repeatable version of the base destination.
SEQ-0717,Variant / repeatable idea,Kooroomba Vineyard and Lavender Farm,Early morning low-stress version,Lavender + Food,Mount Alford,95,75-110 min,60-100km / bigger day trip,Free-$,Early morning/Morning,1-2h,"3-6, adult",Yes,Maybe,High,3.5,5,C - bigger day trip,Usually easy or paid nearby; verify for peak days,Usually available nearby; verify for bushwalk/beach,Kooroomba Vineyard and Lavender Farm -> nearby cafe/park -> flexible early return,Yes - verify current conditions before leaving,https://www.visitscenicrim.com.au/,Generated as a practical repeatable version of the base destination.
SEQ-0718,Variant / repeatable idea,Boonah Town Centre,Early morning low-stress version,Country Town,Boonah,90,75-110 min,60-100km / bigger day trip,Free-$,Early morning/Morning,1-2h,"3-6, adult",Yes,Maybe,Medium,3.5,3,C - bigger day trip,Usually easy or paid nearby; verify for peak days,Usually available nearby; verify for bushwalk/beach,Boonah Town Centre -> nearby cafe/park -> flexible early return,Yes - verify current conditions before leaving,https://www.visitscenicrim.com.au/,Generated as a practical repeatable version of the base destination.
SEQ-0719,Variant / repeatable idea,Lake Moogerah,Early morning low-stress version,Lake / Picnic,Moogerah,95,75-110 min,60-100km / bigger day trip,Free-$,Early morning/Morning,1-2h,"3-6, adult",Yes,Maybe,Medium,3.5,3,C - bigger day trip,Usually easy or paid nearby; verify for peak days,Usually available nearby; verify for bushwalk/beach,Lake Moogerah -> nearby cafe/park -> flexible early return,Yes - verify current conditions before leaving,https://www.visitscenicrim.com.au/,Generated as a practical repeatable version of the base destination.
SEQ-0720,Variant / repeatable idea,Moogerah Peaks National Park lookout areas,Early morning low-stress version,Scenic Drive,Moogerah,98,90-130 min,60-100km / bigger day trip,Free-$,Early morning/Morning,1-2h,"3-6, adult",Yes,Maybe,High,3.5,4,C - bigger day trip,Usually easy or paid nearby; verify for peak days,Usually available nearby; verify for bushwalk/beach,Moogerah Peaks National Park lookout areas -> nearby cafe/park -> flexible early return,Yes - verify current conditions before leaving,https://parks.desi.qld.gov.au/parks,Generated as a practical repeatable version of the base destination.
SEQ-0721,Variant / repeatable idea,Kalbar Village,Early morning low-stress version,Country Village,Kalbar,85,75-110 min,60-100km / bigger day trip,Free-$,Early morning/Morning,1-2h,"3-6, adult",Yes,Maybe,High,3.5,4,C - bigger day trip,Usually easy or paid nearby; verify for peak days,Usually available nearby; verify for bushwalk/beach,Kalbar Village -> nearby cafe/park -> flexible early return,Yes - verify current conditions before leaving,https://www.visitscenicrim.com.au/,Generated as a practical repeatable version of the base destination.
SEQ-0722,Variant / repeatable idea,Aratula Village,Early morning low-stress version,Country Stop,Aratula,95,75-110 min,60-100km / bigger day trip,Free-$,Early morning/Morning,1-2h,"3-6, adult",Yes,Maybe,Medium,3.5,3,C - bigger day trip,Usually easy or paid nearby; verify for peak days,Usually available nearby; verify for bushwalk/beach,Aratula Village -> nearby cafe/park -> flexible early return,Yes - verify current conditions before leaving,https://www.visitscenicrim.com.au/,Generated as a practical repeatable version of the base destination.
SEQ-0723,Variant / repeatable idea,Ipswich Art Gallery,Early morning low-stress version,Gallery / Kids,Ipswich,40,45-70 min,30-60km / half-day to day,Free-$,Early morning/Morning,1-2h,"3-6, adult",Yes,Maybe,High,3.5,4,B - planned day,Usually easy or paid nearby; verify for peak days,Usually available nearby; verify for bushwalk/beach,Queens Park -> Ipswich Nature Centre -> Ipswich Art Gallery/rail museum,Recommended,https://www.discoveripswich.com.au/,Generated as a practical repeatable version of the base destination.
SEQ-0724,Variant / repeatable idea,RAAF Amberley Aviation Heritage Centre,Early morning low-stress version,Aviation / Heritage,Amberley,50,45-70 min,30-60km / half-day to day,Free-$,Early morning/Morning,1-2h,"3-6, adult",Yes,Maybe,Medium,3.5,3,B - planned day,Usually easy or paid nearby; verify for peak days,Usually available nearby; verify for bushwalk/beach,RAAF Amberley Aviation Heritage Centre -> nearby cafe/park -> flexible early return,Recommended,https://www.discoveripswich.com.au/,Generated as a practical repeatable version of the base destination.
SEQ-0725,Variant / repeatable idea,The Workshops Rail Museum,Early morning low-stress version,Museum / Trains,North Ipswich,40,45-70 min,30-60km / half-day to day,Free-$,Early morning/Morning,1-2h,"0-3, 3-6, adult",Yes,Maybe,Medium,4.5,3,B - planned day,Usually easy or paid nearby; verify for peak days,Usually available nearby; verify for bushwalk/beach,South Bank -> QAGOMA/Queensland Museum -> Fish Lane or riverside dinner,Recommended,https://www.discoveripswich.com.au/,Generated as a practical repeatable version of the base destination.
SEQ-0726,Variant / repeatable idea,Queens Park Cafe / Nature Centre loop,Early morning low-stress version,Park + Cafe,Ipswich,40,45-70 min,30-60km / half-day to day,Free-$,Early morning/Morning,1-2h,"0-3, 3-6, adult",Yes,Maybe,Medium,3.5,3,B - planned day,Usually easy or paid nearby; verify for peak days,Usually available nearby; verify for bushwalk/beach,Queens Park -> Ipswich Nature Centre -> Ipswich Art Gallery/rail museum,Recommended,https://www.discoveripswich.com.au/,Generated as a practical repeatable version of the base destination.
SEQ-0727,Variant / repeatable idea,Hidden Vale Adventure Park,Early morning low-stress version,Bike / Nature,Grandchester,80,75-110 min,60-100km / bigger day trip,Free-$,Early morning/Morning,1-2h,"3-6, adult",Yes,Maybe,Medium,3.5,3,C - bigger day trip,Usually easy or paid nearby; verify for peak days,Usually available nearby; verify for bushwalk/beach,Hidden Vale Adventure Park -> nearby cafe/park -> flexible early return,Yes - verify current conditions before leaving,https://www.discoveripswich.com.au/,Generated as a practical repeatable version of the base destination.
SEQ-0728,Variant / repeatable idea,Laidley Village,Early morning low-stress version,Country Town,Laidley,85,75-110 min,60-100km / bigger day trip,Free-$,Early morning/Morning,1-2h,"3-6, adult",Yes,Maybe,Medium,3.5,3,C - bigger day trip,Usually easy or paid nearby; verify for peak days,Usually available nearby; verify for bushwalk/beach,Laidley Village -> nearby cafe/park -> flexible early return,Yes - verify current conditions before leaving,https://www.discoveripswich.com.au/,Generated as a practical repeatable version of the base destination.
SEQ-0729,Variant / repeatable idea,Lake Wyaralong,Early morning low-stress version,Lake / Picnic,Wyaralong,85,75-110 min,60-100km / bigger day trip,Free-$,Early morning/Morning,1-2h,"3-6, adult",Yes,Maybe,Medium,3.5,3,C - bigger day trip,Usually easy or paid nearby; verify for peak days,Usually available nearby; verify for bushwalk/beach,Lake Wyaralong -> nearby cafe/park -> flexible early return,Yes - verify current conditions before leaving,https://www.visitscenicrim.com.au/,Generated as a practical repeatable version of the base destination.
SEQ-0730,Variant / repeatable idea,Mount Barney foothills viewpoints,Early morning low-stress version,Scenic Drive,Rathdowney,105,90-130 min,100km fringe / check drive,Free-$,Early morning/Morning,1-2h,"3-6, adult",Yes,Maybe,High,3.5,4,C - bigger day trip,Usually easy or paid nearby; verify for peak days,Usually available nearby; verify for bushwalk/beach,Mount Barney foothills viewpoints -> nearby cafe/park -> flexible early return,Yes - verify current conditions before leaving,https://www.visitscenicrim.com.au/,Generated as a practical repeatable version of the base destination.
SEQ-0731,Variant / repeatable idea,Broadwater Parklands,Early morning low-stress version,Coast / Playground,Southport,75,60-90 min,60-100km / bigger day trip,Free-$,Early morning/Morning,1-2h,"0-3, 3-6, adult",Yes,Maybe,High,4.5,4,B - planned day,Usually easy or paid nearby; verify for peak days,Usually available nearby; verify for bushwalk/beach,Beach/parkland -> casual lunch -> outlet or HOTA optional,Yes - verify current conditions before leaving,https://www.destinationgoldcoast.com/,Generated as a practical repeatable version of the base destination.
SEQ-0732,Variant / repeatable idea,Southport Rockpools,Early morning low-stress version,Water Play,Southport,75,60-90 min,60-100km / bigger day trip,Free-$,Early morning/Morning,1-2h,"0-3, 3-6, adult",Yes,Maybe,Medium,4.5,3,B - planned day,Usually easy or paid nearby; verify for peak days,Usually available nearby; verify for bushwalk/beach,Beach/parkland -> casual lunch -> outlet or HOTA optional,Yes - verify current conditions before leaving,https://www.destinationgoldcoast.com/,Generated as a practical repeatable version of the base destination.
SEQ-0733,Variant / repeatable idea,Main Beach / The Spit,Early morning low-stress version,Beach / Walk,Main Beach,82,75-110 min,60-100km / bigger day trip,Free-$,Early morning/Morning,1-2h,"0-3, 3-6, adult",Yes,Maybe,High,4.5,4,C - bigger day trip,Usually easy or paid nearby; verify for peak days,Usually available nearby; verify for bushwalk/beach,Beach/parkland -> casual lunch -> outlet or HOTA optional,Yes - verify current conditions before leaving,https://www.destinationgoldcoast.com/,Generated as a practical repeatable version of the base destination.
SEQ-0734,Variant / repeatable idea,Federation Walk Coastal Reserve,Early morning low-stress version,Coastal Walk,Main Beach,83,75-110 min,60-100km / bigger day trip,Free-$,Early morning/Morning,1-2h,"3-6, adult",Yes,Maybe,High,3.5,4,C - bigger day trip,Usually easy or paid nearby; verify for peak days,Usually available nearby; verify for bushwalk/beach,Beach/parkland -> casual lunch -> outlet or HOTA optional,Yes - verify current conditions before leaving,https://www.destinationgoldcoast.com/,Generated as a practical repeatable version of the base destination.
SEQ-0735,Variant / repeatable idea,Sea World precinct,Early morning low-stress version,Theme Park,Main Beach,82,75-110 min,60-100km / bigger day trip,Free-$,Early morning/Morning,1-2h,"0-3, 3-6, adult",Yes,Maybe,Medium,4.5,3,C - bigger day trip,Usually easy or paid nearby; verify for peak days,Usually available nearby; verify for bushwalk/beach,Beach/parkland -> casual lunch -> outlet or HOTA optional,Yes - verify current conditions before leaving,https://www.destinationgoldcoast.com/,Generated as a practical repeatable version of the base destination.
SEQ-0736,Variant / repeatable idea,Surfers Paradise Beach,Early morning low-stress version,Beach / City,Surfers Paradise,78,75-110 min,60-100km / bigger day trip,Free-$,Early morning/Morning,1-2h,"0-3, 3-6, adult",Yes,Maybe,High,4.5,4,C - bigger day trip,Usually easy or paid nearby; verify for peak days,Usually available nearby; verify for bushwalk/beach,Surfers Paradise Beach -> nearby cafe/park -> flexible early return,Yes - verify current conditions before leaving,https://www.destinationgoldcoast.com/,Generated as a practical repeatable version of the base destination.
SEQ-0737,Variant / repeatable idea,HOTA Home of the Arts,Early morning low-stress version,Culture / Outdoor,Surfers Paradise / Bundall,76,75-110 min,60-100km / bigger day trip,Free-$,Early morning/Morning,1-2h,"3-6, adult",Yes,Maybe,High,3.5,4,C - bigger day trip,Usually easy or paid nearby; verify for peak days,Usually available nearby; verify for bushwalk/beach,HOTA Home of the Arts -> nearby cafe/park -> flexible early return,Yes - verify current conditions before leaving,https://www.destinationgoldcoast.com/,Generated as a practical repeatable version of the base destination.
SEQ-0738,Variant / repeatable idea,Emerald Lakes,Early morning low-stress version,Lake / Dining,Carrara,75,60-90 min,60-100km / bigger day trip,Free-$,Early morning/Morning,1-2h,"3-6, adult",Yes,Maybe,Medium,3.5,3,B - planned day,Usually easy or paid nearby; verify for peak days,Usually available nearby; verify for bushwalk/beach,Emerald Lakes -> nearby cafe/park -> flexible early return,Yes - verify current conditions before leaving,https://www.destinationgoldcoast.com/,Generated as a practical repeatable version of the base destination.
SEQ-0739,Variant / repeatable idea,Robina Town Centre,Early morning low-stress version,Shopping / Indoor,Robina,85,75-110 min,60-100km / bigger day trip,Free-$,Early morning/Morning,1-2h,"0-3, 3-6, adult",Yes,Maybe,Medium,4.5,3,C - bigger day trip,Usually easy or paid nearby; verify for peak days,Usually available nearby; verify for bushwalk/beach,Shopping centre -> kids play/cinema -> easy meal,Yes - verify current conditions before leaving,https://www.destinationgoldcoast.com/,Generated as a practical repeatable version of the base destination.
SEQ-0740,Variant / repeatable idea,Pacific Fair Shopping Centre,Early morning low-stress version,Shopping / Indoor,Broadbeach,85,75-110 min,60-100km / bigger day trip,Free-$,Early morning/Morning,1-2h,"0-3, 3-6, adult",Yes,Maybe,Medium,4.5,3,C - bigger day trip,Usually easy or paid nearby; verify for peak days,Usually available nearby; verify for bushwalk/beach,Beach/parkland -> casual lunch -> outlet or HOTA optional,Yes - verify current conditions before leaving,https://www.destinationgoldcoast.com/,Generated as a practical repeatable version of the base destination.
SEQ-0741,Variant / repeatable idea,Kurrawa Beach,Early morning low-stress version,Beach,Broadbeach,86,75-110 min,60-100km / bigger day trip,Free-$,Early morning/Morning,1-2h,"0-3, 3-6, adult",Yes,Maybe,High,4.5,4,C - bigger day trip,Usually easy or paid nearby; verify for peak days,Usually available nearby; verify for bushwalk/beach,Beach/parkland -> casual lunch -> outlet or HOTA optional,Yes - verify current conditions before leaving,https://www.destinationgoldcoast.com/,Generated as a practical repeatable version of the base destination.
SEQ-0742,Variant / repeatable idea,Burleigh Heads National Park,Early morning low-stress version,Coastal Walk,Burleigh Heads,92,75-110 min,60-100km / bigger day trip,Free-$,Early morning/Morning,1-2h,"3-6, adult",Yes,Maybe,High,3.5,4,C - bigger day trip,Usually easy or paid nearby; verify for peak days,Usually available nearby; verify for bushwalk/beach,Beach/parkland -> casual lunch -> outlet or HOTA optional,Yes - verify current conditions before leaving,https://parks.desi.qld.gov.au/parks,Generated as a practical repeatable version of the base destination.
SEQ-0743,Variant / repeatable idea,Burleigh Beach,Early morning low-stress version,Beach + Food,Burleigh Heads,92,75-110 min,60-100km / bigger day trip,Free-$,Early morning/Morning,1-2h,"0-3, 3-6, adult",Yes,Maybe,High,4.5,5,C - bigger day trip,Usually easy or paid nearby; verify for peak days,Usually available nearby; verify for bushwalk/beach,Beach/parkland -> casual lunch -> outlet or HOTA optional,Yes - verify current conditions before leaving,https://www.destinationgoldcoast.com/,Generated as a practical repeatable version of the base destination.
SEQ-0744,Variant / repeatable idea,Tallebudgera Creek,Early morning low-stress version,Calm Water,Palm Beach,96,90-130 min,60-100km / bigger day trip,Free-$,Early morning/Morning,1-2h,"0-3, 3-6, adult",Yes,Maybe,Medium,4.5,3,C - bigger day trip,Usually easy or paid nearby; verify for peak days,Usually available nearby; verify for bushwalk/beach,Tallebudgera Creek -> nearby cafe/park -> flexible early return,Yes - verify current conditions before leaving,https://www.destinationgoldcoast.com/,Generated as a practical repeatable version of the base destination.
SEQ-0745,Variant / repeatable idea,Currumbin Creek,Early morning low-stress version,Creek / Beach,Currumbin,100,90-130 min,60-100km / bigger day trip,Free-$,Early morning/Morning,1-2h,"0-3, 3-6, adult",Yes,Maybe,High,4.5,4,C - bigger day trip,Usually easy or paid nearby; verify for peak days,Usually available nearby; verify for bushwalk/beach,Currumbin Creek -> nearby cafe/park -> flexible early return,Yes - verify current conditions before leaving,https://www.destinationgoldcoast.com/,Generated as a practical repeatable version of the base destination.
SEQ-0746,Variant / repeatable idea,Currumbin Wildlife Sanctuary,Early morning low-stress version,Wildlife,Currumbin,100,90-130 min,60-100km / bigger day trip,Free-$,Early morning/Morning,1-2h,"0-3, 3-6, adult",Yes,Maybe,Medium,4.5,3,C - bigger day trip,Usually easy or paid nearby; verify for peak days,Usually available nearby; verify for bushwalk/beach,Currumbin Wildlife Sanctuary -> nearby cafe/park -> flexible early return,Yes - verify current conditions before leaving,https://www.destinationgoldcoast.com/,Generated as a practical repeatable version of the base destination.
SEQ-0747,Variant / repeatable idea,David Fleay Wildlife Park,Early morning low-stress version,Wildlife / Wetland,Burleigh Heads,92,75-110 min,60-100km / bigger day trip,Free-$,Early morning/Morning,1-2h,"0-3, 3-6, adult",Yes,Maybe,Medium,4.5,3,C - bigger day trip,Usually easy or paid nearby; verify for peak days,Usually available nearby; verify for bushwalk/beach,Beach/parkland -> casual lunch -> outlet or HOTA optional,Yes - verify current conditions before leaving,https://www.destinationgoldcoast.com/,Generated as a practical repeatable version of the base destination.
SEQ-0748,Variant / repeatable idea,Paradise Point Parklands,Early morning low-stress version,Coast / Park,Paradise Point,65,60-90 min,60-100km / bigger day trip,Free-$,Early morning/Morning,1-2h,"0-3, 3-6, adult",Yes,Maybe,High,3.5,4,B - planned day,Usually easy or paid nearby; verify for peak days,Usually available nearby; verify for bushwalk/beach,Paradise Point Parklands -> nearby cafe/park -> flexible early return,Yes - verify current conditions before leaving,https://www.destinationgoldcoast.com/,Generated as a practical repeatable version of the base destination.
SEQ-0749,Variant / repeatable idea,Harbour Town Premium Outlets,Early morning low-stress version,Outlet Shopping,Biggera Waters,70,60-90 min,60-100km / bigger day trip,Free-$,Early morning/Morning,1-2h,"0-3, 3-6, adult",Yes,Maybe,Medium,3.5,3,B - planned day,Usually easy or paid nearby; verify for peak days,Usually available nearby; verify for bushwalk/beach,Shopping centre -> kids play/cinema -> easy meal,Yes - verify current conditions before leaving,https://www.destinationgoldcoast.com/,Generated as a practical repeatable version of the base destination.
SEQ-0750,Variant / repeatable idea,Hope Island Marina Village,Early morning low-stress version,Harbour / Dining,Hope Island,62,60-90 min,60-100km / bigger day trip,Free-$,Early morning/Morning,1-2h,"3-6, adult",Yes,Maybe,Medium,3.5,3,B - planned day,Usually easy or paid nearby; verify for peak days,Usually available nearby; verify for bushwalk/beach,Ferry planning -> beach/walk -> early return buffer,Yes - verify current conditions before leaving,https://www.destinationgoldcoast.com/,Generated as a practical repeatable version of the base destination.
SEQ-0751,Variant / repeatable idea,Sanctuary Cove,Early morning low-stress version,Village + Dining,Hope Island,62,60-90 min,60-100km / bigger day trip,Free-$,Early morning/Morning,1-2h,"3-6, adult",Yes,Maybe,High,3.5,4,B - planned day,Usually easy or paid nearby; verify for peak days,Usually available nearby; verify for bushwalk/beach,Sanctuary Cove -> nearby cafe/park -> flexible early return,Yes - verify current conditions before leaving,https://www.destinationgoldcoast.com/,Generated as a practical repeatable version of the base destination.
SEQ-0752,Variant / repeatable idea,Dreamworld,Early morning low-stress version,Theme Park,Coomera,55,60-90 min,30-60km / half-day to day,Free-$,Early morning/Morning,1-2h,"0-3, 3-6, adult",Yes,Maybe,Medium,4.5,3,B - planned day,Usually easy or paid nearby; verify for peak days,Usually available nearby; verify for bushwalk/beach,Dreamworld -> nearby cafe/park -> flexible early return,Yes - verify current conditions before leaving,https://www.destinationgoldcoast.com/,Generated as a practical repeatable version of the base destination.
SEQ-0753,Variant / repeatable idea,WhiteWater World,Early morning low-stress version,Water Park,Coomera,55,60-90 min,30-60km / half-day to day,Free-$,Early morning/Morning,1-2h,"0-3, 3-6, adult",Yes,Maybe,Medium,4.5,3,B - planned day,Usually easy or paid nearby; verify for peak days,Usually available nearby; verify for bushwalk/beach,WhiteWater World -> nearby cafe/park -> flexible early return,Yes - verify current conditions before leaving,https://www.destinationgoldcoast.com/,Generated as a practical repeatable version of the base destination.
SEQ-0754,Variant / repeatable idea,Warner Bros. Movie World,Early morning low-stress version,Theme Park,Oxenford,60,60-90 min,30-60km / half-day to day,Free-$,Early morning/Morning,1-2h,"0-3, 3-6, adult",Yes,Maybe,Medium,4.5,3,B - planned day,Usually easy or paid nearby; verify for peak days,Usually available nearby; verify for bushwalk/beach,Warner Bros. Movie World -> nearby cafe/park -> flexible early return,Yes - verify current conditions before leaving,https://www.destinationgoldcoast.com/,Generated as a practical repeatable version of the base destination.
SEQ-0755,Variant / repeatable idea,Wet'n'Wild Gold Coast,Early morning low-stress version,Water Park,Oxenford,60,60-90 min,30-60km / half-day to day,Free-$,Early morning/Morning,1-2h,"0-3, 3-6, adult",Yes,Maybe,Medium,4.5,3,B - planned day,Usually easy or paid nearby; verify for peak days,Usually available nearby; verify for bushwalk/beach,Wet'n'Wild Gold Coast -> nearby cafe/park -> flexible early return,Yes - verify current conditions before leaving,https://www.destinationgoldcoast.com/,Generated as a practical repeatable version of the base destination.
SEQ-0756,Variant / repeatable idea,Australian Outback Spectacular,Early morning low-stress version,Show / Dinner,Oxenford,60,60-90 min,30-60km / half-day to day,Free-$,Early morning/Morning,1-2h,"3-6, adult",Yes,Maybe,Medium,3.5,3,B - planned day,Usually easy or paid nearby; verify for peak days,Usually available nearby; verify for bushwalk/beach,Australian Outback Spectacular -> nearby cafe/park -> flexible early return,Yes - verify current conditions before leaving,https://www.destinationgoldcoast.com/,Generated as a practical repeatable version of the base destination.
SEQ-0757,Variant / repeatable idea,Tamborine Oxenford Road scenic drive,Early morning low-stress version,Scenic Drive,Gold Coast Hinterland,65,60-90 min,60-100km / bigger day trip,Free-$,Early morning/Morning,1-2h,"3-6, adult",Yes,Maybe,High,3.5,4,B - planned day,Usually easy or paid nearby; verify for peak days,Usually available nearby; verify for bushwalk/beach,Gallery Walk -> Curtis Falls/Skywalk -> lookout or early dinner,Yes - verify current conditions before leaving,https://www.destinationgoldcoast.com/,Generated as a practical repeatable version of the base destination.
SEQ-0758,Variant / repeatable idea,Beenleigh Historical Village,Early morning low-stress version,Heritage / Family,Beenleigh,35,45-70 min,30-60km / half-day to day,Free-$,Early morning/Morning,1-2h,"3-6, adult",Yes,Maybe,Medium,3.5,3,B - planned day,Usually easy or paid nearby; verify for peak days,Usually available nearby; verify for bushwalk/beach,Beenleigh Historical Village -> nearby cafe/park -> flexible early return,Recommended,https://www.logan.qld.gov.au/,Generated as a practical repeatable version of the base destination.
SEQ-0759,Variant / repeatable idea,Kingston Butter Factory Cultural Precinct,Early morning low-stress version,Culture / Events,Logan,25,30-50 min,15-30km / easy half-day,Free-$,Early morning/Morning,1-2h,"3-6, adult",Yes,Maybe,High,3.5,4,A - easy repeat,Usually easy or paid nearby; verify for peak days,Usually available nearby; verify for bushwalk/beach,Kingston Butter Factory Cultural Precinct -> nearby cafe/park -> flexible early return,Recommended,https://www.logan.qld.gov.au/,Generated as a practical repeatable version of the base destination.
SEQ-0760,Variant / repeatable idea,Logan Hyperdome,Early morning low-stress version,Shopping / Indoor,Loganholme,30,30-50 min,15-30km / easy half-day,Free-$,Early morning/Morning,1-2h,"0-3, 3-6, adult",Yes,Maybe,Medium,4.5,3,A - easy repeat,Usually easy or paid nearby; verify for peak days,Usually available nearby; verify for bushwalk/beach,Shopping centre -> kids play/cinema -> easy meal,Recommended,https://www.logan.qld.gov.au/,Generated as a practical repeatable version of the base destination.
SEQ-0761,Variant / repeatable idea,Glass House Mountains Lookout,Early morning low-stress version,Lookout,Glass House Mountains,70,60-90 min,60-100km / bigger day trip,Free-$,Early morning/Morning,1-2h,"3-6, adult",Yes,Maybe,High,3.5,4,B - planned day,Usually easy or paid nearby; verify for peak days,Usually available nearby; verify for bushwalk/beach,Glass House Mountains Lookout -> nearby cafe/park -> flexible early return,Yes - verify current conditions before leaving,https://www.visitsunshinecoast.com/,Generated as a practical repeatable version of the base destination.
SEQ-0762,Variant / repeatable idea,Wild Horse Mountain Lookout,Early morning low-stress version,Lookout / Short Walk,Beerburrum,62,60-90 min,60-100km / bigger day trip,Free-$,Early morning/Morning,1-2h,"3-6, adult",Yes,Maybe,High,3.5,4,B - planned day,Usually easy or paid nearby; verify for peak days,Usually available nearby; verify for bushwalk/beach,Wild Horse Mountain Lookout -> nearby cafe/park -> flexible early return,Yes - verify current conditions before leaving,https://www.visitsunshinecoast.com/,Generated as a practical repeatable version of the base destination.
SEQ-0763,Variant / repeatable idea,Mount Ngungun,Early morning low-stress version,Hike / View,Glass House Mountains,75,60-90 min,60-100km / bigger day trip,Free-$,Early morning/Morning,1-2h,"3-6+, adult",Yes,Maybe,Medium,3.5,3,B - planned day,Usually easy or paid nearby; verify for peak days,Usually available nearby; verify for bushwalk/beach,Mount Ngungun -> nearby cafe/park -> flexible early return,Yes - verify current conditions before leaving,https://parks.desi.qld.gov.au/parks,Generated as a practical repeatable version of the base destination.
SEQ-0764,Variant / repeatable idea,Mary Cairncross Scenic Reserve,Early morning low-stress version,Rainforest / View,Maleny,92,75-110 min,60-100km / bigger day trip,Free-$,Early morning/Morning,1-2h,"3-6, adult",Yes,Maybe,High,3.5,4,C - bigger day trip,Usually easy or paid nearby; verify for peak days,Usually available nearby; verify for bushwalk/beach,Mary Cairncross Scenic Reserve -> nearby cafe/park -> flexible early return,Yes - verify current conditions before leaving,https://www.visitsunshinecoast.com/,Generated as a practical repeatable version of the base destination.
SEQ-0765,Variant / repeatable idea,Maleny Botanic Gardens & Bird World,Early morning low-stress version,Garden / Birds,Maleny,95,75-110 min,60-100km / bigger day trip,Free-$,Early morning/Morning,1-2h,"0-3, 3-6, adult",Yes,Maybe,High,3.5,4,C - bigger day trip,Usually easy or paid nearby; verify for peak days,Usually available nearby; verify for bushwalk/beach,Maleny/Montville village -> Mary Cairncross -> dairy/cheese stop,Yes - verify current conditions before leaving,https://www.visitsunshinecoast.com/,Generated as a practical repeatable version of the base destination.
SEQ-0766,Variant / repeatable idea,Maleny Dairy,Early morning low-stress version,Farm / Food,Maleny,93,75-110 min,60-100km / bigger day trip,Free-$,Early morning/Morning,1-2h,"0-3, 3-6, adult",Yes,Maybe,High,4.5,4,C - bigger day trip,Usually easy or paid nearby; verify for peak days,Usually available nearby; verify for bushwalk/beach,Maleny/Montville village -> Mary Cairncross -> dairy/cheese stop,Yes - verify current conditions before leaving,https://www.visitsunshinecoast.com/,Generated as a practical repeatable version of the base destination.
SEQ-0767,Variant / repeatable idea,Maleny Town Centre,Early morning low-stress version,Village + Food,Maleny,92,75-110 min,60-100km / bigger day trip,Free-$,Early morning/Morning,1-2h,"3-6, adult",Yes,Maybe,High,3.5,5,C - bigger day trip,Usually easy or paid nearby; verify for peak days,Usually available nearby; verify for bushwalk/beach,Maleny/Montville village -> Mary Cairncross -> dairy/cheese stop,Yes - verify current conditions before leaving,https://www.visitsunshinecoast.com/,Generated as a practical repeatable version of the base destination.
SEQ-0768,Variant / repeatable idea,Gardners Falls,Early morning low-stress version,Waterfall / Picnic,Maleny,94,75-110 min,60-100km / bigger day trip,Free-$,Early morning/Morning,1-2h,"0-3, 3-6, adult",Yes,Maybe,Medium,4.5,3,C - bigger day trip,Usually easy or paid nearby; verify for peak days,Usually available nearby; verify for bushwalk/beach,Gardners Falls -> nearby cafe/park -> flexible early return,Yes - verify current conditions before leaving,https://parks.desi.qld.gov.au/parks,Generated as a practical repeatable version of the base destination.
SEQ-0769,Variant / repeatable idea,Montville Village,Early morning low-stress version,Village + Views,Montville,100,90-130 min,60-100km / bigger day trip,Free-$,Early morning/Morning,1-2h,"3-6, adult",Yes,Maybe,High,3.5,4,C - bigger day trip,Usually easy or paid nearby; verify for peak days,Usually available nearby; verify for bushwalk/beach,Maleny/Montville village -> Mary Cairncross -> dairy/cheese stop,Yes - verify current conditions before leaving,https://www.visitsunshinecoast.com/,Generated as a practical repeatable version of the base destination.
SEQ-0770,Variant / repeatable idea,Kondalilla National Park,Early morning low-stress version,Waterfall / Rainforest,Montville,105,90-130 min,100km fringe / check drive,Free-$,Early morning/Morning,1-2h,"0-3, 3-6, adult",Yes,Maybe,High,4.5,4,C - bigger day trip,Usually easy or paid nearby; verify for peak days,Usually available nearby; verify for bushwalk/beach,Kondalilla National Park -> nearby cafe/park -> flexible early return,Yes - verify current conditions before leaving,https://parks.desi.qld.gov.au/parks,Generated as a practical repeatable version of the base destination.
SEQ-0771,Variant / repeatable idea,Australia Zoo,Early morning low-stress version,Wildlife / Zoo,Beerwah,80,75-110 min,60-100km / bigger day trip,Free-$,Early morning/Morning,1-2h,"0-3, 3-6, adult",Yes,Maybe,Medium,5,3,C - bigger day trip,Usually easy or paid nearby; verify for peak days,Usually available nearby; verify for bushwalk/beach,Australia Zoo -> nearby cafe/park -> flexible early return,Yes - verify current conditions before leaving,https://www.visitsunshinecoast.com/,Generated as a practical repeatable version of the base destination.
SEQ-0772,Variant / repeatable idea,Big Kart Track,Early morning low-stress version,Go Kart,Landsborough,85,75-110 min,60-100km / bigger day trip,Free-$,Early morning/Morning,1-2h,"3-6, adult",Yes,Maybe,Medium,3.5,3,C - bigger day trip,Usually easy or paid nearby; verify for peak days,Usually available nearby; verify for bushwalk/beach,Big Kart Track -> nearby cafe/park -> flexible early return,Yes - verify current conditions before leaving,https://www.visitsunshinecoast.com/,Generated as a practical repeatable version of the base destination.
SEQ-0773,Variant / repeatable idea,Aussie World,Early morning low-stress version,Theme Park,Palmview,85,75-110 min,60-100km / bigger day trip,Free-$,Early morning/Morning,1-2h,"0-3, 3-6, adult",Yes,Maybe,Medium,4.5,3,C - bigger day trip,Usually easy or paid nearby; verify for peak days,Usually available nearby; verify for bushwalk/beach,Aussie World -> nearby cafe/park -> flexible early return,Yes - verify current conditions before leaving,https://www.visitsunshinecoast.com/,Generated as a practical repeatable version of the base destination.
SEQ-0774,Variant / repeatable idea,The Big Pineapple / Wildlife HQ,Early morning low-stress version,Wildlife / Icon,Woombye,102,90-130 min,100km fringe / check drive,Free-$,Early morning/Morning,1-2h,"0-3, 3-6, adult",Yes,Maybe,Medium,4.5,3,C - bigger day trip,Usually easy or paid nearby; verify for peak days,Usually available nearby; verify for bushwalk/beach,The Big Pineapple / Wildlife HQ -> nearby cafe/park -> flexible early return,Yes - verify current conditions before leaving,https://www.visitsunshinecoast.com/,Generated as a practical repeatable version of the base destination.
SEQ-0775,Variant / repeatable idea,Caloundra Bulcock Beach,Early morning low-stress version,Beach,Caloundra,95,75-110 min,60-100km / bigger day trip,Free-$,Early morning/Morning,1-2h,"0-3, 3-6, adult",Yes,Maybe,High,4.5,4,C - bigger day trip,Usually easy or paid nearby; verify for peak days,Usually available nearby; verify for bushwalk/beach,Caloundra Bulcock Beach -> nearby cafe/park -> flexible early return,Yes - verify current conditions before leaving,https://www.visitsunshinecoast.com/,Generated as a practical repeatable version of the base destination.
SEQ-0776,Variant / repeatable idea,Kings Beach,Early morning low-stress version,Beach / Water Play,Caloundra,97,90-130 min,60-100km / bigger day trip,Free-$,Early morning/Morning,1-2h,"0-3, 3-6, adult",Yes,Maybe,High,5,4,C - bigger day trip,Usually easy or paid nearby; verify for peak days,Usually available nearby; verify for bushwalk/beach,Kings Beach -> nearby cafe/park -> flexible early return,Yes - verify current conditions before leaving,https://www.visitsunshinecoast.com/,Generated as a practical repeatable version of the base destination.
SEQ-0777,Variant / repeatable idea,Moffat Beach,Early morning low-stress version,Beach + Cafe,Caloundra,98,90-130 min,60-100km / bigger day trip,Free-$,Early morning/Morning,1-2h,"0-3, 3-6, adult",Yes,Maybe,High,4.5,4,C - bigger day trip,Usually easy or paid nearby; verify for peak days,Usually available nearby; verify for bushwalk/beach,Moffat Beach -> nearby cafe/park -> flexible early return,Yes - verify current conditions before leaving,https://www.visitsunshinecoast.com/,Generated as a practical repeatable version of the base destination.
SEQ-0778,Variant / repeatable idea,Pumicestone Passage,Early morning low-stress version,Calm Water,Caloundra / Golden Beach,95,75-110 min,60-100km / bigger day trip,Free-$,Early morning/Morning,1-2h,"0-3, 3-6, adult",Yes,Maybe,Medium,4.5,3,C - bigger day trip,Usually easy or paid nearby; verify for peak days,Usually available nearby; verify for bushwalk/beach,Pumicestone Passage -> nearby cafe/park -> flexible early return,Yes - verify current conditions before leaving,https://www.visitsunshinecoast.com/,Generated as a practical repeatable version of the base destination.
SEQ-0779,Variant / repeatable idea,Ewen Maddock Dam,Early morning low-stress version,Lake / Picnic,Landsborough,82,75-110 min,60-100km / bigger day trip,Free-$,Early morning/Morning,1-2h,"3-6, adult",Yes,Maybe,Medium,3.5,3,C - bigger day trip,Usually easy or paid nearby; verify for peak days,Usually available nearby; verify for bushwalk/beach,Ewen Maddock Dam -> nearby cafe/park -> flexible early return,Yes - verify current conditions before leaving,https://www.visitsunshinecoast.com/,Generated as a practical repeatable version of the base destination.
SEQ-0780,Variant / repeatable idea,Caboolture to Beerburrum scenic drive,Early morning low-stress version,Scenic Drive,Moreton Bay / Sunshine Coast,60,60-90 min,30-60km / half-day to day,Free-$,Early morning/Morning,1-2h,"3-6, adult",Yes,Maybe,High,3.5,4,B - planned day,Usually easy or paid nearby; verify for peak days,Usually available nearby; verify for bushwalk/beach,Caboolture to Beerburrum scenic drive -> nearby cafe/park -> flexible early return,Yes - verify current conditions before leaving,https://www.visitsunshinecoast.com/,Generated as a practical repeatable version of the base destination.
SEQ-0781,Variant / repeatable idea,Somerset Dam,Early morning low-stress version,Lake / Picnic,Somerset Region,95,75-110 min,60-100km / bigger day trip,Free-$,Early morning/Morning,1-2h,"3-6, adult",Yes,Maybe,Medium,3.5,3,C - bigger day trip,Usually easy or paid nearby; verify for peak days,Usually available nearby; verify for bushwalk/beach,Somerset Dam -> nearby cafe/park -> flexible early return,Yes - verify current conditions before leaving,https://www.discoveripswich.com.au/,Generated as a practical repeatable version of the base destination.
SEQ-0782,Variant / repeatable idea,Lake Wivenhoe - Spillway Common,Early morning low-stress version,Lake / Picnic,Wivenhoe,65,60-90 min,60-100km / bigger day trip,Free-$,Early morning/Morning,1-2h,"3-6, adult",Yes,Maybe,Medium,3.5,3,B - planned day,Usually easy or paid nearby; verify for peak days,Usually available nearby; verify for bushwalk/beach,Lake Wivenhoe - Spillway Common -> nearby cafe/park -> flexible early return,Yes - verify current conditions before leaving,https://www.discoveripswich.com.au/,Generated as a practical repeatable version of the base destination.
SEQ-0783,Variant / repeatable idea,Wivenhoe Dam Lookout,Early morning low-stress version,Dam / View,Wivenhoe,65,60-90 min,60-100km / bigger day trip,Free-$,Early morning/Morning,1-2h,"3-6, adult",Yes,Maybe,Medium,3.5,3,B - planned day,Usually easy or paid nearby; verify for peak days,Usually available nearby; verify for bushwalk/beach,Wivenhoe Dam Lookout -> nearby cafe/park -> flexible early return,Yes - verify current conditions before leaving,https://www.discoveripswich.com.au/,Generated as a practical repeatable version of the base destination.
SEQ-0784,Variant / repeatable idea,Fernvale Village,Early morning low-stress version,Country Town + Bakery,Fernvale,55,60-90 min,30-60km / half-day to day,Free-$,Early morning/Morning,1-2h,"3-6, adult",Yes,Maybe,Medium,3.5,3,B - planned day,Usually easy or paid nearby; verify for peak days,Usually available nearby; verify for bushwalk/beach,Fernvale Village -> nearby cafe/park -> flexible early return,Yes - verify current conditions before leaving,https://www.discoveripswich.com.au/,Generated as a practical repeatable version of the base destination.
SEQ-0785,Variant / repeatable idea,Esk Town Centre,Early morning low-stress version,Country Town,Esk,85,75-110 min,60-100km / bigger day trip,Free-$,Early morning/Morning,1-2h,"3-6, adult",Yes,Maybe,Medium,3.5,3,C - bigger day trip,Usually easy or paid nearby; verify for peak days,Usually available nearby; verify for bushwalk/beach,Esk Town Centre -> nearby cafe/park -> flexible early return,Yes - verify current conditions before leaving,https://www.discoveripswich.com.au/,Generated as a practical repeatable version of the base destination.
SEQ-0786,Variant / repeatable idea,Lake Atkinson,Early morning low-stress version,Lake / Picnic,Atkinson Dam,80,75-110 min,60-100km / bigger day trip,Free-$,Early morning/Morning,1-2h,"3-6, adult",Yes,Maybe,Medium,3.5,3,C - bigger day trip,Usually easy or paid nearby; verify for peak days,Usually available nearby; verify for bushwalk/beach,Lake Atkinson -> nearby cafe/park -> flexible early return,Yes - verify current conditions before leaving,https://www.discoveripswich.com.au/,Generated as a practical repeatable version of the base destination.
SEQ-0787,Variant / repeatable idea,Lake Kurwongbah,Early morning low-stress version,Lake / Picnic,Petrie / Kurwongbah,30,30-50 min,15-30km / easy half-day,Free-$,Early morning/Morning,1-2h,"3-6, adult",Yes,Maybe,Medium,3.5,3,A - easy repeat,Usually easy or paid nearby; verify for peak days,Usually available nearby; verify for bushwalk/beach,Lake Kurwongbah -> nearby cafe/park -> flexible early return,Recommended,https://www.visitmoretonbay.com.au/,Generated as a practical repeatable version of the base destination.
SEQ-0788,Variant / repeatable idea,Old Petrie Town,Early morning low-stress version,Heritage / Market,Petrie,27,30-50 min,15-30km / easy half-day,Free-$,Early morning/Morning,1-2h,"0-3, 3-6, adult",Yes,Maybe,Medium,4.5,3,A - easy repeat,Usually easy or paid nearby; verify for peak days,Usually available nearby; verify for bushwalk/beach,Market breakfast -> nearby playground/park -> home before nap,Recommended,https://www.visitmoretonbay.com.au/,Generated as a practical repeatable version of the base destination.
SEQ-0789,Variant / repeatable idea,Petrie Mill Water Park / USC precinct,Early morning low-stress version,Water Play / Walk,Petrie,27,30-50 min,15-30km / easy half-day,Free-$,Early morning/Morning,1-2h,"0-3, 3-6, adult",Yes,Maybe,Medium,4.5,3,A - easy repeat,Usually easy or paid nearby; verify for peak days,Usually available nearby; verify for bushwalk/beach,Petrie Mill Water Park / USC precinct -> nearby cafe/park -> flexible early return,Recommended,https://www.visitmoretonbay.com.au/,Generated as a practical repeatable version of the base destination.
SEQ-0790,Variant / repeatable idea,North Pine Dam / Bullocky Rest,Early morning low-stress version,Lake / Picnic,Joyner,30,30-50 min,15-30km / easy half-day,Free-$,Early morning/Morning,1-2h,"3-6, adult",Yes,Maybe,Medium,3.5,3,A - easy repeat,Usually easy or paid nearby; verify for peak days,Usually available nearby; verify for bushwalk/beach,North Pine Dam / Bullocky Rest -> nearby cafe/park -> flexible early return,Recommended,https://www.visitmoretonbay.com.au/,Generated as a practical repeatable version of the base destination.
SEQ-0791,Variant / repeatable idea,Coochiemudlo Island,Early morning low-stress version,Island / Beach,Redlands Coast,45,45-70 min,30-60km / half-day to day,Free-$,Early morning/Morning,1-2h,"0-3, 3-6, adult",Yes,Maybe,High,4.5,4,B - planned day,Usually easy or paid nearby; verify for peak days,Usually available nearby; verify for bushwalk/beach,Ferry planning -> beach/walk -> early return buffer,Recommended,https://www.visitredlandscoast.com.au/,Generated as a practical repeatable version of the base destination.
SEQ-0792,Variant / repeatable idea,North Stradbroke Island - Dunwich,Early morning low-stress version,Island / Village,Redlands Coast,45,45-70 min,30-60km / half-day to day,Free-$,Early morning/Morning,1-2h,"3-6, adult",Yes,Maybe,High,3.5,4,B - planned day,Usually easy or paid nearby; verify for peak days,Usually available nearby; verify for bushwalk/beach,Ferry planning -> beach/walk -> early return buffer,Recommended,https://www.visitredlandscoast.com.au/,Generated as a practical repeatable version of the base destination.
SEQ-0793,Variant / repeatable idea,North Stradbroke Island - Point Lookout,Early morning low-stress version,Island / Beach,Redlands Coast,60,60-90 min,30-60km / half-day to day,Free-$,Early morning/Morning,1-2h,"0-3, 3-6, adult",Yes,Maybe,High,4.5,4,B - planned day,Usually easy or paid nearby; verify for peak days,Usually available nearby; verify for bushwalk/beach,Ferry planning -> beach/walk -> early return buffer,Yes - verify current conditions before leaving,https://www.visitredlandscoast.com.au/,Generated as a practical repeatable version of the base destination.
SEQ-0794,Variant / repeatable idea,Cylinder Beach,Early morning low-stress version,Beach,North Stradbroke Island,60,60-90 min,30-60km / half-day to day,Free-$,Early morning/Morning,1-2h,"0-3, 3-6, adult",Yes,Maybe,High,4.5,4,B - planned day,Usually easy or paid nearby; verify for peak days,Usually available nearby; verify for bushwalk/beach,Cylinder Beach -> nearby cafe/park -> flexible early return,Yes - verify current conditions before leaving,https://www.visitredlandscoast.com.au/,Generated as a practical repeatable version of the base destination.
SEQ-0795,Variant / repeatable idea,Amity Point,Early morning low-stress version,Coast / Wildlife,North Stradbroke Island,60,60-90 min,30-60km / half-day to day,Free-$,Early morning/Morning,1-2h,"0-3, 3-6, adult",Yes,Maybe,High,4.5,4,B - planned day,Usually easy or paid nearby; verify for peak days,Usually available nearby; verify for bushwalk/beach,Amity Point -> nearby cafe/park -> flexible early return,Yes - verify current conditions before leaving,https://www.visitredlandscoast.com.au/,Generated as a practical repeatable version of the base destination.
SEQ-0796,Variant / repeatable idea,North Gorge Walk,Early morning low-stress version,Coastal Walk,Point Lookout,60,60-90 min,30-60km / half-day to day,Free-$,Early morning/Morning,1-2h,"3-6, adult",Yes,Maybe,High,3.5,4,B - planned day,Usually easy or paid nearby; verify for peak days,Usually available nearby; verify for bushwalk/beach,North Gorge Walk -> nearby cafe/park -> flexible early return,Yes - verify current conditions before leaving,https://www.visitredlandscoast.com.au/,Generated as a practical repeatable version of the base destination.
SEQ-0797,Variant / repeatable idea,Peel Island viewpoint from Cleveland ferry route,Early morning low-stress version,Bay / Boat Trip,Moreton Bay,35,45-70 min,30-60km / half-day to day,Free-$,Early morning/Morning,1-2h,"3-6, adult",Yes,Maybe,Medium,3.5,3,B - planned day,Usually easy or paid nearby; verify for peak days,Usually available nearby; verify for bushwalk/beach,Ferry planning -> beach/walk -> early return buffer,Recommended,https://www.visitredlandscoast.com.au/,Generated as a practical repeatable version of the base destination.
SEQ-0798,Variant / repeatable idea,Macleay Island,Early morning low-stress version,Island Day Trip,Redlands Coast,50,45-70 min,30-60km / half-day to day,Free-$,Early morning/Morning,1-2h,"3-6, adult",Yes,Maybe,Medium,3.5,3,B - planned day,Usually easy or paid nearby; verify for peak days,Usually available nearby; verify for bushwalk/beach,Ferry planning -> beach/walk -> early return buffer,Recommended,https://www.visitredlandscoast.com.au/,Generated as a practical repeatable version of the base destination.
SEQ-0799,Variant / repeatable idea,Russell Island,Early morning low-stress version,Island Day Trip,Redlands Coast,55,60-90 min,30-60km / half-day to day,Free-$,Early morning/Morning,1-2h,"3-6, adult",Yes,Maybe,Medium,3.5,3,B - planned day,Usually easy or paid nearby; verify for peak days,Usually available nearby; verify for bushwalk/beach,Ferry planning -> beach/walk -> early return buffer,Yes - verify current conditions before leaving,https://www.visitredlandscoast.com.au/,Generated as a practical repeatable version of the base destination.
SEQ-0800,Variant / repeatable idea,Karragarra Island,Early morning low-stress version,Island Day Trip,Redlands Coast,50,45-70 min,30-60km / half-day to day,Free-$,Early morning/Morning,1-2h,"3-6, adult",Yes,Maybe,Medium,3.5,3,B - planned day,Usually easy or paid nearby; verify for peak days,Usually available nearby; verify for bushwalk/beach,Ferry planning -> beach/walk -> early return buffer,Recommended,https://www.visitredlandscoast.com.au/,Generated as a practical repeatable version of the base destination.
SEQ-0801,Variant / repeatable idea,Lamb Island,Early morning low-stress version,Island Day Trip,Redlands Coast,50,45-70 min,30-60km / half-day to day,Free-$,Early morning/Morning,1-2h,"3-6, adult",Yes,Maybe,Medium,3.5,3,B - planned day,Usually easy or paid nearby; verify for peak days,Usually available nearby; verify for bushwalk/beach,Ferry planning -> beach/walk -> early return buffer,Recommended,https://www.visitredlandscoast.com.au/,Generated as a practical repeatable version of the base destination.
SEQ-0802,Variant / repeatable idea,Bluey's World,Early morning low-stress version,Indoor / Kids,Northshore Hamilton,9,20-35 min,0-15km / quick local,Free-$,Early morning/Morning,1-2h,"0-3, 3-6, adult",Yes,Maybe,Medium,4.5,3,A - easy repeat,Usually easy or paid nearby; verify for peak days,Usually available nearby; verify for bushwalk/beach,Bluey's World -> nearby cafe/park -> flexible early return,Recommended,https://www.blueysworld.com/,Generated as a practical repeatable version of the base destination.
SEQ-0803,Variant / repeatable idea,Area 51 Brisbane,Early morning low-stress version,Indoor Play,Underwood,22,30-50 min,15-30km / easy half-day,Free-$,Early morning/Morning,1-2h,"0-3, 3-6, adult",Yes,Maybe,Medium,4.5,3,A - easy repeat,Usually easy or paid nearby; verify for peak days,Usually available nearby; verify for bushwalk/beach,Area 51 Brisbane -> nearby cafe/park -> flexible early return,Recommended,https://www.area51world.com.au/,Generated as a practical repeatable version of the base destination.
SEQ-0804,Variant / repeatable idea,Bounce Tingalpa,Early morning low-stress version,Indoor Play,Tingalpa,15,20-35 min,0-15km / quick local,Free-$,Early morning/Morning,1-2h,"0-3, 3-6, adult",Yes,Maybe,Medium,4.5,3,A - easy repeat,Usually easy or paid nearby; verify for peak days,Usually available nearby; verify for bushwalk/beach,Bounce Tingalpa -> nearby cafe/park -> flexible early return,Recommended,https://bounceinc.com.au/venues/tingalpa/,Generated as a practical repeatable version of the base destination.
SEQ-0805,Variant / repeatable idea,Bounce Macgregor,Early morning low-stress version,Indoor Play,Macgregor,14,20-35 min,0-15km / quick local,Free-$,Early morning/Morning,1-2h,"0-3, 3-6, adult",Yes,Maybe,Medium,4.5,3,A - easy repeat,Usually easy or paid nearby; verify for peak days,Usually available nearby; verify for bushwalk/beach,Bounce Macgregor -> nearby cafe/park -> flexible early return,Recommended,https://bounceinc.com.au/venues/macgregor/,Generated as a practical repeatable version of the base destination.
SEQ-0806,Variant / repeatable idea,Urban Xtreme,Early morning low-stress version,Indoor Adventure,Hendra,9,20-35 min,0-15km / quick local,Free-$,Early morning/Morning,1-2h,"0-3, 3-6, adult",Yes,Maybe,Medium,4.5,3,A - easy repeat,Usually easy or paid nearby; verify for peak days,Usually available nearby; verify for bushwalk/beach,Urban Xtreme -> nearby cafe/park -> flexible early return,Recommended,https://bounceinc.com.au/venues/hendra/?source=urban-xtreme,Generated as a practical repeatable version of the base destination.
SEQ-0807,Variant / repeatable idea,Iceworld Olympic Ice Rinks,Early morning low-stress version,Ice Skating,Acacia Ridge,15,20-35 min,0-15km / quick local,Free-$,Early morning/Morning,1-2h,"3-6, adult",Yes,Maybe,Medium,3.5,3,A - easy repeat,Usually easy or paid nearby; verify for peak days,Usually available nearby; verify for bushwalk/beach,Iceworld Olympic Ice Rinks -> nearby cafe/park -> flexible early return,Recommended,https://www.iceworld.com.au/,Generated as a practical repeatable version of the base destination.
SEQ-0808,Variant / repeatable idea,Iceworld Boondall,Early morning low-stress version,Ice Skating,Boondall,18,30-50 min,15-30km / easy half-day,Free-$,Early morning/Morning,1-2h,"3-6, adult",Yes,Maybe,Medium,3.5,3,A - easy repeat,Usually easy or paid nearby; verify for peak days,Usually available nearby; verify for bushwalk/beach,Iceworld Boondall -> nearby cafe/park -> flexible early return,Recommended,https://www.iceworld.com.au/,Generated as a practical repeatable version of the base destination.
SEQ-0809,Variant / repeatable idea,Holey Moley Fortitude Valley,Early morning low-stress version,Mini Golf / Indoor,Fortitude Valley,3,10-20 min,0-15km / quick local,Free-$,Early morning/Morning,1-2h,"0-3, 3-6, adult",Yes,Maybe,Medium,4.5,3,A - easy repeat,Usually easy or paid nearby; verify for peak days,Usually available nearby; verify for bushwalk/beach,Holey Moley Fortitude Valley -> nearby cafe/park -> flexible early return,Recommended,https://holeymoley.com.au/locations/fortitude-valley,Generated as a practical repeatable version of the base destination.
SEQ-0810,Variant / repeatable idea,Strike Bowling Wintergarden,Early morning low-stress version,Bowling / Indoor,Brisbane CBD,1,10-20 min,0-15km / quick local,Free-$,Early morning/Morning,1-2h,"0-3, 3-6, adult",Yes,Maybe,Medium,4.5,3,A - easy repeat,Usually easy or paid nearby; verify for peak days,Usually available nearby; verify for bushwalk/beach,Strike Bowling Wintergarden -> nearby cafe/park -> flexible early return,Recommended,https://strikebowling.com.au/locations/strike-brisbane-city,Generated as a practical repeatable version of the base destination.
SEQ-0811,Variant / repeatable idea,Archie Brothers Cirque Electriq Toombul/Northshore alternatives,Early morning low-stress version,Arcade / Indoor,Brisbane,8,20-35 min,0-15km / quick local,Free-$,Early morning/Morning,1-2h,"0-3, 3-6, adult",Yes,Maybe,Medium,4.5,3,A - easy repeat,Usually easy or paid nearby; verify for peak days,Usually available nearby; verify for bushwalk/beach,Archie Brothers Cirque Electriq Toombul/Northshore alternatives -> nearby cafe/park -> flexible early return,Recommended,https://www.queensland.com/au/en/places-to-see/destinations/brisbane,Generated as a practical repeatable version of the base destination.
SEQ-0812,Variant / repeatable idea,Cineplex South Bank,Early morning low-stress version,Cinema,South Brisbane,3,10-20 min,0-15km / quick local,Free-$,Early morning/Morning,1-2h,"0-3, 3-6, adult",Yes,Maybe,Medium,4.5,3,A - easy repeat,Usually easy or paid nearby; verify for peak days,Usually available nearby; verify for bushwalk/beach,South Bank -> QAGOMA/Queensland Museum -> Fish Lane or riverside dinner,Recommended,https://www.cineplex.com.au/,Generated as a practical repeatable version of the base destination.
SEQ-0813,Variant / repeatable idea,Event Cinemas Indooroopilly,Early morning low-stress version,Cinema,Indooroopilly,8,20-35 min,0-15km / quick local,Free-$,Early morning/Morning,1-2h,"0-3, 3-6, adult",Yes,Maybe,Medium,4.5,3,A - easy repeat,Usually easy or paid nearby; verify for peak days,Usually available nearby; verify for bushwalk/beach,Event Cinemas Indooroopilly -> nearby cafe/park -> flexible early return,Recommended,https://www.eventcinemas.com.au/Cinema/Indooroopilly,Generated as a practical repeatable version of the base destination.
SEQ-0814,Variant / repeatable idea,Dendy Coorparoo,Early morning low-stress version,Cinema,Coorparoo,7,20-35 min,0-15km / quick local,Free-$,Early morning/Morning,1-2h,"0-3, 3-6, adult",Yes,Maybe,Medium,4.5,3,A - easy repeat,Usually easy or paid nearby; verify for peak days,Usually available nearby; verify for bushwalk/beach,Dendy Coorparoo -> nearby cafe/park -> flexible early return,Recommended,https://www.queensland.com/au/en/places-to-see/destinations/brisbane,Generated as a practical repeatable version of the base destination.
SEQ-0815,Variant / repeatable idea,Palace James Street,Early morning low-stress version,Cinema,Fortitude Valley,3,10-20 min,0-15km / quick local,Free-$,Early morning/Morning,1-2h,"0-3, 3-6, adult",Yes,Maybe,Medium,4.5,3,A - easy repeat,Usually easy or paid nearby; verify for peak days,Usually available nearby; verify for bushwalk/beach,Palace James Street -> nearby cafe/park -> flexible early return,Recommended,https://www.queensland.com/au/en/places-to-see/destinations/brisbane,Generated as a practical repeatable version of the base destination.
SEQ-0816,Variant / repeatable idea,QUT The Cube,Early morning low-stress version,STEM / Indoor,Brisbane CBD,1,10-20 min,0-15km / quick local,Free-$,Early morning/Morning,1-2h,"0-3, 3-6, adult",Yes,Maybe,Medium,5,3,A - easy repeat,Usually easy or paid nearby; verify for peak days,Usually available nearby; verify for bushwalk/beach,QUT The Cube -> nearby cafe/park -> flexible early return,Recommended,https://visit.brisbane.qld.au/inspiration/things-to-do-with-kids-in-brisbane,Generated as a practical repeatable version of the base destination.
SEQ-0817,Variant / repeatable idea,Sir Thomas Brisbane Planetarium,Early morning low-stress version,Planetarium,Mt Coot-tha,8,20-35 min,0-15km / quick local,Free-$,Early morning/Morning,1-2h,"3-6, adult",Yes,Maybe,Medium,3.5,3,A - easy repeat,Usually easy or paid nearby; verify for peak days,Usually available nearby; verify for bushwalk/beach,Sir Thomas Brisbane Planetarium -> nearby cafe/park -> flexible early return,Recommended,https://www.brisbane.qld.gov.au/parks-and-recreation,Generated as a practical repeatable version of the base destination.
SEQ-0818,Variant / repeatable idea,Queensland Maritime Museum,Early morning low-stress version,Museum / Heritage,South Brisbane,3,10-20 min,0-15km / quick local,Free-$,Early morning/Morning,1-2h,"0-3, 3-6, adult",Yes,Maybe,Medium,4.5,3,A - easy repeat,Usually easy or paid nearby; verify for peak days,Usually available nearby; verify for bushwalk/beach,South Bank -> QAGOMA/Queensland Museum -> Fish Lane or riverside dinner,Recommended,https://maritimemuseum.com.au/,Generated as a practical repeatable version of the base destination.
SEQ-0819,Variant / repeatable idea,Museum of Brisbane,Early morning low-stress version,Museum / Culture,Brisbane CBD,1,10-20 min,0-15km / quick local,Free-$,Early morning/Morning,1-2h,"0-3, 3-6, adult",Yes,Maybe,High,4.5,4,A - easy repeat,Usually easy or paid nearby; verify for peak days,Usually available nearby; verify for bushwalk/beach,South Bank -> QAGOMA/Queensland Museum -> Fish Lane or riverside dinner,Recommended,https://www.museumofbrisbane.com.au/,Generated as a practical repeatable version of the base destination.
SEQ-0820,Variant / repeatable idea,Commissariat Store Museum,Early morning low-stress version,Heritage,Brisbane CBD,1,10-20 min,0-15km / quick local,Free-$,Early morning/Morning,1-2h,"3-6, adult",Yes,Maybe,Medium,3.5,3,A - easy repeat,Usually easy or paid nearby; verify for peak days,Usually available nearby; verify for bushwalk/beach,South Bank -> QAGOMA/Queensland Museum -> Fish Lane or riverside dinner,Recommended,https://www.queensland.com/au/en/places-to-see/destinations/brisbane,Generated as a practical repeatable version of the base destination.
SEQ-0821,Variant / repeatable idea,Wolston Farmhouse,Early morning low-stress version,Heritage,Wacol,18,30-50 min,15-30km / easy half-day,Free-$,Early morning/Morning,1-2h,"3-6, adult",Yes,Maybe,Medium,3.5,3,A - easy repeat,Usually easy or paid nearby; verify for peak days,Usually available nearby; verify for bushwalk/beach,Wolston Farmhouse -> nearby cafe/park -> flexible early return,Recommended,https://www.queensland.com/au/en/places-to-see/destinations/brisbane,Generated as a practical repeatable version of the base destination.
SEQ-0822,Variant / repeatable idea,Brookfield Showgrounds,Early morning low-stress version,Events / Country,Brookfield,14,20-35 min,0-15km / quick local,Free-$,Early morning/Morning,1-2h,"3-6, adult",Yes,Maybe,Medium,3.5,3,A - easy repeat,Usually easy or paid nearby; verify for peak days,Usually available nearby; verify for bushwalk/beach,Brookfield Showgrounds -> nearby cafe/park -> flexible early return,Recommended,https://www.queensland.com/au/en/places-to-see/destinations/brisbane,Generated as a practical repeatable version of the base destination.
SEQ-0823,Variant / repeatable idea,Brisbane Entertainment Centre,Early morning low-stress version,Shows / Events,Boondall,18,30-50 min,15-30km / easy half-day,Free-$,Early morning/Morning,1-2h,"3-6, adult",Yes,Maybe,Medium,3.5,3,A - easy repeat,Usually easy or paid nearby; verify for peak days,Usually available nearby; verify for bushwalk/beach,Brisbane Entertainment Centre -> nearby cafe/park -> flexible early return,Recommended,https://www.brisent.com.au/,Generated as a practical repeatable version of the base destination.
SEQ-0824,Variant / repeatable idea,Redcliffe Entertainment Centre,Early morning low-stress version,Shows / Culture,Redcliffe,35,45-70 min,30-60km / half-day to day,Free-$,Early morning/Morning,1-2h,"3-6, adult",Yes,Maybe,High,3.5,4,B - planned day,Usually easy or paid nearby; verify for peak days,Usually available nearby; verify for bushwalk/beach,Redcliffe Jetty -> Settlement Cove/Suttons Beach -> Scarborough sunset,Recommended,https://www.moretonbay.qld.gov.au/Events,Generated as a practical repeatable version of the base destination.
SEQ-0825,Variant / repeatable idea,Ipswich Civic Centre,Early morning low-stress version,Shows / Culture,Ipswich,40,45-70 min,30-60km / half-day to day,Free-$,Early morning/Morning,1-2h,"3-6, adult",Yes,Maybe,High,3.5,4,B - planned day,Usually easy or paid nearby; verify for peak days,Usually available nearby; verify for bushwalk/beach,Queens Park -> Ipswich Nature Centre -> Ipswich Art Gallery/rail museum,Recommended,https://www.discoveripswich.com.au/,Generated as a practical repeatable version of the base destination.
SEQ-0826,Variant / repeatable idea,Logan Entertainment Centre,Early morning low-stress version,Shows / Culture,Logan,25,30-50 min,15-30km / easy half-day,Free-$,Early morning/Morning,1-2h,"3-6, adult",Yes,Maybe,High,3.5,4,A - easy repeat,Usually easy or paid nearby; verify for peak days,Usually available nearby; verify for bushwalk/beach,Logan Entertainment Centre -> nearby cafe/park -> flexible early return,Recommended,https://www.logan.qld.gov.au/,Generated as a practical repeatable version of the base destination.
SEQ-0827,Variant / repeatable idea,Jan Powers Farmers Market New Farm,Early morning low-stress version,Market,New Farm,4,10-20 min,0-15km / quick local,Free-$,Early morning/Morning,1-2h,"0-3, 3-6, adult",Yes,Maybe,Medium,4.5,3,A - easy repeat,Usually easy or paid nearby; verify for peak days,Usually available nearby; verify for bushwalk/beach,Market breakfast -> nearby playground/park -> home before nap,Recommended,https://www.queensland.com/au/en/places-to-see/destinations/brisbane,Generated as a practical repeatable version of the base destination.
SEQ-0828,Variant / repeatable idea,Brisbane City Markets,Early morning low-stress version,Market,Brisbane CBD,1,10-20 min,0-15km / quick local,Free-$,Early morning/Morning,1-2h,"0-3, 3-6, adult",Yes,Maybe,Medium,4.5,3,A - easy repeat,Usually easy or paid nearby; verify for peak days,Usually available nearby; verify for bushwalk/beach,Market breakfast -> nearby playground/park -> home before nap,Recommended,https://www.queensland.com/au/en/places-to-see/destinations/brisbane,Generated as a practical repeatable version of the base destination.
SEQ-0829,Variant / repeatable idea,Carseldine Markets,Early morning low-stress version,Market,Carseldine,16,30-50 min,15-30km / easy half-day,Free-$,Early morning/Morning,1-2h,"0-3, 3-6, adult",Yes,Maybe,Medium,4.5,3,A - easy repeat,Usually easy or paid nearby; verify for peak days,Usually available nearby; verify for bushwalk/beach,Market breakfast -> nearby playground/park -> home before nap,Recommended,https://www.queensland.com/au/en/places-to-see/destinations/brisbane,Generated as a practical repeatable version of the base destination.
SEQ-0830,Variant / repeatable idea,Nundah Farmers Market,Early morning low-stress version,Market,Nundah,9,20-35 min,0-15km / quick local,Free-$,Early morning/Morning,1-2h,"0-3, 3-6, adult",Yes,Maybe,Medium,4.5,3,A - easy repeat,Usually easy or paid nearby; verify for peak days,Usually available nearby; verify for bushwalk/beach,Market breakfast -> nearby playground/park -> home before nap,Recommended,https://www.queensland.com/au/en/places-to-see/destinations/brisbane,Generated as a practical repeatable version of the base destination.
SEQ-0831,Variant / repeatable idea,Rocklea Saturday Fresh Market,Early morning low-stress version,Market,Rocklea,12,20-35 min,0-15km / quick local,Free-$,Early morning/Morning,1-2h,"0-3, 3-6, adult",Yes,Maybe,Medium,4.5,3,A - easy repeat,Usually easy or paid nearby; verify for peak days,Usually available nearby; verify for bushwalk/beach,Market breakfast -> nearby playground/park -> home before nap,Recommended,https://www.queensland.com/au/en/places-to-see/destinations/brisbane,Generated as a practical repeatable version of the base destination.
SEQ-0832,Variant / repeatable idea,Redcliffe Markets,Early morning low-stress version,Market,Redcliffe,35,45-70 min,30-60km / half-day to day,Free-$,Early morning/Morning,1-2h,"0-3, 3-6, adult",Yes,Maybe,Medium,4.5,3,B - planned day,Usually easy or paid nearby; verify for peak days,Usually available nearby; verify for bushwalk/beach,Redcliffe Jetty -> Settlement Cove/Suttons Beach -> Scarborough sunset,Recommended,https://www.queensland.com/au/en/places-to-see/destinations/brisbane/moreton-bay,Generated as a practical repeatable version of the base destination.
SEQ-0833,Variant / repeatable idea,Manly Creative Markets,Early morning low-stress version,Market,Manly,22,30-50 min,15-30km / easy half-day,Free-$,Early morning/Morning,1-2h,"0-3, 3-6, adult",Yes,Maybe,Medium,4.5,3,A - easy repeat,Usually easy or paid nearby; verify for peak days,Usually available nearby; verify for bushwalk/beach,Market breakfast -> nearby playground/park -> home before nap,Recommended,https://www.queensland.com/au/en/places-to-see/destinations/brisbane,Generated as a practical repeatable version of the base destination.
SEQ-0834,Variant / repeatable idea,Mt Gravatt Markets,Early morning low-stress version,Market,Mount Gravatt,13,20-35 min,0-15km / quick local,Free-$,Early morning/Morning,1-2h,"0-3, 3-6, adult",Yes,Maybe,Medium,4.5,3,A - easy repeat,Usually easy or paid nearby; verify for peak days,Usually available nearby; verify for bushwalk/beach,Market breakfast -> nearby playground/park -> home before nap,Recommended,https://www.queensland.com/au/en/places-to-see/destinations/brisbane,Generated as a practical repeatable version of the base destination.
SEQ-0835,Variant / repeatable idea,Milton Mini Markets,Early morning low-stress version,Market,Milton,3,10-20 min,0-15km / quick local,Free-$,Early morning/Morning,1-2h,"0-3, 3-6, adult",Yes,Maybe,Medium,4.5,3,A - easy repeat,Usually easy or paid nearby; verify for peak days,Usually available nearby; verify for bushwalk/beach,Market breakfast -> nearby playground/park -> home before nap,Recommended,https://goodwillprojects.com.au/markets/milton/,Generated as a practical repeatable version of the base destination.
SEQ-0836,Variant / repeatable idea,BrisStyle Handmade Markets,Early morning low-stress version,Market / Craft,Brisbane,3,10-20 min,0-15km / quick local,Free-$,Early morning/Morning,1-2h,"0-3, 3-6, adult",Yes,Maybe,Medium,4.5,3,A - easy repeat,Usually easy or paid nearby; verify for peak days,Usually available nearby; verify for bushwalk/beach,Market breakfast -> nearby playground/park -> home before nap,Recommended,https://www.queensland.com/au/en/places-to-see/destinations/brisbane,Generated as a practical repeatable version of the base destination.
SEQ-0837,Variant / repeatable idea,South Bank Collective Markets,Early morning low-stress version,Market,South Bank,3,10-20 min,0-15km / quick local,Free-$,Early morning/Morning,1-2h,"0-3, 3-6, adult",Yes,Maybe,Medium,4.5,3,A - easy repeat,Usually easy or paid nearby; verify for peak days,Usually available nearby; verify for bushwalk/beach,South Bank -> QAGOMA/Queensland Museum -> Fish Lane or riverside dinner,Recommended,https://www.queensland.com/au/en/places-to-see/destinations/brisbane,Generated as a practical repeatable version of the base destination.
SEQ-0838,Variant / repeatable idea,Northey Street Organic Farmers Market,Early morning low-stress version,Market,Windsor,5,10-20 min,0-15km / quick local,Free-$,Early morning/Morning,1-2h,"0-3, 3-6, adult",Yes,Maybe,Medium,4.5,3,A - easy repeat,Usually easy or paid nearby; verify for peak days,Usually available nearby; verify for bushwalk/beach,Market breakfast -> nearby playground/park -> home before nap,Recommended,https://www.queensland.com/au/en/places-to-see/destinations/brisbane,Generated as a practical repeatable version of the base destination.
SEQ-0839,Variant / repeatable idea,Global Food Markets Woodridge,Early morning low-stress version,Market / Food,Woodridge,22,30-50 min,15-30km / easy half-day,Free-$,Early morning/Morning,1-2h,"0-3, 3-6, adult",Yes,Maybe,High,4.5,4,A - easy repeat,Usually easy or paid nearby; verify for peak days,Usually available nearby; verify for bushwalk/beach,Market breakfast -> nearby playground/park -> home before nap,Recommended,https://www.logan.qld.gov.au/,Generated as a practical repeatable version of the base destination.
SEQ-0840,Variant / repeatable idea,Rivermakers / Morningside food precinct,Early morning low-stress version,Food Precinct,Morningside,8,20-35 min,0-15km / quick local,Free-$,Early morning/Morning,1-2h,"3-6, adult",Yes,Maybe,High,3.5,4,A - easy repeat,Usually easy or paid nearby; verify for peak days,Usually available nearby; verify for bushwalk/beach,Rivermakers / Morningside food precinct -> nearby cafe/park -> flexible early return,Recommended,https://www.queensland.com/au/en/places-to-see/destinations/brisbane,Generated as a practical repeatable version of the base destination.
SEQ-0841,Variant / repeatable idea,Sunnybank Market Square,Early morning low-stress version,Asian Food,Sunnybank,15,20-35 min,0-15km / quick local,Free-$,Early morning/Morning,1-2h,"3-6, adult",Yes,Maybe,High,3.5,4,A - easy repeat,Usually easy or paid nearby; verify for peak days,Usually available nearby; verify for bushwalk/beach,Sunnybank meal -> dessert -> grocery stop,Recommended,https://www.queensland.com/au/en/places-to-see/destinations/brisbane,Generated as a practical repeatable version of the base destination.
SEQ-0842,Variant / repeatable idea,Sunnybank Plaza,Early morning low-stress version,Asian Food,Sunnybank,15,20-35 min,0-15km / quick local,Free-$,Early morning/Morning,1-2h,"3-6, adult",Yes,Maybe,High,3.5,4,A - easy repeat,Usually easy or paid nearby; verify for peak days,Usually available nearby; verify for bushwalk/beach,Sunnybank meal -> dessert -> grocery stop,Recommended,https://www.queensland.com/au/en/places-to-see/destinations/brisbane,Generated as a practical repeatable version of the base destination.
SEQ-0843,Variant / repeatable idea,Westfield Garden City / Mt Gravatt food,Early morning low-stress version,Shopping + Food,Upper Mt Gravatt,14,20-35 min,0-15km / quick local,Free-$,Early morning/Morning,1-2h,"0-3, 3-6, adult",Yes,Maybe,High,3.5,4,A - easy repeat,Usually easy or paid nearby; verify for peak days,Usually available nearby; verify for bushwalk/beach,Shopping centre -> kids play/cinema -> easy meal,Recommended,https://www.queensland.com/au/en/places-to-see/destinations/brisbane,Generated as a practical repeatable version of the base destination.
SEQ-0844,Variant / repeatable idea,Sunnybank Hills Shoppingtown food trail,Early morning low-stress version,Asian Food,Sunnybank Hills,18,30-50 min,15-30km / easy half-day,Free-$,Early morning/Morning,1-2h,"3-6, adult",Yes,Maybe,High,3.5,4,A - easy repeat,Usually easy or paid nearby; verify for peak days,Usually available nearby; verify for bushwalk/beach,Sunnybank meal -> dessert -> grocery stop,Recommended,https://www.queensland.com/au/en/places-to-see/destinations/brisbane,Generated as a practical repeatable version of the base destination.
SEQ-0845,Variant / repeatable idea,Moorooka Magic Mile food strip,Early morning low-stress version,Food / Multicultural,Moorooka,10,20-35 min,0-15km / quick local,Free-$,Early morning/Morning,1-2h,"3-6, adult",Yes,Maybe,High,3.5,4,A - easy repeat,Usually easy or paid nearby; verify for peak days,Usually available nearby; verify for bushwalk/beach,Moorooka Magic Mile food strip -> nearby cafe/park -> flexible early return,Recommended,https://www.queensland.com/au/en/places-to-see/destinations/brisbane,Generated as a practical repeatable version of the base destination.
SEQ-0846,Variant / repeatable idea,Inala Plaza food trail,Early morning low-stress version,Vietnamese Food,Inala,18,30-50 min,15-30km / easy half-day,Free-$,Early morning/Morning,1-2h,"3-6, adult",Yes,Maybe,High,3.5,4,A - easy repeat,Usually easy or paid nearby; verify for peak days,Usually available nearby; verify for bushwalk/beach,Inala Plaza food trail -> nearby cafe/park -> flexible early return,Recommended,https://www.queensland.com/au/en/places-to-see/destinations/brisbane,Generated as a practical repeatable version of the base destination.
SEQ-0847,Variant / repeatable idea,Sunnybank Korean/Japanese dessert trail,Early morning low-stress version,Dessert / Food,Sunnybank,15,20-35 min,0-15km / quick local,Free-$,Early morning/Morning,1-2h,"3-6, adult",Yes,Maybe,High,3.5,4,A - easy repeat,Usually easy or paid nearby; verify for peak days,Usually available nearby; verify for bushwalk/beach,Sunnybank meal -> dessert -> grocery stop,Recommended,https://www.queensland.com/au/en/places-to-see/destinations/brisbane,Generated as a practical repeatable version of the base destination.
SEQ-0848,Variant / repeatable idea,James Street dessert + boutique route,Early morning low-stress version,Food + Shopping,Fortitude Valley,3,10-20 min,0-15km / quick local,Free-$,Early morning/Morning,1-2h,"0-3, 3-6, adult",Yes,Maybe,High,3.5,4,A - easy repeat,Usually easy or paid nearby; verify for peak days,Usually available nearby; verify for bushwalk/beach,Shopping centre -> kids play/cinema -> easy meal,Recommended,https://jamesst.com.au/,Generated as a practical repeatable version of the base destination.
SEQ-0849,Variant / repeatable idea,Rosalie Village,Early morning low-stress version,Village + Food,Paddington,4,10-20 min,0-15km / quick local,Free-$,Early morning/Morning,1-2h,"3-6, adult",Yes,Maybe,High,3.5,5,A - easy repeat,Usually easy or paid nearby; verify for peak days,Usually available nearby; verify for bushwalk/beach,Rosalie Village -> nearby cafe/park -> flexible early return,Recommended,https://www.queensland.com/au/en/places-to-see/destinations/brisbane,Generated as a practical repeatable version of the base destination.
SEQ-0850,Variant / repeatable idea,Ashgrove / Newmarket cafe loop,Early morning low-stress version,Cafe / Local,Ashgrove,6,20-35 min,0-15km / quick local,Free-$,Early morning/Morning,1-2h,"3-6, adult",Yes,Maybe,Medium,3.5,3,A - easy repeat,Usually easy or paid nearby; verify for peak days,Usually available nearby; verify for bushwalk/beach,Ashgrove / Newmarket cafe loop -> nearby cafe/park -> flexible early return,Recommended,https://www.queensland.com/au/en/places-to-see/destinations/brisbane,Generated as a practical repeatable version of the base destination.
SEQ-0851,Variant / repeatable idea,Hawthorne Garage precinct,Early morning low-stress version,Cafe / Village,Hawthorne,6,20-35 min,0-15km / quick local,Free-$,Early morning/Morning,1-2h,"3-6, adult",Yes,Maybe,High,3.5,4,A - easy repeat,Usually easy or paid nearby; verify for peak days,Usually available nearby; verify for bushwalk/beach,Hawthorne Garage precinct -> nearby cafe/park -> flexible early return,Recommended,https://www.queensland.com/au/en/places-to-see/destinations/brisbane,Generated as a practical repeatable version of the base destination.
SEQ-0852,Variant / repeatable idea,Coorparoo Square,Early morning low-stress version,Food + Cinema,Coorparoo,7,20-35 min,0-15km / quick local,Free-$,Early morning/Morning,1-2h,"0-3, 3-6, adult",Yes,Maybe,High,4.5,4,A - easy repeat,Usually easy or paid nearby; verify for peak days,Usually available nearby; verify for bushwalk/beach,Coorparoo Square -> nearby cafe/park -> flexible early return,Recommended,https://www.queensland.com/au/en/places-to-see/destinations/brisbane,Generated as a practical repeatable version of the base destination.
SEQ-0853,Variant / repeatable idea,Mt Tamborine farmers/food trail,Early morning low-stress version,Food + Scenic,Tamborine Mountain,75,60-90 min,60-100km / bigger day trip,Free-$,Early morning/Morning,1-2h,"3-6, adult",Yes,Maybe,High,3.5,5,B - planned day,Usually easy or paid nearby; verify for peak days,Usually available nearby; verify for bushwalk/beach,Gallery Walk -> Curtis Falls/Skywalk -> lookout or early dinner,Yes - verify current conditions before leaving,https://www.visitscenicrim.com.au/,Generated as a practical repeatable version of the base destination.
SEQ-0854,Variant / repeatable idea,Scenic Rim Farm Shop,Early morning low-stress version,Farm Shop,Kalbar / Scenic Rim,85,75-110 min,60-100km / bigger day trip,Free-$,Early morning/Morning,1-2h,"0-3, 3-6, adult",Yes,Maybe,Medium,4.5,3,C - bigger day trip,Usually easy or paid nearby; verify for peak days,Usually available nearby; verify for bushwalk/beach,Scenic Rim Farm Shop -> nearby cafe/park -> flexible early return,Yes - verify current conditions before leaving,https://www.visitscenicrim.com.au/,Generated as a practical repeatable version of the base destination.
SEQ-0855,Variant / repeatable idea,Summer Land Camels,Early morning low-stress version,Farm / Animals,Harrisville,75,60-90 min,60-100km / bigger day trip,Free-$,Early morning/Morning,1-2h,"0-3, 3-6, adult",Yes,Maybe,Medium,4.5,3,B - planned day,Usually easy or paid nearby; verify for peak days,Usually available nearby; verify for bushwalk/beach,Summer Land Camels -> nearby cafe/park -> flexible early return,Yes - verify current conditions before leaving,https://www.visitscenicrim.com.au/,Generated as a practical repeatable version of the base destination.
SEQ-0856,Variant / repeatable idea,White Ridge Farm,Early morning low-stress version,Farm / Kids,Elimbah,60,60-90 min,30-60km / half-day to day,Free-$,Early morning/Morning,1-2h,"0-3, 3-6, adult",Yes,Maybe,Medium,4.5,3,B - planned day,Usually easy or paid nearby; verify for peak days,Usually available nearby; verify for bushwalk/beach,White Ridge Farm -> nearby cafe/park -> flexible early return,Yes - verify current conditions before leaving,https://www.visitmoretonbay.com.au/,Generated as a practical repeatable version of the base destination.
SEQ-0857,Variant / repeatable idea,Lyell Deer Sanctuary,Early morning low-stress version,Farm / Animals,Mount Samson,35,45-70 min,30-60km / half-day to day,Free-$,Early morning/Morning,1-2h,"0-3, 3-6, adult",Yes,Maybe,Medium,4.5,3,B - planned day,Usually easy or paid nearby; verify for peak days,Usually available nearby; verify for bushwalk/beach,Lyell Deer Sanctuary -> nearby cafe/park -> flexible early return,Recommended,https://www.visitmoretonbay.com.au/,Generated as a practical repeatable version of the base destination.
SEQ-0858,Variant / repeatable idea,Trevena Glen Farm,Early morning low-stress version,Farm / Animals,Mount Samson,32,45-70 min,30-60km / half-day to day,Free-$,Early morning/Morning,1-2h,"0-3, 3-6, adult",Yes,Maybe,Medium,4.5,3,B - planned day,Usually easy or paid nearby; verify for peak days,Usually available nearby; verify for bushwalk/beach,Trevena Glen Farm -> nearby cafe/park -> flexible early return,Recommended,https://www.visitmoretonbay.com.au/,Generated as a practical repeatable version of the base destination.
SEQ-0859,Variant / repeatable idea,Maleny Cheese / dairy trail,Early morning low-stress version,Food / Dairy,Maleny,92,75-110 min,60-100km / bigger day trip,Free-$,Early morning/Morning,1-2h,"3-6, adult",Yes,Maybe,High,3.5,4,C - bigger day trip,Usually easy or paid nearby; verify for peak days,Usually available nearby; verify for bushwalk/beach,Maleny/Montville village -> Mary Cairncross -> dairy/cheese stop,Yes - verify current conditions before leaving,https://www.visitsunshinecoast.com/,Generated as a practical repeatable version of the base destination.
SEQ-0860,Variant / repeatable idea,Eumundi-style markets alternative: Caloundra Street Fair,Early morning low-stress version,Market,Caloundra,95,75-110 min,60-100km / bigger day trip,Free-$,Early morning/Morning,1-2h,"0-3, 3-6, adult",Yes,Maybe,Medium,4.5,3,C - bigger day trip,Usually easy or paid nearby; verify for peak days,Usually available nearby; verify for bushwalk/beach,Market breakfast -> nearby playground/park -> home before nap,Yes - verify current conditions before leaving,https://www.visitsunshinecoast.com/,Generated as a practical repeatable version of the base destination.
SEQ-0861,Variant / repeatable idea,Boonah country bakery trail,Early morning low-stress version,Food + Country,Boonah,90,75-110 min,60-100km / bigger day trip,Free-$,Early morning/Morning,1-2h,"3-6, adult",Yes,Maybe,High,3.5,4,C - bigger day trip,Usually easy or paid nearby; verify for peak days,Usually available nearby; verify for bushwalk/beach,Boonah country bakery trail -> nearby cafe/park -> flexible early return,Yes - verify current conditions before leaving,https://www.visitscenicrim.com.au/,Generated as a practical repeatable version of the base destination.
SEQ-0862,Variant / repeatable idea,South Bank Parklands,After-nap short outing,City + River,Brisbane City / South Brisbane,3,10-20 min,0-15km / quick local,Free-$,Afternoon,1-2h,"3-6, adult",Yes,Maybe,High,3.5,4,A - easy repeat,Usually easy or paid nearby; verify for peak days,Usually available nearby; verify for bushwalk/beach,South Bank -> QAGOMA/Queensland Museum -> Fish Lane or riverside dinner,Recommended,https://www.visitsouthbank.com.au/,Generated as a practical repeatable version of the base destination.
SEQ-0863,Variant / repeatable idea,Streets Beach South Bank,After-nap short outing,Water Play,Brisbane City / South Brisbane,3,10-20 min,0-15km / quick local,Free-$,Afternoon,1-2h,"0-3, 3-6, adult",Yes,Maybe,Medium,4.5,3,A - easy repeat,Usually easy or paid nearby; verify for peak days,Usually available nearby; verify for bushwalk/beach,South Bank -> QAGOMA/Queensland Museum -> Fish Lane or riverside dinner,Recommended,https://www.visitsouthbank.com.au/,Generated as a practical repeatable version of the base destination.
SEQ-0864,Variant / repeatable idea,Queensland Museum,After-nap short outing,Museum / Culture,Brisbane City / South Brisbane,3,10-20 min,0-15km / quick local,Free-$,Afternoon,1-2h,"0-3, 3-6, adult",Yes,Maybe,High,4.5,4,A - easy repeat,Usually easy or paid nearby; verify for peak days,Usually available nearby; verify for bushwalk/beach,South Bank -> QAGOMA/Queensland Museum -> Fish Lane or riverside dinner,Recommended,https://www.museum.qld.gov.au/queensland-museum,Generated as a practical repeatable version of the base destination.
SEQ-0865,Variant / repeatable idea,SparkLab,After-nap short outing,STEM / Indoor,Brisbane City / South Brisbane,3,10-20 min,0-15km / quick local,Free-$,Afternoon,1-2h,"0-3, 3-6, adult",Yes,Maybe,Medium,5,3,A - easy repeat,Usually easy or paid nearby; verify for peak days,Usually available nearby; verify for bushwalk/beach,SparkLab -> nearby cafe/park -> flexible early return,Recommended,https://www.museum.qld.gov.au/queensland-museum/whats-on/sparklab,Generated as a practical repeatable version of the base destination.
SEQ-0866,Variant / repeatable idea,QAGOMA,After-nap short outing,Museum / Culture,Brisbane City / South Brisbane,3,10-20 min,0-15km / quick local,Free-$,Afternoon,1-2h,"0-3, 3-6, adult",Yes,Maybe,High,4.5,4,A - easy repeat,Usually easy or paid nearby; verify for peak days,Usually available nearby; verify for bushwalk/beach,South Bank -> QAGOMA/Queensland Museum -> Fish Lane or riverside dinner,Recommended,https://www.qagoma.qld.gov.au/,Generated as a practical repeatable version of the base destination.
SEQ-0867,Variant / repeatable idea,State Library of Queensland,After-nap short outing,Library / Indoor,Brisbane City / South Brisbane,3,10-20 min,0-15km / quick local,Free-$,Afternoon,1-2h,"0-3, 3-6, adult",Yes,Maybe,Medium,4.5,3,A - easy repeat,Usually easy or paid nearby; verify for peak days,Usually available nearby; verify for bushwalk/beach,State Library of Queensland -> nearby cafe/park -> flexible early return,Recommended,https://www.slq.qld.gov.au/,Generated as a practical repeatable version of the base destination.
SEQ-0868,Variant / repeatable idea,QPAC precinct,After-nap short outing,Shows / Culture,Brisbane City / South Brisbane,3,10-20 min,0-15km / quick local,Free-$,Afternoon,1-2h,"3-6, adult",Yes,Maybe,High,3.5,4,A - easy repeat,Usually easy or paid nearby; verify for peak days,Usually available nearby; verify for bushwalk/beach,QPAC precinct -> nearby cafe/park -> flexible early return,Recommended,https://www.qpac.com.au/,Generated as a practical repeatable version of the base destination.
SEQ-0869,Variant / repeatable idea,Fish Lane,After-nap short outing,Food + Street Art,South Brisbane,4,10-20 min,0-15km / quick local,Free-$,Afternoon,1-2h,"3-6, adult",Yes,Maybe,High,3.5,4,A - easy repeat,Usually easy or paid nearby; verify for peak days,Usually available nearby; verify for bushwalk/beach,Fish Lane -> nearby cafe/park -> flexible early return,Recommended,https://www.queensland.com/au/en/places-to-see/destinations/brisbane,Generated as a practical repeatable version of the base destination.
SEQ-0870,Variant / repeatable idea,Roma Street Parkland,After-nap short outing,Park / Garden,Brisbane City,2,10-20 min,0-15km / quick local,Free-$,Afternoon,1-2h,"0-3, 3-6, adult",Yes,Maybe,High,3.5,4,A - easy repeat,Usually easy or paid nearby; verify for peak days,Usually available nearby; verify for bushwalk/beach,Roma Street Parkland -> nearby cafe/park -> flexible early return,Recommended,https://visit.brisbane.qld.au/inspiration/things-to-do-with-kids-in-brisbane,Generated as a practical repeatable version of the base destination.
SEQ-0871,Variant / repeatable idea,City Botanic Gardens,After-nap short outing,Park / Garden,Brisbane CBD,1,10-20 min,0-15km / quick local,Free-$,Afternoon,1-2h,"0-3, 3-6, adult",Yes,Maybe,High,3.5,4,A - easy repeat,Usually easy or paid nearby; verify for peak days,Usually available nearby; verify for bushwalk/beach,City Botanic Gardens -> nearby cafe/park -> flexible early return,Recommended,https://www.brisbane.qld.gov.au/parks-and-recreation/botanic-gardens/city-botanic-gardens,Generated as a practical repeatable version of the base destination.
SEQ-0872,Variant / repeatable idea,Queen Street Mall,After-nap short outing,Shopping / City,Brisbane CBD,1,10-20 min,0-15km / quick local,Free-$,Afternoon,1-2h,"0-3, 3-6, adult",Yes,Maybe,Medium,3.5,3,A - easy repeat,Usually easy or paid nearby; verify for peak days,Usually available nearby; verify for bushwalk/beach,Shopping centre -> kids play/cinema -> easy meal,Recommended,https://www.queensland.com/au/en/places-to-see/destinations/brisbane,Generated as a practical repeatable version of the base destination.
SEQ-0873,Variant / repeatable idea,Queen's Wharf Brisbane,After-nap short outing,City + Food,Brisbane CBD,1,10-20 min,0-15km / quick local,Free-$,Afternoon,1-2h,"3-6, adult",Yes,Maybe,High,3.5,4,A - easy repeat,Usually easy or paid nearby; verify for peak days,Usually available nearby; verify for bushwalk/beach,Queen's Wharf Brisbane -> nearby cafe/park -> flexible early return,Recommended,https://queenswharfbrisbane.com.au/,Generated as a practical repeatable version of the base destination.
SEQ-0874,Variant / repeatable idea,Howard Smith Wharves,After-nap short outing,River + Food,Brisbane CBD / Fortitude Valley,2,10-20 min,0-15km / quick local,Free-$,Afternoon,1-2h,"3-6, adult",Yes,Maybe,High,3.5,5,A - easy repeat,Usually easy or paid nearby; verify for peak days,Usually available nearby; verify for bushwalk/beach,Howard Smith Wharves -> nearby cafe/park -> flexible early return,Recommended,https://howardsmithwharves.com/,Generated as a practical repeatable version of the base destination.
SEQ-0875,Variant / repeatable idea,Story Bridge Adventure Climb precinct,After-nap short outing,View / Adventure,Kangaroo Point,3,10-20 min,0-15km / quick local,Free-$,Afternoon,1-2h,"3-6+, adult",Yes,Maybe,Medium,3.5,3,A - easy repeat,Usually easy or paid nearby; verify for peak days,Usually available nearby; verify for bushwalk/beach,Story Bridge Adventure Climb precinct -> nearby cafe/park -> flexible early return,Recommended,https://www.queensland.com/au/en/places-to-see/destinations/brisbane,Generated as a practical repeatable version of the base destination.
SEQ-0876,Variant / repeatable idea,Kangaroo Point Cliffs Park,After-nap short outing,Lookout / Picnic,Kangaroo Point,3,10-20 min,0-15km / quick local,Free-$,Afternoon,1-2h,"3-6, adult",Yes,Maybe,High,3.5,4,A - easy repeat,Usually easy or paid nearby; verify for peak days,Usually available nearby; verify for bushwalk/beach,Kangaroo Point Cliffs Park -> nearby cafe/park -> flexible early return,Recommended,https://www.queensland.com/au/en/places-to-see/destinations/brisbane,Generated as a practical repeatable version of the base destination.
SEQ-0877,Variant / repeatable idea,Brisbane Riverwalk,After-nap short outing,Walk / Bike,New Farm / CBD,3,10-20 min,0-15km / quick local,Free-$,Afternoon,1-2h,"3-6, adult",Yes,Maybe,Medium,3.5,3,A - easy repeat,Usually easy or paid nearby; verify for peak days,Usually available nearby; verify for bushwalk/beach,Brisbane Riverwalk -> nearby cafe/park -> flexible early return,Recommended,https://www.queensland.com/au/en/places-to-see/destinations/brisbane,Generated as a practical repeatable version of the base destination.
SEQ-0878,Variant / repeatable idea,New Farm Park,After-nap short outing,Park / Playground,New Farm,4,10-20 min,0-15km / quick local,Free-$,Afternoon,1-2h,"0-3, 3-6, adult",Yes,Maybe,Medium,4.5,3,A - easy repeat,Usually easy or paid nearby; verify for peak days,Usually available nearby; verify for bushwalk/beach,New Farm Park -> nearby cafe/park -> flexible early return,Recommended,https://visit.brisbane.qld.au/inspiration/things-to-do-with-kids-in-brisbane,Generated as a practical repeatable version of the base destination.
SEQ-0879,Variant / repeatable idea,Brisbane Powerhouse,After-nap short outing,Culture + Cafe,New Farm,4,10-20 min,0-15km / quick local,Free-$,Afternoon,1-2h,"3-6, adult",Yes,Maybe,High,3.5,4,A - easy repeat,Usually easy or paid nearby; verify for peak days,Usually available nearby; verify for bushwalk/beach,Brisbane Powerhouse -> nearby cafe/park -> flexible early return,Recommended,https://brisbanepowerhouse.org/,Generated as a practical repeatable version of the base destination.
SEQ-0880,Variant / repeatable idea,James Street,After-nap short outing,Food + Shopping,Fortitude Valley,3,10-20 min,0-15km / quick local,Free-$,Afternoon,1-2h,"0-3, 3-6, adult",Yes,Maybe,High,3.5,4,A - easy repeat,Usually easy or paid nearby; verify for peak days,Usually available nearby; verify for bushwalk/beach,Shopping centre -> kids play/cinema -> easy meal,Recommended,https://jamesst.com.au/,Generated as a practical repeatable version of the base destination.
SEQ-0881,Variant / repeatable idea,Gasworks Plaza,After-nap short outing,Food + Shopping,Newstead,4,10-20 min,0-15km / quick local,Free-$,Afternoon,1-2h,"0-3, 3-6, adult",Yes,Maybe,High,3.5,4,A - easy repeat,Usually easy or paid nearby; verify for peak days,Usually available nearby; verify for bushwalk/beach,Shopping centre -> kids play/cinema -> easy meal,Recommended,https://www.gasworksplaza.com.au/,Generated as a practical repeatable version of the base destination.
SEQ-0882,Variant / repeatable idea,Newstead Park,After-nap short outing,Park / Heritage,Newstead,5,10-20 min,0-15km / quick local,Free-$,Afternoon,1-2h,"0-3, 3-6, adult",Yes,Maybe,Medium,3.5,3,A - easy repeat,Usually easy or paid nearby; verify for peak days,Usually available nearby; verify for bushwalk/beach,Newstead Park -> nearby cafe/park -> flexible early return,Recommended,https://www.brisbane.qld.gov.au/parks-and-recreation,Generated as a practical repeatable version of the base destination.
SEQ-0883,Variant / repeatable idea,Teneriffe riverfront,After-nap short outing,River Walk,Teneriffe,4,10-20 min,0-15km / quick local,Free-$,Afternoon,1-2h,"3-6, adult",Yes,Maybe,High,3.5,4,A - easy repeat,Usually easy or paid nearby; verify for peak days,Usually available nearby; verify for bushwalk/beach,Teneriffe riverfront -> nearby cafe/park -> flexible early return,Recommended,https://www.queensland.com/au/en/places-to-see/destinations/brisbane,Generated as a practical repeatable version of the base destination.
SEQ-0884,Variant / repeatable idea,Bulimba Oxford Street,After-nap short outing,Village + Food,Bulimba,6,20-35 min,0-15km / quick local,Free-$,Afternoon,1-2h,"3-6, adult",Yes,Maybe,High,3.5,5,A - easy repeat,Usually easy or paid nearby; verify for peak days,Usually available nearby; verify for bushwalk/beach,Bulimba Oxford Street -> nearby cafe/park -> flexible early return,Recommended,https://www.queensland.com/au/en/places-to-see/destinations/brisbane,Generated as a practical repeatable version of the base destination.
SEQ-0885,Variant / repeatable idea,Mowbray Park,After-nap short outing,Park / River,East Brisbane,3,10-20 min,0-15km / quick local,Free-$,Afternoon,1-2h,"0-3, 3-6, adult",Yes,Maybe,High,3.5,4,A - easy repeat,Usually easy or paid nearby; verify for peak days,Usually available nearby; verify for bushwalk/beach,Mowbray Park -> nearby cafe/park -> flexible early return,Recommended,https://www.brisbane.qld.gov.au/parks-and-recreation,Generated as a practical repeatable version of the base destination.
SEQ-0886,Variant / repeatable idea,West End Village,After-nap short outing,Food + Culture,West End,4,10-20 min,0-15km / quick local,Free-$,Afternoon,1-2h,"3-6, adult",Yes,Maybe,High,3.5,5,A - easy repeat,Usually easy or paid nearby; verify for peak days,Usually available nearby; verify for bushwalk/beach,West End Village -> nearby cafe/park -> flexible early return,Recommended,https://www.queensland.com/au/en/places-to-see/destinations/brisbane,Generated as a practical repeatable version of the base destination.
SEQ-0887,Variant / repeatable idea,Davies Park / West End Markets,After-nap short outing,Market,West End,4,10-20 min,0-15km / quick local,Free-$,Afternoon,1-2h,"0-3, 3-6, adult",Yes,Maybe,Medium,4.5,3,A - easy repeat,Usually easy or paid nearby; verify for peak days,Usually available nearby; verify for bushwalk/beach,Market breakfast -> nearby playground/park -> home before nap,Recommended,https://www.queensland.com/au/en/places-to-see/destinations/brisbane,Generated as a practical repeatable version of the base destination.
SEQ-0888,Variant / repeatable idea,Milton Markets,After-nap short outing,Market,Milton,3,10-20 min,0-15km / quick local,Free-$,Afternoon,1-2h,"0-3, 3-6, adult",Yes,Maybe,Medium,4.5,3,A - easy repeat,Usually easy or paid nearby; verify for peak days,Usually available nearby; verify for bushwalk/beach,Market breakfast -> nearby playground/park -> home before nap,Recommended,https://goodwillprojects.com.au/markets/milton/,Generated as a practical repeatable version of the base destination.
SEQ-0889,Variant / repeatable idea,Paddington Latrobe Terrace,After-nap short outing,Village + Cafe,Paddington,4,10-20 min,0-15km / quick local,Free-$,Afternoon,1-2h,"3-6, adult",Yes,Maybe,High,3.5,4,A - easy repeat,Usually easy or paid nearby; verify for peak days,Usually available nearby; verify for bushwalk/beach,Paddington Latrobe Terrace -> nearby cafe/park -> flexible early return,Recommended,https://www.queensland.com/au/en/places-to-see/destinations/brisbane,Generated as a practical repeatable version of the base destination.
SEQ-0890,Variant / repeatable idea,Suncorp Stadium precinct,After-nap short outing,Sport / Events,Milton,3,10-20 min,0-15km / quick local,Free-$,Afternoon,1-2h,"3-6, adult",Yes,Maybe,Medium,3.5,3,A - easy repeat,Usually easy or paid nearby; verify for peak days,Usually available nearby; verify for bushwalk/beach,Suncorp Stadium precinct -> nearby cafe/park -> flexible early return,Recommended,https://suncorpstadium.com.au/,Generated as a practical repeatable version of the base destination.
SEQ-0891,Variant / repeatable idea,Victoria Park / Barrambin,After-nap short outing,Park / Playground,Herston,3,10-20 min,0-15km / quick local,Free-$,Afternoon,1-2h,"0-3, 3-6, adult",Yes,Maybe,Medium,4.5,3,A - easy repeat,Usually easy or paid nearby; verify for peak days,Usually available nearby; verify for bushwalk/beach,Victoria Park / Barrambin -> nearby cafe/park -> flexible early return,Recommended,https://www.brisbane.qld.gov.au/parks-and-recreation,Generated as a practical repeatable version of the base destination.
SEQ-0892,Variant / repeatable idea,Victoria Park Bistro / Putt Putt,After-nap short outing,Mini Golf / Food,Herston,3,10-20 min,0-15km / quick local,Free-$,Afternoon,1-2h,"3-6, adult",Yes,Maybe,High,3.5,4,A - easy repeat,Usually easy or paid nearby; verify for peak days,Usually available nearby; verify for bushwalk/beach,Victoria Park Bistro / Putt Putt -> nearby cafe/park -> flexible early return,Recommended,https://victoriapark.com.au/,Generated as a practical repeatable version of the base destination.
SEQ-0893,Variant / repeatable idea,Nundah Village,After-nap short outing,Village + Food,Nundah,9,20-35 min,0-15km / quick local,Free-$,Afternoon,1-2h,"3-6, adult",Yes,Maybe,High,3.5,5,A - easy repeat,Usually easy or paid nearby; verify for peak days,Usually available nearby; verify for bushwalk/beach,Nundah Village -> nearby cafe/park -> flexible early return,Recommended,https://www.queensland.com/au/en/places-to-see/destinations/brisbane,Generated as a practical repeatable version of the base destination.
SEQ-0894,Variant / repeatable idea,Portside Wharf,After-nap short outing,River + Dining,Hamilton,8,20-35 min,0-15km / quick local,Free-$,Afternoon,1-2h,"3-6, adult",Yes,Maybe,High,3.5,4,A - easy repeat,Usually easy or paid nearby; verify for peak days,Usually available nearby; verify for bushwalk/beach,Portside Wharf -> nearby cafe/park -> flexible early return,Recommended,https://www.portsidewharf.com.au/,Generated as a practical repeatable version of the base destination.
SEQ-0895,Variant / repeatable idea,Eat Street Northshore,After-nap short outing,Night Market,Hamilton,9,20-35 min,0-15km / quick local,Free-$,Afternoon,1-2h,"0-3, 3-6, adult",Yes,Maybe,Medium,4.5,3,A - easy repeat,Usually easy or paid nearby; verify for peak days,Usually available nearby; verify for bushwalk/beach,Market breakfast -> nearby playground/park -> home before nap,Recommended,https://eatstreetnorthshore.com.au/,Generated as a practical repeatable version of the base destination.
SEQ-0896,Variant / repeatable idea,Hamilton Recreation Reserve,After-nap short outing,Park / River,Hamilton,9,20-35 min,0-15km / quick local,Free-$,Afternoon,1-2h,"0-3, 3-6, adult",Yes,Maybe,High,3.5,4,A - easy repeat,Usually easy or paid nearby; verify for peak days,Usually available nearby; verify for bushwalk/beach,Hamilton Recreation Reserve -> nearby cafe/park -> flexible early return,Recommended,https://www.brisbane.qld.gov.au/parks-and-recreation,Generated as a practical repeatable version of the base destination.
SEQ-0897,Variant / repeatable idea,Toowong Village + river loop,After-nap short outing,Shopping + River,Toowong,5,10-20 min,0-15km / quick local,Free-$,Afternoon,1-2h,"0-3, 3-6, adult",Yes,Maybe,High,3.5,4,A - easy repeat,Usually easy or paid nearby; verify for peak days,Usually available nearby; verify for bushwalk/beach,Shopping centre -> kids play/cinema -> easy meal,Recommended,https://www.queensland.com/au/en/places-to-see/destinations/brisbane,Generated as a practical repeatable version of the base destination.
SEQ-0898,Variant / repeatable idea,UQ Lakes / St Lucia campus,After-nap short outing,Walk / Picnic,St Lucia,6,20-35 min,0-15km / quick local,Free-$,Afternoon,1-2h,"3-6, adult",Yes,Maybe,Medium,3.5,3,A - easy repeat,Usually easy or paid nearby; verify for peak days,Usually available nearby; verify for bushwalk/beach,UQ Lakes / St Lucia campus -> nearby cafe/park -> flexible early return,Recommended,https://www.brisbane.qld.gov.au/parks-and-recreation,Generated as a practical repeatable version of the base destination.
SEQ-0899,Variant / repeatable idea,Indooroopilly Riverwalk,After-nap short outing,River Walk,Indooroopilly,8,20-35 min,0-15km / quick local,Free-$,Afternoon,1-2h,"3-6, adult",Yes,Maybe,High,3.5,4,A - easy repeat,Usually easy or paid nearby; verify for peak days,Usually available nearby; verify for bushwalk/beach,Indooroopilly Riverwalk -> nearby cafe/park -> flexible early return,Recommended,https://www.brisbane.qld.gov.au/parks-and-recreation,Generated as a practical repeatable version of the base destination.
SEQ-0900,Variant / repeatable idea,Indooroopilly Shopping Centre,After-nap short outing,Shopping / Indoor,Indooroopilly,8,20-35 min,0-15km / quick local,Free-$,Afternoon,1-2h,"0-3, 3-6, adult",Yes,Maybe,Medium,4.5,3,A - easy repeat,Usually easy or paid nearby; verify for peak days,Usually available nearby; verify for bushwalk/beach,Shopping centre -> kids play/cinema -> easy meal,Recommended,https://www.indooroopillyshopping.com.au/,Generated as a practical repeatable version of the base destination.
SEQ-0901,Variant / repeatable idea,Brisbane Botanic Gardens Mt Coot-tha,After-nap short outing,Botanic Garden,Mt Coot-tha,8,20-35 min,0-15km / quick local,Free-$,Afternoon,1-2h,"0-3, 3-6, adult",Yes,Maybe,High,3.5,4,A - easy repeat,Usually easy or paid nearby; verify for peak days,Usually available nearby; verify for bushwalk/beach,Mt Coot-tha Lookout -> Botanic Gardens -> Toowong/Paddington meal,Recommended,https://www.brisbane.qld.gov.au/parks-and-recreation,Generated as a practical repeatable version of the base destination.
SEQ-0902,Variant / repeatable idea,Mt Coot-tha Lookout,After-nap short outing,Lookout,Mt Coot-tha,8,20-35 min,0-15km / quick local,Free-$,Afternoon,1-2h,"3-6, adult",Yes,Maybe,High,3.5,4,A - easy repeat,Usually easy or paid nearby; verify for peak days,Usually available nearby; verify for bushwalk/beach,Mt Coot-tha Lookout -> Botanic Gardens -> Toowong/Paddington meal,Recommended,https://www.queensland.com/au/en/places-to-see/destinations/brisbane,Generated as a practical repeatable version of the base destination.
SEQ-0903,Variant / repeatable idea,JC Slaughter Falls,After-nap short outing,Bushwalk / Picnic,Mt Coot-tha,9,20-35 min,0-15km / quick local,Free-$,Afternoon,1-2h,"3-6+, adult",Yes,Maybe,Medium,3.5,3,A - easy repeat,Usually easy or paid nearby; verify for peak days,Usually available nearby; verify for bushwalk/beach,JC Slaughter Falls -> nearby cafe/park -> flexible early return,Recommended,https://www.brisbane.qld.gov.au/parks-and-recreation,Generated as a practical repeatable version of the base destination.
SEQ-0904,Variant / repeatable idea,Simpson Falls Track,After-nap short outing,Bushwalk,Mt Coot-tha,10,20-35 min,0-15km / quick local,Free-$,Afternoon,1-2h,"3-6+, adult",Yes,Maybe,Medium,3.5,3,A - easy repeat,Usually easy or paid nearby; verify for peak days,Usually available nearby; verify for bushwalk/beach,Simpson Falls Track -> nearby cafe/park -> flexible early return,Recommended,https://www.brisbane.qld.gov.au/parks-and-recreation,Generated as a practical repeatable version of the base destination.
SEQ-0905,Variant / repeatable idea,Anzac Park,After-nap short outing,Park / Playground,Toowong,6,20-35 min,0-15km / quick local,Free-$,Afternoon,1-2h,"0-3, 3-6, adult",Yes,Maybe,Medium,4.5,3,A - easy repeat,Usually easy or paid nearby; verify for peak days,Usually available nearby; verify for bushwalk/beach,Anzac Park -> nearby cafe/park -> flexible early return,Recommended,https://www.brisbane.qld.gov.au/parks-and-recreation,Generated as a practical repeatable version of the base destination.
SEQ-0906,Variant / repeatable idea,Sherwood Arboretum,After-nap short outing,Park / River,Sherwood,11,20-35 min,0-15km / quick local,Free-$,Afternoon,1-2h,"0-3, 3-6, adult",Yes,Maybe,High,3.5,4,A - easy repeat,Usually easy or paid nearby; verify for peak days,Usually available nearby; verify for bushwalk/beach,Sherwood Arboretum -> nearby cafe/park -> flexible early return,Recommended,https://www.brisbane.qld.gov.au/parks-and-recreation,Generated as a practical repeatable version of the base destination.
SEQ-0907,Variant / repeatable idea,Rocks Riverside Park,After-nap short outing,Park / Playground,Seventeen Mile Rocks,14,20-35 min,0-15km / quick local,Free-$,Afternoon,1-2h,"0-3, 3-6, adult",Yes,Maybe,Medium,4.5,3,A - easy repeat,Usually easy or paid nearby; verify for peak days,Usually available nearby; verify for bushwalk/beach,Rocks Riverside Park -> nearby cafe/park -> flexible early return,Recommended,https://www.brisbane.qld.gov.au/parks-and-recreation,Generated as a practical repeatable version of the base destination.
SEQ-0908,Variant / repeatable idea,Kalinga Park,After-nap short outing,Park / Playground,Clayfield,8,20-35 min,0-15km / quick local,Free-$,Afternoon,1-2h,"0-3, 3-6, adult",Yes,Maybe,Medium,4.5,3,A - easy repeat,Usually easy or paid nearby; verify for peak days,Usually available nearby; verify for bushwalk/beach,Kalinga Park -> nearby cafe/park -> flexible early return,Recommended,https://www.brisbane.qld.gov.au/parks-and-recreation,Generated as a practical repeatable version of the base destination.
SEQ-0909,Variant / repeatable idea,Kedron Brook Bikeway,After-nap short outing,Bike / Walk,Kedron / Grange,8,20-35 min,0-15km / quick local,Free-$,Afternoon,1-2h,"3-6, adult",Yes,Maybe,Medium,3.5,3,A - easy repeat,Usually easy or paid nearby; verify for peak days,Usually available nearby; verify for bushwalk/beach,Kedron Brook Bikeway -> nearby cafe/park -> flexible early return,Recommended,https://www.brisbane.qld.gov.au/parks-and-recreation,Generated as a practical repeatable version of the base destination.
SEQ-0910,Variant / repeatable idea,7th Brigade Park,After-nap short outing,Park / Playground,Chermside,11,20-35 min,0-15km / quick local,Free-$,Afternoon,1-2h,"0-3, 3-6, adult",Yes,Maybe,Medium,4.5,3,A - easy repeat,Usually easy or paid nearby; verify for peak days,Usually available nearby; verify for bushwalk/beach,7th Brigade Park -> nearby cafe/park -> flexible early return,Recommended,https://www.brisbane.qld.gov.au/parks-and-recreation,Generated as a practical repeatable version of the base destination.
SEQ-0911,Variant / repeatable idea,Boondall Wetlands,After-nap short outing,Wetland / Wildlife,Boondall,18,30-50 min,15-30km / easy half-day,Free-$,Afternoon,1-2h,"0-3, 3-6, adult",Yes,Maybe,Medium,4.5,3,A - easy repeat,Usually easy or paid nearby; verify for peak days,Usually available nearby; verify for bushwalk/beach,Boondall Wetlands -> nearby cafe/park -> flexible early return,Recommended,https://www.brisbane.qld.gov.au/parks-and-recreation,Generated as a practical repeatable version of the base destination.
SEQ-0912,Variant / repeatable idea,Nudgee Beach Reserve,After-nap short outing,Beach / Wetland,Nudgee Beach,18,30-50 min,15-30km / easy half-day,Free-$,Afternoon,1-2h,"0-3, 3-6, adult",Yes,Maybe,High,4.5,4,A - easy repeat,Usually easy or paid nearby; verify for peak days,Usually available nearby; verify for bushwalk/beach,Nudgee Beach Reserve -> nearby cafe/park -> flexible early return,Recommended,https://www.brisbane.qld.gov.au/parks-and-recreation,Generated as a practical repeatable version of the base destination.
SEQ-0913,Variant / repeatable idea,Minnippi Parklands,After-nap short outing,Park / Lake,Carina,12,20-35 min,0-15km / quick local,Free-$,Afternoon,1-2h,"0-3, 3-6, adult",Yes,Maybe,Medium,3.5,3,A - easy repeat,Usually easy or paid nearby; verify for peak days,Usually available nearby; verify for bushwalk/beach,Minnippi Parklands -> nearby cafe/park -> flexible early return,Recommended,https://www.brisbane.qld.gov.au/parks-and-recreation,Generated as a practical repeatable version of the base destination.
SEQ-0914,Variant / repeatable idea,Whites Hill Reserve,After-nap short outing,Bushland,Camp Hill,9,20-35 min,0-15km / quick local,Free-$,Afternoon,1-2h,"3-6, adult",Yes,Maybe,Medium,3.5,3,A - easy repeat,Usually easy or paid nearby; verify for peak days,Usually available nearby; verify for bushwalk/beach,Whites Hill Reserve -> nearby cafe/park -> flexible early return,Recommended,https://www.brisbane.qld.gov.au/parks-and-recreation,Generated as a practical repeatable version of the base destination.
SEQ-0915,Variant / repeatable idea,Toohey Forest,After-nap short outing,Bushland,Nathan,12,20-35 min,0-15km / quick local,Free-$,Afternoon,1-2h,"3-6, adult",Yes,Maybe,Medium,3.5,3,A - easy repeat,Usually easy or paid nearby; verify for peak days,Usually available nearby; verify for bushwalk/beach,Toohey Forest -> nearby cafe/park -> flexible early return,Recommended,https://www.brisbane.qld.gov.au/parks-and-recreation,Generated as a practical repeatable version of the base destination.
SEQ-0916,Variant / repeatable idea,Karawatha Forest Discovery Centre,After-nap short outing,Bushland / Education,Karawatha,22,30-50 min,15-30km / easy half-day,Free-$,Afternoon,1-2h,"3-6, adult",Yes,Maybe,Medium,3.5,3,A - easy repeat,Usually easy or paid nearby; verify for peak days,Usually available nearby; verify for bushwalk/beach,Karawatha Forest Discovery Centre -> nearby cafe/park -> flexible early return,Recommended,https://www.brisbane.qld.gov.au/parks-and-recreation,Generated as a practical repeatable version of the base destination.
SEQ-0917,Variant / repeatable idea,Oxley Creek Common,After-nap short outing,Wetland / Birding,Rocklea,12,20-35 min,0-15km / quick local,Free-$,Afternoon,1-2h,"3-6, adult",Yes,Maybe,Medium,3.5,3,A - easy repeat,Usually easy or paid nearby; verify for peak days,Usually available nearby; verify for bushwalk/beach,Oxley Creek Common -> nearby cafe/park -> flexible early return,Recommended,https://www.brisbane.qld.gov.au/parks-and-recreation,Generated as a practical repeatable version of the base destination.
SEQ-0918,Variant / repeatable idea,Archerfield Wetlands,After-nap short outing,Wetland / Park,Archerfield,13,20-35 min,0-15km / quick local,Free-$,Afternoon,1-2h,"0-3, 3-6, adult",Yes,Maybe,Medium,3.5,3,A - easy repeat,Usually easy or paid nearby; verify for peak days,Usually available nearby; verify for bushwalk/beach,Archerfield Wetlands -> nearby cafe/park -> flexible early return,Recommended,https://www.brisbane.qld.gov.au/parks-and-recreation,Generated as a practical repeatable version of the base destination.
SEQ-0919,Variant / repeatable idea,Teralba Park,After-nap short outing,Park / Playground,Everton Park,9,20-35 min,0-15km / quick local,Free-$,Afternoon,1-2h,"0-3, 3-6, adult",Yes,Maybe,Medium,4.5,3,A - easy repeat,Usually easy or paid nearby; verify for peak days,Usually available nearby; verify for bushwalk/beach,Teralba Park -> nearby cafe/park -> flexible early return,Recommended,https://www.brisbane.qld.gov.au/parks-and-recreation,Generated as a practical repeatable version of the base destination.
SEQ-0920,Variant / repeatable idea,Keperra Bushland,After-nap short outing,Bushwalk,Keperra,11,20-35 min,0-15km / quick local,Free-$,Afternoon,1-2h,"3-6+, adult",Yes,Maybe,Medium,3.5,3,A - easy repeat,Usually easy or paid nearby; verify for peak days,Usually available nearby; verify for bushwalk/beach,Keperra Bushland -> nearby cafe/park -> flexible early return,Recommended,https://www.brisbane.qld.gov.au/parks-and-recreation,Generated as a practical repeatable version of the base destination.
SEQ-0921,Variant / repeatable idea,Downfall Creek Bushland Centre,After-nap short outing,Nature Education,Chermside West,13,20-35 min,0-15km / quick local,Free-$,Afternoon,1-2h,"3-6, adult",Yes,Maybe,Medium,3.5,3,A - easy repeat,Usually easy or paid nearby; verify for peak days,Usually available nearby; verify for bushwalk/beach,Downfall Creek Bushland Centre -> nearby cafe/park -> flexible early return,Recommended,https://www.brisbane.qld.gov.au/parks-and-recreation,Generated as a practical repeatable version of the base destination.
SEQ-0922,Variant / repeatable idea,Bunyaville Conservation Park,After-nap short outing,Bushland,Bunya,18,30-50 min,15-30km / easy half-day,Free-$,Afternoon,1-2h,"3-6, adult",Yes,Maybe,Medium,3.5,3,A - easy repeat,Usually easy or paid nearby; verify for peak days,Usually available nearby; verify for bushwalk/beach,Bunyaville Conservation Park -> nearby cafe/park -> flexible early return,Recommended,https://parks.desi.qld.gov.au/parks,Generated as a practical repeatable version of the base destination.
SEQ-0923,Variant / repeatable idea,Walkabout Creek Discovery Centre,After-nap short outing,Nature / Wildlife,The Gap,14,20-35 min,0-15km / quick local,Free-$,Afternoon,1-2h,"0-3, 3-6, adult",Yes,Maybe,Medium,4.5,3,A - easy repeat,Usually easy or paid nearby; verify for peak days,Usually available nearby; verify for bushwalk/beach,Walkabout Creek Discovery Centre -> nearby cafe/park -> flexible early return,Recommended,https://parks.desi.qld.gov.au/parks,Generated as a practical repeatable version of the base destination.
SEQ-0924,Variant / repeatable idea,Enoggera Reservoir,After-nap short outing,Lake / Picnic,The Gap,14,20-35 min,0-15km / quick local,Free-$,Afternoon,1-2h,"3-6, adult",Yes,Maybe,Medium,3.5,3,A - easy repeat,Usually easy or paid nearby; verify for peak days,Usually available nearby; verify for bushwalk/beach,Enoggera Reservoir -> nearby cafe/park -> flexible early return,Recommended,https://parks.desi.qld.gov.au/parks,Generated as a practical repeatable version of the base destination.
SEQ-0925,Variant / repeatable idea,Daisy Hill Conservation Park,After-nap short outing,Koala / Bushland,Daisy Hill,29,30-50 min,15-30km / easy half-day,Free-$,Afternoon,1-2h,"3-6, adult",Yes,Maybe,Medium,3.5,3,A - easy repeat,Usually easy or paid nearby; verify for peak days,Usually available nearby; verify for bushwalk/beach,Daisy Hill Conservation Park -> nearby cafe/park -> flexible early return,Recommended,https://parks.desi.qld.gov.au/parks,Generated as a practical repeatable version of the base destination.
SEQ-0926,Variant / repeatable idea,Daisy Hill Koala Centre,After-nap short outing,Wildlife / Free,Daisy Hill,29,30-50 min,15-30km / easy half-day,Free-$,Afternoon,1-2h,"0-3, 3-6, adult",Yes,Maybe,Medium,4.5,3,A - easy repeat,Usually easy or paid nearby; verify for peak days,Usually available nearby; verify for bushwalk/beach,Daisy Hill Koala Centre -> nearby cafe/park -> flexible early return,Recommended,https://parks.desi.qld.gov.au/parks,Generated as a practical repeatable version of the base destination.
SEQ-0927,Variant / repeatable idea,Underwood Park,After-nap short outing,Park / Playground,Priestdale,23,30-50 min,15-30km / easy half-day,Free-$,Afternoon,1-2h,"0-3, 3-6, adult",Yes,Maybe,Medium,4.5,3,A - easy repeat,Usually easy or paid nearby; verify for peak days,Usually available nearby; verify for bushwalk/beach,Underwood Park -> nearby cafe/park -> flexible early return,Recommended,https://www.brisbane.qld.gov.au/parks-and-recreation,Generated as a practical repeatable version of the base destination.
SEQ-0928,Variant / repeatable idea,Wishart Community Park,After-nap short outing,Park / Playground,Wishart,15,20-35 min,0-15km / quick local,Free-$,Afternoon,1-2h,"0-3, 3-6, adult",Yes,Maybe,Medium,4.5,3,A - easy repeat,Usually easy or paid nearby; verify for peak days,Usually available nearby; verify for bushwalk/beach,Wishart Community Park -> nearby cafe/park -> flexible early return,Recommended,https://www.brisbane.qld.gov.au/parks-and-recreation,Generated as a practical repeatable version of the base destination.
SEQ-0929,Variant / repeatable idea,Calamvale District Park,After-nap short outing,Park / Playground,Calamvale,20,30-50 min,15-30km / easy half-day,Free-$,Afternoon,1-2h,"0-3, 3-6, adult",Yes,Maybe,Medium,4.5,3,A - easy repeat,Usually easy or paid nearby; verify for peak days,Usually available nearby; verify for bushwalk/beach,Calamvale District Park -> nearby cafe/park -> flexible early return,Recommended,https://www.brisbane.qld.gov.au/parks-and-recreation,Generated as a practical repeatable version of the base destination.
SEQ-0930,Variant / repeatable idea,Robelle Domain,After-nap short outing,Park / Water Play,Springfield Central,30,30-50 min,15-30km / easy half-day,Free-$,Afternoon,1-2h,"0-3, 3-6, adult",Yes,Maybe,Medium,4.5,3,A - easy repeat,Usually easy or paid nearby; verify for peak days,Usually available nearby; verify for bushwalk/beach,Robelle Domain -> nearby cafe/park -> flexible early return,Recommended,https://www.discoveripswich.com.au/,Generated as a practical repeatable version of the base destination.
SEQ-0931,Variant / repeatable idea,Orion Lagoon,After-nap short outing,Water Play,Springfield Central,30,30-50 min,15-30km / easy half-day,Free-$,Afternoon,1-2h,"0-3, 3-6, adult",Yes,Maybe,Medium,4.5,3,A - easy repeat,Usually easy or paid nearby; verify for peak days,Usually available nearby; verify for bushwalk/beach,Orion Lagoon -> nearby cafe/park -> flexible early return,Recommended,https://www.discoveripswich.com.au/,Generated as a practical repeatable version of the base destination.
SEQ-0932,Variant / repeatable idea,Kholo Gardens,After-nap short outing,Garden / Picnic,Ipswich,28,30-50 min,15-30km / easy half-day,Free-$,Afternoon,1-2h,"0-3, 3-6, adult",Yes,Maybe,High,3.5,4,A - easy repeat,Usually easy or paid nearby; verify for peak days,Usually available nearby; verify for bushwalk/beach,Queens Park -> Ipswich Nature Centre -> Ipswich Art Gallery/rail museum,Recommended,https://www.discoveripswich.com.au/,Generated as a practical repeatable version of the base destination.
SEQ-0933,Variant / repeatable idea,Colleges Crossing Recreation Reserve,After-nap short outing,River / Picnic,Chuwar,32,45-70 min,30-60km / half-day to day,Free-$,Afternoon,1-2h,"3-6, adult",Yes,Maybe,High,3.5,4,B - planned day,Usually easy or paid nearby; verify for peak days,Usually available nearby; verify for bushwalk/beach,Colleges Crossing Recreation Reserve -> nearby cafe/park -> flexible early return,Recommended,https://www.discoveripswich.com.au/,Generated as a practical repeatable version of the base destination.
SEQ-0934,Variant / repeatable idea,Queens Park Ipswich,After-nap short outing,Park / Zoo,Ipswich,40,45-70 min,30-60km / half-day to day,Free-$,Afternoon,1-2h,"0-3, 3-6, adult",Yes,Maybe,Medium,4.5,3,B - planned day,Usually easy or paid nearby; verify for peak days,Usually available nearby; verify for bushwalk/beach,Queens Park -> Ipswich Nature Centre -> Ipswich Art Gallery/rail museum,Recommended,https://www.discoveripswich.com.au/,Generated as a practical repeatable version of the base destination.
SEQ-0935,Variant / repeatable idea,Ipswich Nature Centre,After-nap short outing,Wildlife / Free,Ipswich,40,45-70 min,30-60km / half-day to day,Free-$,Afternoon,1-2h,"0-3, 3-6, adult",Yes,Maybe,Medium,4.5,3,B - planned day,Usually easy or paid nearby; verify for peak days,Usually available nearby; verify for bushwalk/beach,Queens Park -> Ipswich Nature Centre -> Ipswich Art Gallery/rail museum,Recommended,https://www.discoveripswich.com.au/,Generated as a practical repeatable version of the base destination.
SEQ-0936,Variant / repeatable idea,Denmark Hill Conservation Reserve,After-nap short outing,Bushwalk,Ipswich,40,45-70 min,30-60km / half-day to day,Free-$,Afternoon,1-2h,"3-6+, adult",Yes,Maybe,Medium,3.5,3,B - planned day,Usually easy or paid nearby; verify for peak days,Usually available nearby; verify for bushwalk/beach,Queens Park -> Ipswich Nature Centre -> Ipswich Art Gallery/rail museum,Recommended,https://www.discoveripswich.com.au/,Generated as a practical repeatable version of the base destination.
SEQ-0937,Variant / repeatable idea,Nerima Gardens,After-nap short outing,Japanese Garden,Ipswich,40,45-70 min,30-60km / half-day to day,Free-$,Afternoon,1-2h,"0-3, 3-6, adult",Yes,Maybe,High,3.5,4,B - planned day,Usually easy or paid nearby; verify for peak days,Usually available nearby; verify for bushwalk/beach,Queens Park -> Ipswich Nature Centre -> Ipswich Art Gallery/rail museum,Recommended,https://www.discoveripswich.com.au/,Generated as a practical repeatable version of the base destination.
SEQ-0938,Variant / repeatable idea,Eagleby Wetlands,After-nap short outing,Wetland / Birding,Eagleby,36,45-70 min,30-60km / half-day to day,Free-$,Afternoon,1-2h,"3-6, adult",Yes,Maybe,Medium,3.5,3,B - planned day,Usually easy or paid nearby; verify for peak days,Usually available nearby; verify for bushwalk/beach,Eagleby Wetlands -> nearby cafe/park -> flexible early return,Recommended,https://www.logan.qld.gov.au/,Generated as a practical repeatable version of the base destination.
SEQ-0939,Variant / repeatable idea,Berrinba Wetlands,After-nap short outing,Wetland / Walk,Berrinba,27,30-50 min,15-30km / easy half-day,Free-$,Afternoon,1-2h,"3-6, adult",Yes,Maybe,Medium,3.5,3,A - easy repeat,Usually easy or paid nearby; verify for peak days,Usually available nearby; verify for bushwalk/beach,Berrinba Wetlands -> nearby cafe/park -> flexible early return,Recommended,https://www.logan.qld.gov.au/,Generated as a practical repeatable version of the base destination.
SEQ-0940,Variant / repeatable idea,Logan Gardens,After-nap short outing,Park / Water Play,Logan Central,26,30-50 min,15-30km / easy half-day,Free-$,Afternoon,1-2h,"0-3, 3-6, adult",Yes,Maybe,Medium,4.5,3,A - easy repeat,Usually easy or paid nearby; verify for peak days,Usually available nearby; verify for bushwalk/beach,Logan Gardens -> nearby cafe/park -> flexible early return,Recommended,https://www.logan.qld.gov.au/,Generated as a practical repeatable version of the base destination.
SEQ-0941,Variant / repeatable idea,Alexander Clark Park,After-nap short outing,Park / River,Loganholme,29,30-50 min,15-30km / easy half-day,Free-$,Afternoon,1-2h,"0-3, 3-6, adult",Yes,Maybe,High,3.5,4,A - easy repeat,Usually easy or paid nearby; verify for peak days,Usually available nearby; verify for bushwalk/beach,Alexander Clark Park -> nearby cafe/park -> flexible early return,Recommended,https://www.logan.qld.gov.au/,Generated as a practical repeatable version of the base destination.
SEQ-0942,Variant / repeatable idea,Mayes Cottage,After-nap short outing,Heritage,Kingston,24,30-50 min,15-30km / easy half-day,Free-$,Afternoon,1-2h,"3-6, adult",Yes,Maybe,Medium,3.5,3,A - easy repeat,Usually easy or paid nearby; verify for peak days,Usually available nearby; verify for bushwalk/beach,Mayes Cottage -> nearby cafe/park -> flexible early return,Recommended,https://www.logan.qld.gov.au/,Generated as a practical repeatable version of the base destination.
SEQ-0943,Variant / repeatable idea,Redland Bay Foreshore,After-nap short outing,Coast / Picnic,Redland Bay,45,45-70 min,30-60km / half-day to day,Free-$,Afternoon,1-2h,"3-6, adult",Yes,Maybe,High,3.5,4,B - planned day,Usually easy or paid nearby; verify for peak days,Usually available nearby; verify for bushwalk/beach,Redland Bay Foreshore -> nearby cafe/park -> flexible early return,Recommended,https://www.visitredlandscoast.com.au/,Generated as a practical repeatable version of the base destination.
SEQ-0944,Variant / repeatable idea,Wellington Point Reserve,After-nap short outing,Beach / Sandbar,Wellington Point,28,30-50 min,15-30km / easy half-day,Free-$,Afternoon,1-2h,"0-3, 3-6, adult",Yes,Maybe,High,4.5,4,A - easy repeat,Usually easy or paid nearby; verify for peak days,Usually available nearby; verify for bushwalk/beach,Wellington Point Reserve -> nearby cafe/park -> flexible early return,Recommended,https://www.visitredlandscoast.com.au/,Generated as a practical repeatable version of the base destination.
SEQ-0945,Variant / repeatable idea,Cleveland Point Reserve,After-nap short outing,Coast / Lighthouse,Cleveland,30,30-50 min,15-30km / easy half-day,Free-$,Afternoon,1-2h,"3-6, adult",Yes,Maybe,High,3.5,4,A - easy repeat,Usually easy or paid nearby; verify for peak days,Usually available nearby; verify for bushwalk/beach,Cleveland Point Reserve -> nearby cafe/park -> flexible early return,Recommended,https://www.visitredlandscoast.com.au/,Generated as a practical repeatable version of the base destination.
SEQ-0946,Variant / repeatable idea,Raby Bay Harbour Park,After-nap short outing,Harbour / Food,Cleveland,30,30-50 min,15-30km / easy half-day,Free-$,Afternoon,1-2h,"3-6, adult",Yes,Maybe,High,3.5,4,A - easy repeat,Usually easy or paid nearby; verify for peak days,Usually available nearby; verify for bushwalk/beach,Raby Bay Harbour Park -> nearby cafe/park -> flexible early return,Recommended,https://www.visitredlandscoast.com.au/,Generated as a practical repeatable version of the base destination.
SEQ-0947,Variant / repeatable idea,Victoria Point Lakeside,After-nap short outing,Food + Lake,Victoria Point,35,45-70 min,30-60km / half-day to day,Free-$,Afternoon,1-2h,"3-6, adult",Yes,Maybe,High,3.5,4,B - planned day,Usually easy or paid nearby; verify for peak days,Usually available nearby; verify for bushwalk/beach,Victoria Point Lakeside -> nearby cafe/park -> flexible early return,Recommended,https://www.visitredlandscoast.com.au/,Generated as a practical repeatable version of the base destination.
SEQ-0948,Variant / repeatable idea,Capalaba Regional Park,After-nap short outing,Park / Playground,Capalaba,23,30-50 min,15-30km / easy half-day,Free-$,Afternoon,1-2h,"0-3, 3-6, adult",Yes,Maybe,Medium,4.5,3,A - easy repeat,Usually easy or paid nearby; verify for peak days,Usually available nearby; verify for bushwalk/beach,Capalaba Regional Park -> nearby cafe/park -> flexible early return,Recommended,https://www.visitredlandscoast.com.au/,Generated as a practical repeatable version of the base destination.
SEQ-0949,Variant / repeatable idea,Scribbly Gums Conservation Area,After-nap short outing,Bushland,Alexandra Hills,28,30-50 min,15-30km / easy half-day,Free-$,Afternoon,1-2h,"3-6, adult",Yes,Maybe,Medium,3.5,3,A - easy repeat,Usually easy or paid nearby; verify for peak days,Usually available nearby; verify for bushwalk/beach,Scribbly Gums Conservation Area -> nearby cafe/park -> flexible early return,Recommended,https://www.visitredlandscoast.com.au/,Generated as a practical repeatable version of the base destination.
SEQ-0950,Variant / repeatable idea,IndigiScapes Centre,After-nap short outing,Nature Education,Capalaba,24,30-50 min,15-30km / easy half-day,Free-$,Afternoon,1-2h,"3-6, adult",Yes,Maybe,Medium,3.5,3,A - easy repeat,Usually easy or paid nearby; verify for peak days,Usually available nearby; verify for bushwalk/beach,IndigiScapes Centre -> nearby cafe/park -> flexible early return,Recommended,https://www.visitredlandscoast.com.au/,Generated as a practical repeatable version of the base destination.
SEQ-0951,Variant / repeatable idea,Redcliffe Jetty,After-nap short outing,Coast / Jetty,Redcliffe,35,45-70 min,30-60km / half-day to day,Free-$,Afternoon,1-2h,"3-6, adult",Yes,Maybe,High,3.5,4,B - planned day,Usually easy or paid nearby; verify for peak days,Usually available nearby; verify for bushwalk/beach,Redcliffe Jetty -> Settlement Cove/Suttons Beach -> Scarborough sunset,Recommended,https://www.queensland.com/au/en/places-to-see/destinations/brisbane/moreton-bay,Generated as a practical repeatable version of the base destination.
SEQ-0952,Variant / repeatable idea,Settlement Cove Lagoon,After-nap short outing,Water Play,Redcliffe,35,45-70 min,30-60km / half-day to day,Free-$,Afternoon,1-2h,"0-3, 3-6, adult",Yes,Maybe,Medium,4.5,3,B - planned day,Usually easy or paid nearby; verify for peak days,Usually available nearby; verify for bushwalk/beach,Redcliffe Jetty -> Settlement Cove/Suttons Beach -> Scarborough sunset,Recommended,https://www.queensland.com/au/en/places-to-see/destinations/brisbane/moreton-bay,Generated as a practical repeatable version of the base destination.
SEQ-0953,Variant / repeatable idea,Suttons Beach,After-nap short outing,Beach,Redcliffe,35,45-70 min,30-60km / half-day to day,Free-$,Afternoon,1-2h,"0-3, 3-6, adult",Yes,Maybe,High,4.5,4,B - planned day,Usually easy or paid nearby; verify for peak days,Usually available nearby; verify for bushwalk/beach,Redcliffe Jetty -> Settlement Cove/Suttons Beach -> Scarborough sunset,Recommended,https://www.queensland.com/au/en/places-to-see/destinations/brisbane/moreton-bay,Generated as a practical repeatable version of the base destination.
SEQ-0954,Variant / repeatable idea,Margate Beach,After-nap short outing,Beach / Walk,Margate,35,45-70 min,30-60km / half-day to day,Free-$,Afternoon,1-2h,"0-3, 3-6, adult",Yes,Maybe,High,4.5,4,B - planned day,Usually easy or paid nearby; verify for peak days,Usually available nearby; verify for bushwalk/beach,Margate Beach -> nearby cafe/park -> flexible early return,Recommended,https://www.queensland.com/au/en/places-to-see/destinations/brisbane/moreton-bay,Generated as a practical repeatable version of the base destination.
SEQ-0955,Variant / repeatable idea,Woody Point Jetty,After-nap short outing,Jetty / Sunset,Woody Point,32,45-70 min,30-60km / half-day to day,Free-$,Afternoon,1-2h,"3-6, adult",Yes,Maybe,Medium,3.5,3,B - planned day,Usually easy or paid nearby; verify for peak days,Usually available nearby; verify for bushwalk/beach,Woody Point Jetty -> nearby cafe/park -> flexible early return,Recommended,https://www.queensland.com/au/en/places-to-see/destinations/brisbane/moreton-bay,Generated as a practical repeatable version of the base destination.
SEQ-0956,Variant / repeatable idea,Scarborough Beach Park,After-nap short outing,Beach / Playground,Scarborough,39,45-70 min,30-60km / half-day to day,Free-$,Afternoon,1-2h,"0-3, 3-6, adult",Yes,Maybe,High,5,4,B - planned day,Usually easy or paid nearby; verify for peak days,Usually available nearby; verify for bushwalk/beach,Redcliffe Jetty -> Settlement Cove/Suttons Beach -> Scarborough sunset,Recommended,https://www.queensland.com/au/en/places-to-see/destinations/brisbane/moreton-bay,Generated as a practical repeatable version of the base destination.
SEQ-0957,Variant / repeatable idea,Queens Beach North,After-nap short outing,Beach,Scarborough,40,45-70 min,30-60km / half-day to day,Free-$,Afternoon,1-2h,"0-3, 3-6, adult",Yes,Maybe,High,4.5,4,B - planned day,Usually easy or paid nearby; verify for peak days,Usually available nearby; verify for bushwalk/beach,Queens Beach North -> nearby cafe/park -> flexible early return,Recommended,https://www.queensland.com/au/en/places-to-see/destinations/brisbane/moreton-bay,Generated as a practical repeatable version of the base destination.
SEQ-0958,Variant / repeatable idea,Shorncliffe Pier,After-nap short outing,Coast / Pier,Shorncliffe,22,30-50 min,15-30km / easy half-day,Free-$,Afternoon,1-2h,"3-6, adult",Yes,Maybe,High,3.5,4,A - easy repeat,Usually easy or paid nearby; verify for peak days,Usually available nearby; verify for bushwalk/beach,Shorncliffe Pier -> nearby cafe/park -> flexible early return,Recommended,https://www.brisbane.qld.gov.au/parks-and-recreation,Generated as a practical repeatable version of the base destination.
SEQ-0959,Variant / repeatable idea,Sandgate Foreshore,After-nap short outing,Coast / Walk,Sandgate,21,30-50 min,15-30km / easy half-day,Free-$,Afternoon,1-2h,"3-6, adult",Yes,Maybe,High,3.5,4,A - easy repeat,Usually easy or paid nearby; verify for peak days,Usually available nearby; verify for bushwalk/beach,Sandgate Foreshore -> nearby cafe/park -> flexible early return,Recommended,https://www.brisbane.qld.gov.au/parks-and-recreation,Generated as a practical repeatable version of the base destination.
SEQ-0960,Variant / repeatable idea,Brighton Foreshore,After-nap short outing,Coast / Walk,Brighton,22,30-50 min,15-30km / easy half-day,Free-$,Afternoon,1-2h,"3-6, adult",Yes,Maybe,High,3.5,4,A - easy repeat,Usually easy or paid nearby; verify for peak days,Usually available nearby; verify for bushwalk/beach,Brighton Foreshore -> nearby cafe/park -> flexible early return,Recommended,https://www.brisbane.qld.gov.au/parks-and-recreation,Generated as a practical repeatable version of the base destination.
SEQ-0961,Variant / repeatable idea,Tinchi Tamba Wetlands,After-nap short outing,Wetland,Bald Hills,19,30-50 min,15-30km / easy half-day,Free-$,Afternoon,1-2h,"3-6, adult",Yes,Maybe,Medium,3.5,3,A - easy repeat,Usually easy or paid nearby; verify for peak days,Usually available nearby; verify for bushwalk/beach,Tinchi Tamba Wetlands -> nearby cafe/park -> flexible early return,Recommended,https://www.brisbane.qld.gov.au/parks-and-recreation,Generated as a practical repeatable version of the base destination.
SEQ-0962,Variant / repeatable idea,Pine Rivers Park,After-nap short outing,Park / Playground,Strathpine,24,30-50 min,15-30km / easy half-day,Free-$,Afternoon,1-2h,"0-3, 3-6, adult",Yes,Maybe,Medium,4.5,3,A - easy repeat,Usually easy or paid nearby; verify for peak days,Usually available nearby; verify for bushwalk/beach,Pine Rivers Park -> nearby cafe/park -> flexible early return,Recommended,https://www.visitmoretonbay.com.au/,Generated as a practical repeatable version of the base destination.
SEQ-0963,Variant / repeatable idea,Lake Eden,After-nap short outing,Lake / Walk,North Lakes,28,30-50 min,15-30km / easy half-day,Free-$,Afternoon,1-2h,"3-6, adult",Yes,Maybe,Medium,3.5,3,A - easy repeat,Usually easy or paid nearby; verify for peak days,Usually available nearby; verify for bushwalk/beach,Lake Eden -> nearby cafe/park -> flexible early return,Recommended,https://www.visitmoretonbay.com.au/,Generated as a practical repeatable version of the base destination.
SEQ-0964,Variant / repeatable idea,North Lakes Westfield / Event Cinemas,After-nap short outing,Shopping / Indoor,North Lakes,28,30-50 min,15-30km / easy half-day,Free-$,Afternoon,1-2h,"0-3, 3-6, adult",Yes,Maybe,Medium,4.5,3,A - easy repeat,Usually easy or paid nearby; verify for peak days,Usually available nearby; verify for bushwalk/beach,Shopping centre -> kids play/cinema -> easy meal,Recommended,https://www.visitmoretonbay.com.au/,Generated as a practical repeatable version of the base destination.
SEQ-0965,Variant / repeatable idea,Osprey House Environmental Centre,After-nap short outing,Nature Education,Griffin,26,30-50 min,15-30km / easy half-day,Free-$,Afternoon,1-2h,"3-6, adult",Yes,Maybe,Medium,3.5,3,A - easy repeat,Usually easy or paid nearby; verify for peak days,Usually available nearby; verify for bushwalk/beach,Osprey House Environmental Centre -> nearby cafe/park -> flexible early return,Recommended,https://www.visitmoretonbay.com.au/,Generated as a practical repeatable version of the base destination.
SEQ-0966,Variant / repeatable idea,Samford Village,After-nap short outing,Village + Cafe,Samford,24,30-50 min,15-30km / easy half-day,Free-$,Afternoon,1-2h,"3-6, adult",Yes,Maybe,High,3.5,4,A - easy repeat,Usually easy or paid nearby; verify for peak days,Usually available nearby; verify for bushwalk/beach,Samford Village -> nearby cafe/park -> flexible early return,Recommended,https://www.visitmoretonbay.com.au/,Generated as a practical repeatable version of the base destination.
SEQ-0967,Variant / repeatable idea,Samford Conservation Park,After-nap short outing,Bushland,Samford,25,30-50 min,15-30km / easy half-day,Free-$,Afternoon,1-2h,"3-6, adult",Yes,Maybe,Medium,3.5,3,A - easy repeat,Usually easy or paid nearby; verify for peak days,Usually available nearby; verify for bushwalk/beach,Samford Conservation Park -> nearby cafe/park -> flexible early return,Recommended,https://www.visitmoretonbay.com.au/,Generated as a practical repeatable version of the base destination.
SEQ-0968,Variant / repeatable idea,Samford Valley Rail Trail,After-nap short outing,Walk / Bike,Samford,26,30-50 min,15-30km / easy half-day,Free-$,Afternoon,1-2h,"3-6, adult",Yes,Maybe,Medium,3.5,3,A - easy repeat,Usually easy or paid nearby; verify for peak days,Usually available nearby; verify for bushwalk/beach,Samford Valley Rail Trail -> nearby cafe/park -> flexible early return,Recommended,https://www.visitmoretonbay.com.au/,Generated as a practical repeatable version of the base destination.
SEQ-0969,Variant / repeatable idea,Dayboro Village,After-nap short outing,Village + Scenic Drive,Dayboro,45,45-70 min,30-60km / half-day to day,Free-$,Afternoon,1-2h,"3-6, adult",Yes,Maybe,High,3.5,5,B - planned day,Usually easy or paid nearby; verify for peak days,Usually available nearby; verify for bushwalk/beach,Dayboro Village -> nearby cafe/park -> flexible early return,Recommended,https://www.visitmoretonbay.com.au/,Generated as a practical repeatable version of the base destination.
SEQ-0970,Variant / repeatable idea,Mt Mee Lookout,After-nap short outing,Lookout / Scenic Drive,Mount Mee,65,60-90 min,60-100km / bigger day trip,Free-$,Afternoon,1-2h,"3-6, adult",Yes,Maybe,High,3.5,5,B - planned day,Usually easy or paid nearby; verify for peak days,Usually available nearby; verify for bushwalk/beach,Mt Mee Lookout -> nearby cafe/park -> flexible early return,Yes - verify current conditions before leaving,https://www.visitmoretonbay.com.au/,Generated as a practical repeatable version of the base destination.
SEQ-0971,Variant / repeatable idea,D'Aguilar National Park - Maiala,After-nap short outing,Rainforest Walk,Mt Glorious,45,45-70 min,30-60km / half-day to day,Free-$,Afternoon,1-2h,"3-6, adult",Yes,Maybe,High,3.5,4,B - planned day,Usually easy or paid nearby; verify for peak days,Usually available nearby; verify for bushwalk/beach,D'Aguilar National Park - Maiala -> nearby cafe/park -> flexible early return,Recommended,https://parks.desi.qld.gov.au/parks,Generated as a practical repeatable version of the base destination.
SEQ-0972,Variant / repeatable idea,Mt Glorious Cafe Village,After-nap short outing,Mountain Village,Mt Glorious,43,45-70 min,30-60km / half-day to day,Free-$,Afternoon,1-2h,"3-6, adult",Yes,Maybe,High,3.5,4,B - planned day,Usually easy or paid nearby; verify for peak days,Usually available nearby; verify for bushwalk/beach,Mt Glorious Cafe Village -> nearby cafe/park -> flexible early return,Recommended,https://www.visitmoretonbay.com.au/,Generated as a practical repeatable version of the base destination.
SEQ-0973,Variant / repeatable idea,Jollys Lookout,After-nap short outing,Lookout / Picnic,D'Aguilar National Park,28,30-50 min,15-30km / easy half-day,Free-$,Afternoon,1-2h,"3-6, adult",Yes,Maybe,High,3.5,4,A - easy repeat,Usually easy or paid nearby; verify for peak days,Usually available nearby; verify for bushwalk/beach,Jollys Lookout -> nearby cafe/park -> flexible early return,Recommended,https://parks.desi.qld.gov.au/parks,Generated as a practical repeatable version of the base destination.
SEQ-0974,Variant / repeatable idea,Wivenhoe Outlook,After-nap short outing,Lookout,D'Aguilar National Park,32,45-70 min,30-60km / half-day to day,Free-$,Afternoon,1-2h,"3-6, adult",Yes,Maybe,High,3.5,4,B - planned day,Usually easy or paid nearby; verify for peak days,Usually available nearby; verify for bushwalk/beach,Wivenhoe Outlook -> nearby cafe/park -> flexible early return,Recommended,https://parks.desi.qld.gov.au/parks,Generated as a practical repeatable version of the base destination.
SEQ-0975,Variant / repeatable idea,Bribie Island Seaside Museum,After-nap short outing,Museum / Coast,Bongaree,70,60-90 min,60-100km / bigger day trip,Free-$,Afternoon,1-2h,"0-3, 3-6, adult",Yes,Maybe,High,4.5,4,B - planned day,Usually easy or paid nearby; verify for peak days,Usually available nearby; verify for bushwalk/beach,South Bank -> QAGOMA/Queensland Museum -> Fish Lane or riverside dinner,Yes - verify current conditions before leaving,https://www.visitmoretonbay.com.au/,Generated as a practical repeatable version of the base destination.
SEQ-0976,Variant / repeatable idea,Bongaree Jetty,After-nap short outing,Coast / Jetty,Bribie Island,70,60-90 min,60-100km / bigger day trip,Free-$,Afternoon,1-2h,"3-6, adult",Yes,Maybe,High,3.5,4,B - planned day,Usually easy or paid nearby; verify for peak days,Usually available nearby; verify for bushwalk/beach,Bongaree Jetty -> Seaside Museum -> Woorim/Sylvan Beach,Yes - verify current conditions before leaving,https://www.visitmoretonbay.com.au/,Generated as a practical repeatable version of the base destination.
SEQ-0977,Variant / repeatable idea,Sylvan Beach,After-nap short outing,Calm Beach,Bribie Island,72,60-90 min,60-100km / bigger day trip,Free-$,Afternoon,1-2h,"0-3, 3-6, adult",Yes,Maybe,High,4.5,4,B - planned day,Usually easy or paid nearby; verify for peak days,Usually available nearby; verify for bushwalk/beach,Sylvan Beach -> nearby cafe/park -> flexible early return,Yes - verify current conditions before leaving,https://www.visitmoretonbay.com.au/,Generated as a practical repeatable version of the base destination.
SEQ-0978,Variant / repeatable idea,Woorim Beach,After-nap short outing,Surf Beach,Bribie Island,80,75-110 min,60-100km / bigger day trip,Free-$,Afternoon,1-2h,"0-3, 3-6, adult",Yes,Maybe,High,4.5,4,C - bigger day trip,Usually easy or paid nearby; verify for peak days,Usually available nearby; verify for bushwalk/beach,Woorim Beach -> nearby cafe/park -> flexible early return,Yes - verify current conditions before leaving,https://www.visitmoretonbay.com.au/,Generated as a practical repeatable version of the base destination.
SEQ-0979,Variant / repeatable idea,Buckleys Hole Conservation Park,After-nap short outing,Birding / Walk,Bribie Island,71,60-90 min,60-100km / bigger day trip,Free-$,Afternoon,1-2h,"3-6, adult",Yes,Maybe,Medium,3.5,3,B - planned day,Usually easy or paid nearby; verify for peak days,Usually available nearby; verify for bushwalk/beach,Buckleys Hole Conservation Park -> nearby cafe/park -> flexible early return,Yes - verify current conditions before leaving,https://parks.desi.qld.gov.au/parks,Generated as a practical repeatable version of the base destination.
SEQ-0980,Variant / repeatable idea,Abbey Museum of Art and Archaeology,After-nap short outing,Museum / Culture,Caboolture,50,45-70 min,30-60km / half-day to day,Free-$,Afternoon,1-2h,"0-3, 3-6, adult",Yes,Maybe,High,4.5,4,B - planned day,Usually easy or paid nearby; verify for peak days,Usually available nearby; verify for bushwalk/beach,South Bank -> QAGOMA/Queensland Museum -> Fish Lane or riverside dinner,Recommended,https://www.visitmoretonbay.com.au/,Generated as a practical repeatable version of the base destination.
SEQ-0981,Variant / repeatable idea,Caboolture Historical Village,After-nap short outing,Heritage / Family,Caboolture,50,45-70 min,30-60km / half-day to day,Free-$,Afternoon,1-2h,"3-6, adult",Yes,Maybe,Medium,3.5,3,B - planned day,Usually easy or paid nearby; verify for peak days,Usually available nearby; verify for bushwalk/beach,Caboolture Historical Village -> nearby cafe/park -> flexible early return,Recommended,https://www.visitmoretonbay.com.au/,Generated as a practical repeatable version of the base destination.
SEQ-0982,Variant / repeatable idea,Caboolture Regional Art Gallery,After-nap short outing,Gallery / Indoor,Caboolture,48,45-70 min,30-60km / half-day to day,Free-$,Afternoon,1-2h,"0-3, 3-6, adult",Yes,Maybe,High,4.5,4,B - planned day,Usually easy or paid nearby; verify for peak days,Usually available nearby; verify for bushwalk/beach,Caboolture Regional Art Gallery -> nearby cafe/park -> flexible early return,Recommended,https://www.moretonbay.qld.gov.au/Events,Generated as a practical repeatable version of the base destination.
SEQ-0983,Variant / repeatable idea,Woodford Village,After-nap short outing,Village + Markets,Woodford,72,60-90 min,60-100km / bigger day trip,Free-$,Afternoon,1-2h,"0-3, 3-6, adult",Yes,Maybe,High,4.5,4,B - planned day,Usually easy or paid nearby; verify for peak days,Usually available nearby; verify for bushwalk/beach,Market breakfast -> nearby playground/park -> home before nap,Yes - verify current conditions before leaving,https://www.visitmoretonbay.com.au/,Generated as a practical repeatable version of the base destination.
SEQ-0984,Variant / repeatable idea,Woodfordia precinct,After-nap short outing,Festival / Events,Woodford,76,75-110 min,60-100km / bigger day trip,Free-$,Afternoon,1-2h,"3-6, adult",Yes,Maybe,Medium,3.5,3,C - bigger day trip,Usually easy or paid nearby; verify for peak days,Usually available nearby; verify for bushwalk/beach,Woodfordia precinct -> nearby cafe/park -> flexible early return,Yes - verify current conditions before leaving,https://www.visitmoretonbay.com.au/,Generated as a practical repeatable version of the base destination.
SEQ-0985,Variant / repeatable idea,Tamborine Mountain Gallery Walk,After-nap short outing,Village + Shops,Tamborine Mountain,75,60-90 min,60-100km / bigger day trip,Free-$,Afternoon,1-2h,"3-6, adult",Yes,Maybe,High,3.5,4,B - planned day,Usually easy or paid nearby; verify for peak days,Usually available nearby; verify for bushwalk/beach,Gallery Walk -> Curtis Falls/Skywalk -> lookout or early dinner,Yes - verify current conditions before leaving,https://www.visitscenicrim.com.au/,Generated as a practical repeatable version of the base destination.
SEQ-0986,Variant / repeatable idea,Tamborine Rainforest Skywalk,After-nap short outing,Rainforest / Walk,Tamborine Mountain,75,60-90 min,60-100km / bigger day trip,Free-$,Afternoon,1-2h,"3-6, adult",Yes,Maybe,High,3.5,4,B - planned day,Usually easy or paid nearby; verify for peak days,Usually available nearby; verify for bushwalk/beach,Gallery Walk -> Curtis Falls/Skywalk -> lookout or early dinner,Yes - verify current conditions before leaving,https://www.visitscenicrim.com.au/,Generated as a practical repeatable version of the base destination.
SEQ-0987,Variant / repeatable idea,Curtis Falls,After-nap short outing,Waterfall Walk,Tamborine Mountain,75,60-90 min,60-100km / bigger day trip,Free-$,Afternoon,1-2h,"0-3, 3-6, adult",Yes,Maybe,Medium,4.5,3,B - planned day,Usually easy or paid nearby; verify for peak days,Usually available nearby; verify for bushwalk/beach,Curtis Falls -> nearby cafe/park -> flexible early return,Yes - verify current conditions before leaving,https://parks.desi.qld.gov.au/parks,Generated as a practical repeatable version of the base destination.
SEQ-0988,Variant / repeatable idea,Cedar Creek Falls Tamborine,After-nap short outing,Waterfall / Picnic,Tamborine Mountain,78,75-110 min,60-100km / bigger day trip,Free-$,Afternoon,1-2h,"0-3, 3-6, adult",Yes,Maybe,Medium,4.5,3,C - bigger day trip,Usually easy or paid nearby; verify for peak days,Usually available nearby; verify for bushwalk/beach,Gallery Walk -> Curtis Falls/Skywalk -> lookout or early dinner,Yes - verify current conditions before leaving,https://parks.desi.qld.gov.au/parks,Generated as a practical repeatable version of the base destination.
SEQ-0989,Variant / repeatable idea,Tamborine Botanic Gardens,After-nap short outing,Garden,Tamborine Mountain,75,60-90 min,60-100km / bigger day trip,Free-$,Afternoon,1-2h,"0-3, 3-6, adult",Yes,Maybe,High,3.5,4,B - planned day,Usually easy or paid nearby; verify for peak days,Usually available nearby; verify for bushwalk/beach,Gallery Walk -> Curtis Falls/Skywalk -> lookout or early dinner,Yes - verify current conditions before leaving,https://www.visitscenicrim.com.au/,Generated as a practical repeatable version of the base destination.
SEQ-0990,Variant / repeatable idea,Tamborine Mountain Glow Worm Caves,After-nap short outing,Nature / Tour,Tamborine Mountain,75,60-90 min,60-100km / bigger day trip,Free-$,Afternoon,1-2h,"3-6, adult",Yes,Maybe,Medium,3.5,3,B - planned day,Usually easy or paid nearby; verify for peak days,Usually available nearby; verify for bushwalk/beach,Gallery Walk -> Curtis Falls/Skywalk -> lookout or early dinner,Yes - verify current conditions before leaving,https://www.visitscenicrim.com.au/,Generated as a practical repeatable version of the base destination.
SEQ-0991,Variant / repeatable idea,Fortitude Brewing / Cauldron Distillery precinct,After-nap short outing,Food + Adult Relax,Tamborine Mountain,75,60-90 min,60-100km / bigger day trip,Free-$,Afternoon,1-2h,"3-6, adult",Yes,Maybe,High,3.5,4,B - planned day,Usually easy or paid nearby; verify for peak days,Usually available nearby; verify for bushwalk/beach,Fortitude Brewing / Cauldron Distillery precinct -> nearby cafe/park -> flexible early return,Yes - verify current conditions before leaving,https://www.visitscenicrim.com.au/,Generated as a practical repeatable version of the base destination.
SEQ-0992,Variant / repeatable idea,Canungra Village,After-nap short outing,Village + Cafe,Canungra,85,75-110 min,60-100km / bigger day trip,Free-$,Afternoon,1-2h,"3-6, adult",Yes,Maybe,High,3.5,4,C - bigger day trip,Usually easy or paid nearby; verify for peak days,Usually available nearby; verify for bushwalk/beach,Canungra Village -> nearby cafe/park -> flexible early return,Yes - verify current conditions before leaving,https://www.visitscenicrim.com.au/,Generated as a practical repeatable version of the base destination.
SEQ-0993,Variant / repeatable idea,Binna Burra Tea House / trailheads,After-nap short outing,Rainforest / Hiking,Lamington National Park,105,90-130 min,100km fringe / check drive,Free-$,Afternoon,1-2h,"3-6, adult",Yes,Maybe,High,3.5,4,C - bigger day trip,Usually easy or paid nearby; verify for peak days,Usually available nearby; verify for bushwalk/beach,Binna Burra Tea House / trailheads -> nearby cafe/park -> flexible early return,Yes - verify current conditions before leaving,https://parks.desi.qld.gov.au/parks,Generated as a practical repeatable version of the base destination.
SEQ-0994,Variant / repeatable idea,Springbrook National Park - Natural Bridge,After-nap short outing,Glow Worm / Rainforest,Springbrook,105,90-130 min,100km fringe / check drive,Free-$,Afternoon,1-2h,"3-6, adult",Yes,Maybe,High,3.5,4,C - bigger day trip,Usually easy or paid nearby; verify for peak days,Usually available nearby; verify for bushwalk/beach,Springbrook National Park - Natural Bridge -> nearby cafe/park -> flexible early return,Yes - verify current conditions before leaving,https://parks.desi.qld.gov.au/parks,Generated as a practical repeatable version of the base destination.
SEQ-0995,Variant / repeatable idea,Springbrook Best of All Lookout,After-nap short outing,Lookout,Springbrook,105,90-130 min,100km fringe / check drive,Free-$,Afternoon,1-2h,"3-6, adult",Yes,Maybe,High,3.5,4,C - bigger day trip,Usually easy or paid nearby; verify for peak days,Usually available nearby; verify for bushwalk/beach,Springbrook Best of All Lookout -> nearby cafe/park -> flexible early return,Yes - verify current conditions before leaving,https://parks.desi.qld.gov.au/parks,Generated as a practical repeatable version of the base destination.
SEQ-0996,Variant / repeatable idea,Purling Brook Falls,After-nap short outing,Waterfall Walk,Springbrook,100,90-130 min,60-100km / bigger day trip,Free-$,Afternoon,1-2h,"0-3, 3-6, adult",Yes,Maybe,Medium,4.5,3,C - bigger day trip,Usually easy or paid nearby; verify for peak days,Usually available nearby; verify for bushwalk/beach,Purling Brook Falls -> nearby cafe/park -> flexible early return,Yes - verify current conditions before leaving,https://parks.desi.qld.gov.au/parks,Generated as a practical repeatable version of the base destination.
SEQ-0997,Variant / repeatable idea,Hinze Dam Visitor Centre,After-nap short outing,Dam / Picnic,Advancetown,78,75-110 min,60-100km / bigger day trip,Free-$,Afternoon,1-2h,"3-6, adult",Yes,Maybe,Medium,3.5,3,C - bigger day trip,Usually easy or paid nearby; verify for peak days,Usually available nearby; verify for bushwalk/beach,Hinze Dam Visitor Centre -> nearby cafe/park -> flexible early return,Yes - verify current conditions before leaving,https://www.destinationgoldcoast.com/,Generated as a practical repeatable version of the base destination.
SEQ-0998,Variant / repeatable idea,Hinze Dam View Trail,After-nap short outing,Walk / View,Advancetown,78,75-110 min,60-100km / bigger day trip,Free-$,Afternoon,1-2h,"3-6, adult",Yes,Maybe,Medium,3.5,3,C - bigger day trip,Usually easy or paid nearby; verify for peak days,Usually available nearby; verify for bushwalk/beach,Hinze Dam View Trail -> nearby cafe/park -> flexible early return,Yes - verify current conditions before leaving,https://www.destinationgoldcoast.com/,Generated as a practical repeatable version of the base destination.
SEQ-0999,Variant / repeatable idea,Mt Tamborine Polish Place lookout,After-nap short outing,Lookout + Food,Tamborine Mountain,76,75-110 min,60-100km / bigger day trip,Free-$,Afternoon,1-2h,"3-6, adult",Yes,Maybe,High,3.5,5,C - bigger day trip,Usually easy or paid nearby; verify for peak days,Usually available nearby; verify for bushwalk/beach,Gallery Walk -> Curtis Falls/Skywalk -> lookout or early dinner,Yes - verify current conditions before leaving,https://www.visitscenicrim.com.au/,Generated as a practical repeatable version of the base destination.
SEQ-1000,Variant / repeatable idea,Beaudesert Town Centre,After-nap short outing,Country Town,Beaudesert,70,60-90 min,60-100km / bigger day trip,Free-$,Afternoon,1-2h,"3-6, adult",Yes,Maybe,Medium,3.5,3,B - planned day,Usually easy or paid nearby; verify for peak days,Usually available nearby; verify for bushwalk/beach,Beaudesert Town Centre -> nearby cafe/park -> flexible early return,Yes - verify current conditions before leaving,https://www.visitscenicrim.com.au/,Generated as a practical repeatable version of the base destination.
SEQ-1001,Variant / repeatable idea,Kooroomba Vineyard and Lavender Farm,After-nap short outing,Lavender + Food,Mount Alford,95,75-110 min,60-100km / bigger day trip,Free-$,Afternoon,1-2h,"3-6, adult",Yes,Maybe,High,3.5,5,C - bigger day trip,Usually easy or paid nearby; verify for peak days,Usually available nearby; verify for bushwalk/beach,Kooroomba Vineyard and Lavender Farm -> nearby cafe/park -> flexible early return,Yes - verify current conditions before leaving,https://www.visitscenicrim.com.au/,Generated as a practical repeatable version of the base destination.
SEQ-1002,Variant / repeatable idea,Boonah Town Centre,After-nap short outing,Country Town,Boonah,90,75-110 min,60-100km / bigger day trip,Free-$,Afternoon,1-2h,"3-6, adult",Yes,Maybe,Medium,3.5,3,C - bigger day trip,Usually easy or paid nearby; verify for peak days,Usually available nearby; verify for bushwalk/beach,Boonah Town Centre -> nearby cafe/park -> flexible early return,Yes - verify current conditions before leaving,https://www.visitscenicrim.com.au/,Generated as a practical repeatable version of the base destination.
SEQ-1003,Variant / repeatable idea,Lake Moogerah,After-nap short outing,Lake / Picnic,Moogerah,95,75-110 min,60-100km / bigger day trip,Free-$,Afternoon,1-2h,"3-6, adult",Yes,Maybe,Medium,3.5,3,C - bigger day trip,Usually easy or paid nearby; verify for peak days,Usually available nearby; verify for bushwalk/beach,Lake Moogerah -> nearby cafe/park -> flexible early return,Yes - verify current conditions before leaving,https://www.visitscenicrim.com.au/,Generated as a practical repeatable version of the base destination.
SEQ-1004,Variant / repeatable idea,Moogerah Peaks National Park lookout areas,After-nap short outing,Scenic Drive,Moogerah,98,90-130 min,60-100km / bigger day trip,Free-$,Afternoon,1-2h,"3-6, adult",Yes,Maybe,High,3.5,4,C - bigger day trip,Usually easy or paid nearby; verify for peak days,Usually available nearby; verify for bushwalk/beach,Moogerah Peaks National Park lookout areas -> nearby cafe/park -> flexible early return,Yes - verify current conditions before leaving,https://parks.desi.qld.gov.au/parks,Generated as a practical repeatable version of the base destination.
SEQ-1005,Variant / repeatable idea,Kalbar Village,After-nap short outing,Country Village,Kalbar,85,75-110 min,60-100km / bigger day trip,Free-$,Afternoon,1-2h,"3-6, adult",Yes,Maybe,High,3.5,4,C - bigger day trip,Usually easy or paid nearby; verify for peak days,Usually available nearby; verify for bushwalk/beach,Kalbar Village -> nearby cafe/park -> flexible early return,Yes - verify current conditions before leaving,https://www.visitscenicrim.com.au/,Generated as a practical repeatable version of the base destination.
SEQ-1006,Variant / repeatable idea,Aratula Village,After-nap short outing,Country Stop,Aratula,95,75-110 min,60-100km / bigger day trip,Free-$,Afternoon,1-2h,"3-6, adult",Yes,Maybe,Medium,3.5,3,C - bigger day trip,Usually easy or paid nearby; verify for peak days,Usually available nearby; verify for bushwalk/beach,Aratula Village -> nearby cafe/park -> flexible early return,Yes - verify current conditions before leaving,https://www.visitscenicrim.com.au/,Generated as a practical repeatable version of the base destination.
SEQ-1007,Variant / repeatable idea,Ipswich Art Gallery,After-nap short outing,Gallery / Kids,Ipswich,40,45-70 min,30-60km / half-day to day,Free-$,Afternoon,1-2h,"3-6, adult",Yes,Maybe,High,3.5,4,B - planned day,Usually easy or paid nearby; verify for peak days,Usually available nearby; verify for bushwalk/beach,Queens Park -> Ipswich Nature Centre -> Ipswich Art Gallery/rail museum,Recommended,https://www.discoveripswich.com.au/,Generated as a practical repeatable version of the base destination.
SEQ-1008,Variant / repeatable idea,RAAF Amberley Aviation Heritage Centre,After-nap short outing,Aviation / Heritage,Amberley,50,45-70 min,30-60km / half-day to day,Free-$,Afternoon,1-2h,"3-6, adult",Yes,Maybe,Medium,3.5,3,B - planned day,Usually easy or paid nearby; verify for peak days,Usually available nearby; verify for bushwalk/beach,RAAF Amberley Aviation Heritage Centre -> nearby cafe/park -> flexible early return,Recommended,https://www.discoveripswich.com.au/,Generated as a practical repeatable version of the base destination.
SEQ-1009,Variant / repeatable idea,The Workshops Rail Museum,After-nap short outing,Museum / Trains,North Ipswich,40,45-70 min,30-60km / half-day to day,Free-$,Afternoon,1-2h,"0-3, 3-6, adult",Yes,Maybe,Medium,4.5,3,B - planned day,Usually easy or paid nearby; verify for peak days,Usually available nearby; verify for bushwalk/beach,South Bank -> QAGOMA/Queensland Museum -> Fish Lane or riverside dinner,Recommended,https://www.discoveripswich.com.au/,Generated as a practical repeatable version of the base destination.
SEQ-1010,Variant / repeatable idea,Queens Park Cafe / Nature Centre loop,After-nap short outing,Park + Cafe,Ipswich,40,45-70 min,30-60km / half-day to day,Free-$,Afternoon,1-2h,"0-3, 3-6, adult",Yes,Maybe,Medium,3.5,3,B - planned day,Usually easy or paid nearby; verify for peak days,Usually available nearby; verify for bushwalk/beach,Queens Park -> Ipswich Nature Centre -> Ipswich Art Gallery/rail museum,Recommended,https://www.discoveripswich.com.au/,Generated as a practical repeatable version of the base destination.
SEQ-1011,Variant / repeatable idea,Hidden Vale Adventure Park,After-nap short outing,Bike / Nature,Grandchester,80,75-110 min,60-100km / bigger day trip,Free-$,Afternoon,1-2h,"3-6, adult",Yes,Maybe,Medium,3.5,3,C - bigger day trip,Usually easy or paid nearby; verify for peak days,Usually available nearby; verify for bushwalk/beach,Hidden Vale Adventure Park -> nearby cafe/park -> flexible early return,Yes - verify current conditions before leaving,https://www.discoveripswich.com.au/,Generated as a practical repeatable version of the base destination.
SEQ-1012,Variant / repeatable idea,Laidley Village,After-nap short outing,Country Town,Laidley,85,75-110 min,60-100km / bigger day trip,Free-$,Afternoon,1-2h,"3-6, adult",Yes,Maybe,Medium,3.5,3,C - bigger day trip,Usually easy or paid nearby; verify for peak days,Usually available nearby; verify for bushwalk/beach,Laidley Village -> nearby cafe/park -> flexible early return,Yes - verify current conditions before leaving,https://www.discoveripswich.com.au/,Generated as a practical repeatable version of the base destination.
SEQ-1013,Variant / repeatable idea,Lake Wyaralong,After-nap short outing,Lake / Picnic,Wyaralong,85,75-110 min,60-100km / bigger day trip,Free-$,Afternoon,1-2h,"3-6, adult",Yes,Maybe,Medium,3.5,3,C - bigger day trip,Usually easy or paid nearby; verify for peak days,Usually available nearby; verify for bushwalk/beach,Lake Wyaralong -> nearby cafe/park -> flexible early return,Yes - verify current conditions before leaving,https://www.visitscenicrim.com.au/,Generated as a practical repeatable version of the base destination.
SEQ-1014,Variant / repeatable idea,Mount Barney foothills viewpoints,After-nap short outing,Scenic Drive,Rathdowney,105,90-130 min,100km fringe / check drive,Free-$,Afternoon,1-2h,"3-6, adult",Yes,Maybe,High,3.5,4,C - bigger day trip,Usually easy or paid nearby; verify for peak days,Usually available nearby; verify for bushwalk/beach,Mount Barney foothills viewpoints -> nearby cafe/park -> flexible early return,Yes - verify current conditions before leaving,https://www.visitscenicrim.com.au/,Generated as a practical repeatable version of the base destination.
SEQ-1015,Variant / repeatable idea,Broadwater Parklands,After-nap short outing,Coast / Playground,Southport,75,60-90 min,60-100km / bigger day trip,Free-$,Afternoon,1-2h,"0-3, 3-6, adult",Yes,Maybe,High,4.5,4,B - planned day,Usually easy or paid nearby; verify for peak days,Usually available nearby; verify for bushwalk/beach,Beach/parkland -> casual lunch -> outlet or HOTA optional,Yes - verify current conditions before leaving,https://www.destinationgoldcoast.com/,Generated as a practical repeatable version of the base destination.
SEQ-1016,Variant / repeatable idea,Southport Rockpools,After-nap short outing,Water Play,Southport,75,60-90 min,60-100km / bigger day trip,Free-$,Afternoon,1-2h,"0-3, 3-6, adult",Yes,Maybe,Medium,4.5,3,B - planned day,Usually easy or paid nearby; verify for peak days,Usually available nearby; verify for bushwalk/beach,Beach/parkland -> casual lunch -> outlet or HOTA optional,Yes - verify current conditions before leaving,https://www.destinationgoldcoast.com/,Generated as a practical repeatable version of the base destination.
SEQ-1017,Variant / repeatable idea,Main Beach / The Spit,After-nap short outing,Beach / Walk,Main Beach,82,75-110 min,60-100km / bigger day trip,Free-$,Afternoon,1-2h,"0-3, 3-6, adult",Yes,Maybe,High,4.5,4,C - bigger day trip,Usually easy or paid nearby; verify for peak days,Usually available nearby; verify for bushwalk/beach,Beach/parkland -> casual lunch -> outlet or HOTA optional,Yes - verify current conditions before leaving,https://www.destinationgoldcoast.com/,Generated as a practical repeatable version of the base destination.
SEQ-1018,Variant / repeatable idea,Federation Walk Coastal Reserve,After-nap short outing,Coastal Walk,Main Beach,83,75-110 min,60-100km / bigger day trip,Free-$,Afternoon,1-2h,"3-6, adult",Yes,Maybe,High,3.5,4,C - bigger day trip,Usually easy or paid nearby; verify for peak days,Usually available nearby; verify for bushwalk/beach,Beach/parkland -> casual lunch -> outlet or HOTA optional,Yes - verify current conditions before leaving,https://www.destinationgoldcoast.com/,Generated as a practical repeatable version of the base destination.
SEQ-1019,Variant / repeatable idea,Sea World precinct,After-nap short outing,Theme Park,Main Beach,82,75-110 min,60-100km / bigger day trip,Free-$,Afternoon,1-2h,"0-3, 3-6, adult",Yes,Maybe,Medium,4.5,3,C - bigger day trip,Usually easy or paid nearby; verify for peak days,Usually available nearby; verify for bushwalk/beach,Beach/parkland -> casual lunch -> outlet or HOTA optional,Yes - verify current conditions before leaving,https://www.destinationgoldcoast.com/,Generated as a practical repeatable version of the base destination.
SEQ-1020,Variant / repeatable idea,Surfers Paradise Beach,After-nap short outing,Beach / City,Surfers Paradise,78,75-110 min,60-100km / bigger day trip,Free-$,Afternoon,1-2h,"0-3, 3-6, adult",Yes,Maybe,High,4.5,4,C - bigger day trip,Usually easy or paid nearby; verify for peak days,Usually available nearby; verify for bushwalk/beach,Surfers Paradise Beach -> nearby cafe/park -> flexible early return,Yes - verify current conditions before leaving,https://www.destinationgoldcoast.com/,Generated as a practical repeatable version of the base destination.
SEQ-1021,Variant / repeatable idea,HOTA Home of the Arts,After-nap short outing,Culture / Outdoor,Surfers Paradise / Bundall,76,75-110 min,60-100km / bigger day trip,Free-$,Afternoon,1-2h,"3-6, adult",Yes,Maybe,High,3.5,4,C - bigger day trip,Usually easy or paid nearby; verify for peak days,Usually available nearby; verify for bushwalk/beach,HOTA Home of the Arts -> nearby cafe/park -> flexible early return,Yes - verify current conditions before leaving,https://www.destinationgoldcoast.com/,Generated as a practical repeatable version of the base destination.
SEQ-1022,Variant / repeatable idea,Emerald Lakes,After-nap short outing,Lake / Dining,Carrara,75,60-90 min,60-100km / bigger day trip,Free-$,Afternoon,1-2h,"3-6, adult",Yes,Maybe,Medium,3.5,3,B - planned day,Usually easy or paid nearby; verify for peak days,Usually available nearby; verify for bushwalk/beach,Emerald Lakes -> nearby cafe/park -> flexible early return,Yes - verify current conditions before leaving,https://www.destinationgoldcoast.com/,Generated as a practical repeatable version of the base destination.
SEQ-1023,Variant / repeatable idea,Robina Town Centre,After-nap short outing,Shopping / Indoor,Robina,85,75-110 min,60-100km / bigger day trip,Free-$,Afternoon,1-2h,"0-3, 3-6, adult",Yes,Maybe,Medium,4.5,3,C - bigger day trip,Usually easy or paid nearby; verify for peak days,Usually available nearby; verify for bushwalk/beach,Shopping centre -> kids play/cinema -> easy meal,Yes - verify current conditions before leaving,https://www.destinationgoldcoast.com/,Generated as a practical repeatable version of the base destination.
SEQ-1024,Variant / repeatable idea,Pacific Fair Shopping Centre,After-nap short outing,Shopping / Indoor,Broadbeach,85,75-110 min,60-100km / bigger day trip,Free-$,Afternoon,1-2h,"0-3, 3-6, adult",Yes,Maybe,Medium,4.5,3,C - bigger day trip,Usually easy or paid nearby; verify for peak days,Usually available nearby; verify for bushwalk/beach,Beach/parkland -> casual lunch -> outlet or HOTA optional,Yes - verify current conditions before leaving,https://www.destinationgoldcoast.com/,Generated as a practical repeatable version of the base destination.
SEQ-1025,Variant / repeatable idea,Kurrawa Beach,After-nap short outing,Beach,Broadbeach,86,75-110 min,60-100km / bigger day trip,Free-$,Afternoon,1-2h,"0-3, 3-6, adult",Yes,Maybe,High,4.5,4,C - bigger day trip,Usually easy or paid nearby; verify for peak days,Usually available nearby; verify for bushwalk/beach,Beach/parkland -> casual lunch -> outlet or HOTA optional,Yes - verify current conditions before leaving,https://www.destinationgoldcoast.com/,Generated as a practical repeatable version of the base destination.
SEQ-1026,Variant / repeatable idea,Burleigh Heads National Park,After-nap short outing,Coastal Walk,Burleigh Heads,92,75-110 min,60-100km / bigger day trip,Free-$,Afternoon,1-2h,"3-6, adult",Yes,Maybe,High,3.5,4,C - bigger day trip,Usually easy or paid nearby; verify for peak days,Usually available nearby; verify for bushwalk/beach,Beach/parkland -> casual lunch -> outlet or HOTA optional,Yes - verify current conditions before leaving,https://parks.desi.qld.gov.au/parks,Generated as a practical repeatable version of the base destination.
SEQ-1027,Variant / repeatable idea,Burleigh Beach,After-nap short outing,Beach + Food,Burleigh Heads,92,75-110 min,60-100km / bigger day trip,Free-$,Afternoon,1-2h,"0-3, 3-6, adult",Yes,Maybe,High,4.5,5,C - bigger day trip,Usually easy or paid nearby; verify for peak days,Usually available nearby; verify for bushwalk/beach,Beach/parkland -> casual lunch -> outlet or HOTA optional,Yes - verify current conditions before leaving,https://www.destinationgoldcoast.com/,Generated as a practical repeatable version of the base destination.
SEQ-1028,Variant / repeatable idea,Tallebudgera Creek,After-nap short outing,Calm Water,Palm Beach,96,90-130 min,60-100km / bigger day trip,Free-$,Afternoon,1-2h,"0-3, 3-6, adult",Yes,Maybe,Medium,4.5,3,C - bigger day trip,Usually easy or paid nearby; verify for peak days,Usually available nearby; verify for bushwalk/beach,Tallebudgera Creek -> nearby cafe/park -> flexible early return,Yes - verify current conditions before leaving,https://www.destinationgoldcoast.com/,Generated as a practical repeatable version of the base destination.
SEQ-1029,Variant / repeatable idea,Currumbin Creek,After-nap short outing,Creek / Beach,Currumbin,100,90-130 min,60-100km / bigger day trip,Free-$,Afternoon,1-2h,"0-3, 3-6, adult",Yes,Maybe,High,4.5,4,C - bigger day trip,Usually easy or paid nearby; verify for peak days,Usually available nearby; verify for bushwalk/beach,Currumbin Creek -> nearby cafe/park -> flexible early return,Yes - verify current conditions before leaving,https://www.destinationgoldcoast.com/,Generated as a practical repeatable version of the base destination.
SEQ-1030,Variant / repeatable idea,Currumbin Wildlife Sanctuary,After-nap short outing,Wildlife,Currumbin,100,90-130 min,60-100km / bigger day trip,Free-$,Afternoon,1-2h,"0-3, 3-6, adult",Yes,Maybe,Medium,4.5,3,C - bigger day trip,Usually easy or paid nearby; verify for peak days,Usually available nearby; verify for bushwalk/beach,Currumbin Wildlife Sanctuary -> nearby cafe/park -> flexible early return,Yes - verify current conditions before leaving,https://www.destinationgoldcoast.com/,Generated as a practical repeatable version of the base destination.
SEQ-1031,Variant / repeatable idea,David Fleay Wildlife Park,After-nap short outing,Wildlife / Wetland,Burleigh Heads,92,75-110 min,60-100km / bigger day trip,Free-$,Afternoon,1-2h,"0-3, 3-6, adult",Yes,Maybe,Medium,4.5,3,C - bigger day trip,Usually easy or paid nearby; verify for peak days,Usually available nearby; verify for bushwalk/beach,Beach/parkland -> casual lunch -> outlet or HOTA optional,Yes - verify current conditions before leaving,https://www.destinationgoldcoast.com/,Generated as a practical repeatable version of the base destination.
SEQ-1032,Variant / repeatable idea,Paradise Point Parklands,After-nap short outing,Coast / Park,Paradise Point,65,60-90 min,60-100km / bigger day trip,Free-$,Afternoon,1-2h,"0-3, 3-6, adult",Yes,Maybe,High,3.5,4,B - planned day,Usually easy or paid nearby; verify for peak days,Usually available nearby; verify for bushwalk/beach,Paradise Point Parklands -> nearby cafe/park -> flexible early return,Yes - verify current conditions before leaving,https://www.destinationgoldcoast.com/,Generated as a practical repeatable version of the base destination.
SEQ-1033,Variant / repeatable idea,Harbour Town Premium Outlets,After-nap short outing,Outlet Shopping,Biggera Waters,70,60-90 min,60-100km / bigger day trip,Free-$,Afternoon,1-2h,"0-3, 3-6, adult",Yes,Maybe,Medium,3.5,3,B - planned day,Usually easy or paid nearby; verify for peak days,Usually available nearby; verify for bushwalk/beach,Shopping centre -> kids play/cinema -> easy meal,Yes - verify current conditions before leaving,https://www.destinationgoldcoast.com/,Generated as a practical repeatable version of the base destination.
SEQ-1034,Variant / repeatable idea,Hope Island Marina Village,After-nap short outing,Harbour / Dining,Hope Island,62,60-90 min,60-100km / bigger day trip,Free-$,Afternoon,1-2h,"3-6, adult",Yes,Maybe,Medium,3.5,3,B - planned day,Usually easy or paid nearby; verify for peak days,Usually available nearby; verify for bushwalk/beach,Ferry planning -> beach/walk -> early return buffer,Yes - verify current conditions before leaving,https://www.destinationgoldcoast.com/,Generated as a practical repeatable version of the base destination.
SEQ-1035,Variant / repeatable idea,Sanctuary Cove,After-nap short outing,Village + Dining,Hope Island,62,60-90 min,60-100km / bigger day trip,Free-$,Afternoon,1-2h,"3-6, adult",Yes,Maybe,High,3.5,4,B - planned day,Usually easy or paid nearby; verify for peak days,Usually available nearby; verify for bushwalk/beach,Sanctuary Cove -> nearby cafe/park -> flexible early return,Yes - verify current conditions before leaving,https://www.destinationgoldcoast.com/,Generated as a practical repeatable version of the base destination.
SEQ-1036,Variant / repeatable idea,Dreamworld,After-nap short outing,Theme Park,Coomera,55,60-90 min,30-60km / half-day to day,Free-$,Afternoon,1-2h,"0-3, 3-6, adult",Yes,Maybe,Medium,4.5,3,B - planned day,Usually easy or paid nearby; verify for peak days,Usually available nearby; verify for bushwalk/beach,Dreamworld -> nearby cafe/park -> flexible early return,Yes - verify current conditions before leaving,https://www.destinationgoldcoast.com/,Generated as a practical repeatable version of the base destination.
SEQ-1037,Variant / repeatable idea,WhiteWater World,After-nap short outing,Water Park,Coomera,55,60-90 min,30-60km / half-day to day,Free-$,Afternoon,1-2h,"0-3, 3-6, adult",Yes,Maybe,Medium,4.5,3,B - planned day,Usually easy or paid nearby; verify for peak days,Usually available nearby; verify for bushwalk/beach,WhiteWater World -> nearby cafe/park -> flexible early return,Yes - verify current conditions before leaving,https://www.destinationgoldcoast.com/,Generated as a practical repeatable version of the base destination.
SEQ-1038,Variant / repeatable idea,Warner Bros. Movie World,After-nap short outing,Theme Park,Oxenford,60,60-90 min,30-60km / half-day to day,Free-$,Afternoon,1-2h,"0-3, 3-6, adult",Yes,Maybe,Medium,4.5,3,B - planned day,Usually easy or paid nearby; verify for peak days,Usually available nearby; verify for bushwalk/beach,Warner Bros. Movie World -> nearby cafe/park -> flexible early return,Yes - verify current conditions before leaving,https://www.destinationgoldcoast.com/,Generated as a practical repeatable version of the base destination.
SEQ-1039,Variant / repeatable idea,Wet'n'Wild Gold Coast,After-nap short outing,Water Park,Oxenford,60,60-90 min,30-60km / half-day to day,Free-$,Afternoon,1-2h,"0-3, 3-6, adult",Yes,Maybe,Medium,4.5,3,B - planned day,Usually easy or paid nearby; verify for peak days,Usually available nearby; verify for bushwalk/beach,Wet'n'Wild Gold Coast -> nearby cafe/park -> flexible early return,Yes - verify current conditions before leaving,https://www.destinationgoldcoast.com/,Generated as a practical repeatable version of the base destination.
SEQ-1040,Variant / repeatable idea,Australian Outback Spectacular,After-nap short outing,Show / Dinner,Oxenford,60,60-90 min,30-60km / half-day to day,Free-$,Afternoon,1-2h,"3-6, adult",Yes,Maybe,Medium,3.5,3,B - planned day,Usually easy or paid nearby; verify for peak days,Usually available nearby; verify for bushwalk/beach,Australian Outback Spectacular -> nearby cafe/park -> flexible early return,Yes - verify current conditions before leaving,https://www.destinationgoldcoast.com/,Generated as a practical repeatable version of the base destination.
SEQ-1041,Variant / repeatable idea,Tamborine Oxenford Road scenic drive,After-nap short outing,Scenic Drive,Gold Coast Hinterland,65,60-90 min,60-100km / bigger day trip,Free-$,Afternoon,1-2h,"3-6, adult",Yes,Maybe,High,3.5,4,B - planned day,Usually easy or paid nearby; verify for peak days,Usually available nearby; verify for bushwalk/beach,Gallery Walk -> Curtis Falls/Skywalk -> lookout or early dinner,Yes - verify current conditions before leaving,https://www.destinationgoldcoast.com/,Generated as a practical repeatable version of the base destination.
SEQ-1042,Variant / repeatable idea,Beenleigh Historical Village,After-nap short outing,Heritage / Family,Beenleigh,35,45-70 min,30-60km / half-day to day,Free-$,Afternoon,1-2h,"3-6, adult",Yes,Maybe,Medium,3.5,3,B - planned day,Usually easy or paid nearby; verify for peak days,Usually available nearby; verify for bushwalk/beach,Beenleigh Historical Village -> nearby cafe/park -> flexible early return,Recommended,https://www.logan.qld.gov.au/,Generated as a practical repeatable version of the base destination.
SEQ-1043,Variant / repeatable idea,Kingston Butter Factory Cultural Precinct,After-nap short outing,Culture / Events,Logan,25,30-50 min,15-30km / easy half-day,Free-$,Afternoon,1-2h,"3-6, adult",Yes,Maybe,High,3.5,4,A - easy repeat,Usually easy or paid nearby; verify for peak days,Usually available nearby; verify for bushwalk/beach,Kingston Butter Factory Cultural Precinct -> nearby cafe/park -> flexible early return,Recommended,https://www.logan.qld.gov.au/,Generated as a practical repeatable version of the base destination.
SEQ-1044,Variant / repeatable idea,Logan Hyperdome,After-nap short outing,Shopping / Indoor,Loganholme,30,30-50 min,15-30km / easy half-day,Free-$,Afternoon,1-2h,"0-3, 3-6, adult",Yes,Maybe,Medium,4.5,3,A - easy repeat,Usually easy or paid nearby; verify for peak days,Usually available nearby; verify for bushwalk/beach,Shopping centre -> kids play/cinema -> easy meal,Recommended,https://www.logan.qld.gov.au/,Generated as a practical repeatable version of the base destination.
SEQ-1045,Variant / repeatable idea,Glass House Mountains Lookout,After-nap short outing,Lookout,Glass House Mountains,70,60-90 min,60-100km / bigger day trip,Free-$,Afternoon,1-2h,"3-6, adult",Yes,Maybe,High,3.5,4,B - planned day,Usually easy or paid nearby; verify for peak days,Usually available nearby; verify for bushwalk/beach,Glass House Mountains Lookout -> nearby cafe/park -> flexible early return,Yes - verify current conditions before leaving,https://www.visitsunshinecoast.com/,Generated as a practical repeatable version of the base destination.
SEQ-1046,Variant / repeatable idea,Wild Horse Mountain Lookout,After-nap short outing,Lookout / Short Walk,Beerburrum,62,60-90 min,60-100km / bigger day trip,Free-$,Afternoon,1-2h,"3-6, adult",Yes,Maybe,High,3.5,4,B - planned day,Usually easy or paid nearby; verify for peak days,Usually available nearby; verify for bushwalk/beach,Wild Horse Mountain Lookout -> nearby cafe/park -> flexible early return,Yes - verify current conditions before leaving,https://www.visitsunshinecoast.com/,Generated as a practical repeatable version of the base destination.
SEQ-1047,Variant / repeatable idea,Mount Ngungun,After-nap short outing,Hike / View,Glass House Mountains,75,60-90 min,60-100km / bigger day trip,Free-$,Afternoon,1-2h,"3-6+, adult",Yes,Maybe,Medium,3.5,3,B - planned day,Usually easy or paid nearby; verify for peak days,Usually available nearby; verify for bushwalk/beach,Mount Ngungun -> nearby cafe/park -> flexible early return,Yes - verify current conditions before leaving,https://parks.desi.qld.gov.au/parks,Generated as a practical repeatable version of the base destination.
SEQ-1048,Variant / repeatable idea,Mary Cairncross Scenic Reserve,After-nap short outing,Rainforest / View,Maleny,92,75-110 min,60-100km / bigger day trip,Free-$,Afternoon,1-2h,"3-6, adult",Yes,Maybe,High,3.5,4,C - bigger day trip,Usually easy or paid nearby; verify for peak days,Usually available nearby; verify for bushwalk/beach,Mary Cairncross Scenic Reserve -> nearby cafe/park -> flexible early return,Yes - verify current conditions before leaving,https://www.visitsunshinecoast.com/,Generated as a practical repeatable version of the base destination.
SEQ-1049,Variant / repeatable idea,Maleny Botanic Gardens & Bird World,After-nap short outing,Garden / Birds,Maleny,95,75-110 min,60-100km / bigger day trip,Free-$,Afternoon,1-2h,"0-3, 3-6, adult",Yes,Maybe,High,3.5,4,C - bigger day trip,Usually easy or paid nearby; verify for peak days,Usually available nearby; verify for bushwalk/beach,Maleny/Montville village -> Mary Cairncross -> dairy/cheese stop,Yes - verify current conditions before leaving,https://www.visitsunshinecoast.com/,Generated as a practical repeatable version of the base destination.
SEQ-1050,Variant / repeatable idea,Maleny Dairy,After-nap short outing,Farm / Food,Maleny,93,75-110 min,60-100km / bigger day trip,Free-$,Afternoon,1-2h,"0-3, 3-6, adult",Yes,Maybe,High,4.5,4,C - bigger day trip,Usually easy or paid nearby; verify for peak days,Usually available nearby; verify for bushwalk/beach,Maleny/Montville village -> Mary Cairncross -> dairy/cheese stop,Yes - verify current conditions before leaving,https://www.visitsunshinecoast.com/,Generated as a practical repeatable version of the base destination.
SEQ-1051,Variant / repeatable idea,Maleny Town Centre,After-nap short outing,Village + Food,Maleny,92,75-110 min,60-100km / bigger day trip,Free-$,Afternoon,1-2h,"3-6, adult",Yes,Maybe,High,3.5,5,C - bigger day trip,Usually easy or paid nearby; verify for peak days,Usually available nearby; verify for bushwalk/beach,Maleny/Montville village -> Mary Cairncross -> dairy/cheese stop,Yes - verify current conditions before leaving,https://www.visitsunshinecoast.com/,Generated as a practical repeatable version of the base destination.
SEQ-1052,Variant / repeatable idea,Gardners Falls,After-nap short outing,Waterfall / Picnic,Maleny,94,75-110 min,60-100km / bigger day trip,Free-$,Afternoon,1-2h,"0-3, 3-6, adult",Yes,Maybe,Medium,4.5,3,C - bigger day trip,Usually easy or paid nearby; verify for peak days,Usually available nearby; verify for bushwalk/beach,Gardners Falls -> nearby cafe/park -> flexible early return,Yes - verify current conditions before leaving,https://parks.desi.qld.gov.au/parks,Generated as a practical repeatable version of the base destination.
SEQ-1053,Variant / repeatable idea,Montville Village,After-nap short outing,Village + Views,Montville,100,90-130 min,60-100km / bigger day trip,Free-$,Afternoon,1-2h,"3-6, adult",Yes,Maybe,High,3.5,4,C - bigger day trip,Usually easy or paid nearby; verify for peak days,Usually available nearby; verify for bushwalk/beach,Maleny/Montville village -> Mary Cairncross -> dairy/cheese stop,Yes - verify current conditions before leaving,https://www.visitsunshinecoast.com/,Generated as a practical repeatable version of the base destination.
SEQ-1054,Variant / repeatable idea,Kondalilla National Park,After-nap short outing,Waterfall / Rainforest,Montville,105,90-130 min,100km fringe / check drive,Free-$,Afternoon,1-2h,"0-3, 3-6, adult",Yes,Maybe,High,4.5,4,C - bigger day trip,Usually easy or paid nearby; verify for peak days,Usually available nearby; verify for bushwalk/beach,Kondalilla National Park -> nearby cafe/park -> flexible early return,Yes - verify current conditions before leaving,https://parks.desi.qld.gov.au/parks,Generated as a practical repeatable version of the base destination.
SEQ-1055,Variant / repeatable idea,Australia Zoo,After-nap short outing,Wildlife / Zoo,Beerwah,80,75-110 min,60-100km / bigger day trip,Free-$,Afternoon,1-2h,"0-3, 3-6, adult",Yes,Maybe,Medium,5,3,C - bigger day trip,Usually easy or paid nearby; verify for peak days,Usually available nearby; verify for bushwalk/beach,Australia Zoo -> nearby cafe/park -> flexible early return,Yes - verify current conditions before leaving,https://www.visitsunshinecoast.com/,Generated as a practical repeatable version of the base destination.
SEQ-1056,Variant / repeatable idea,Big Kart Track,After-nap short outing,Go Kart,Landsborough,85,75-110 min,60-100km / bigger day trip,Free-$,Afternoon,1-2h,"3-6, adult",Yes,Maybe,Medium,3.5,3,C - bigger day trip,Usually easy or paid nearby; verify for peak days,Usually available nearby; verify for bushwalk/beach,Big Kart Track -> nearby cafe/park -> flexible early return,Yes - verify current conditions before leaving,https://www.visitsunshinecoast.com/,Generated as a practical repeatable version of the base destination.
SEQ-1057,Variant / repeatable idea,Aussie World,After-nap short outing,Theme Park,Palmview,85,75-110 min,60-100km / bigger day trip,Free-$,Afternoon,1-2h,"0-3, 3-6, adult",Yes,Maybe,Medium,4.5,3,C - bigger day trip,Usually easy or paid nearby; verify for peak days,Usually available nearby; verify for bushwalk/beach,Aussie World -> nearby cafe/park -> flexible early return,Yes - verify current conditions before leaving,https://www.visitsunshinecoast.com/,Generated as a practical repeatable version of the base destination.
SEQ-1058,Variant / repeatable idea,The Big Pineapple / Wildlife HQ,After-nap short outing,Wildlife / Icon,Woombye,102,90-130 min,100km fringe / check drive,Free-$,Afternoon,1-2h,"0-3, 3-6, adult",Yes,Maybe,Medium,4.5,3,C - bigger day trip,Usually easy or paid nearby; verify for peak days,Usually available nearby; verify for bushwalk/beach,The Big Pineapple / Wildlife HQ -> nearby cafe/park -> flexible early return,Yes - verify current conditions before leaving,https://www.visitsunshinecoast.com/,Generated as a practical repeatable version of the base destination.
SEQ-1059,Variant / repeatable idea,Caloundra Bulcock Beach,After-nap short outing,Beach,Caloundra,95,75-110 min,60-100km / bigger day trip,Free-$,Afternoon,1-2h,"0-3, 3-6, adult",Yes,Maybe,High,4.5,4,C - bigger day trip,Usually easy or paid nearby; verify for peak days,Usually available nearby; verify for bushwalk/beach,Caloundra Bulcock Beach -> nearby cafe/park -> flexible early return,Yes - verify current conditions before leaving,https://www.visitsunshinecoast.com/,Generated as a practical repeatable version of the base destination.
SEQ-1060,Variant / repeatable idea,Kings Beach,After-nap short outing,Beach / Water Play,Caloundra,97,90-130 min,60-100km / bigger day trip,Free-$,Afternoon,1-2h,"0-3, 3-6, adult",Yes,Maybe,High,5,4,C - bigger day trip,Usually easy or paid nearby; verify for peak days,Usually available nearby; verify for bushwalk/beach,Kings Beach -> nearby cafe/park -> flexible early return,Yes - verify current conditions before leaving,https://www.visitsunshinecoast.com/,Generated as a practical repeatable version of the base destination.
SEQ-1061,Variant / repeatable idea,Moffat Beach,After-nap short outing,Beach + Cafe,Caloundra,98,90-130 min,60-100km / bigger day trip,Free-$,Afternoon,1-2h,"0-3, 3-6, adult",Yes,Maybe,High,4.5,4,C - bigger day trip,Usually easy or paid nearby; verify for peak days,Usually available nearby; verify for bushwalk/beach,Moffat Beach -> nearby cafe/park -> flexible early return,Yes - verify current conditions before leaving,https://www.visitsunshinecoast.com/,Generated as a practical repeatable version of the base destination.
SEQ-1062,Variant / repeatable idea,Pumicestone Passage,After-nap short outing,Calm Water,Caloundra / Golden Beach,95,75-110 min,60-100km / bigger day trip,Free-$,Afternoon,1-2h,"0-3, 3-6, adult",Yes,Maybe,Medium,4.5,3,C - bigger day trip,Usually easy or paid nearby; verify for peak days,Usually available nearby; verify for bushwalk/beach,Pumicestone Passage -> nearby cafe/park -> flexible early return,Yes - verify current conditions before leaving,https://www.visitsunshinecoast.com/,Generated as a practical repeatable version of the base destination.
SEQ-1063,Variant / repeatable idea,Ewen Maddock Dam,After-nap short outing,Lake / Picnic,Landsborough,82,75-110 min,60-100km / bigger day trip,Free-$,Afternoon,1-2h,"3-6, adult",Yes,Maybe,Medium,3.5,3,C - bigger day trip,Usually easy or paid nearby; verify for peak days,Usually available nearby; verify for bushwalk/beach,Ewen Maddock Dam -> nearby cafe/park -> flexible early return,Yes - verify current conditions before leaving,https://www.visitsunshinecoast.com/,Generated as a practical repeatable version of the base destination.
SEQ-1064,Variant / repeatable idea,Caboolture to Beerburrum scenic drive,After-nap short outing,Scenic Drive,Moreton Bay / Sunshine Coast,60,60-90 min,30-60km / half-day to day,Free-$,Afternoon,1-2h,"3-6, adult",Yes,Maybe,High,3.5,4,B - planned day,Usually easy or paid nearby; verify for peak days,Usually available nearby; verify for bushwalk/beach,Caboolture to Beerburrum scenic drive -> nearby cafe/park -> flexible early return,Yes - verify current conditions before leaving,https://www.visitsunshinecoast.com/,Generated as a practical repeatable version of the base destination.
SEQ-1065,Variant / repeatable idea,Somerset Dam,After-nap short outing,Lake / Picnic,Somerset Region,95,75-110 min,60-100km / bigger day trip,Free-$,Afternoon,1-2h,"3-6, adult",Yes,Maybe,Medium,3.5,3,C - bigger day trip,Usually easy or paid nearby; verify for peak days,Usually available nearby; verify for bushwalk/beach,Somerset Dam -> nearby cafe/park -> flexible early return,Yes - verify current conditions before leaving,https://www.discoveripswich.com.au/,Generated as a practical repeatable version of the base destination.
SEQ-1066,Variant / repeatable idea,Lake Wivenhoe - Spillway Common,After-nap short outing,Lake / Picnic,Wivenhoe,65,60-90 min,60-100km / bigger day trip,Free-$,Afternoon,1-2h,"3-6, adult",Yes,Maybe,Medium,3.5,3,B - planned day,Usually easy or paid nearby; verify for peak days,Usually available nearby; verify for bushwalk/beach,Lake Wivenhoe - Spillway Common -> nearby cafe/park -> flexible early return,Yes - verify current conditions before leaving,https://www.discoveripswich.com.au/,Generated as a practical repeatable version of the base destination.
SEQ-1067,Variant / repeatable idea,Wivenhoe Dam Lookout,After-nap short outing,Dam / View,Wivenhoe,65,60-90 min,60-100km / bigger day trip,Free-$,Afternoon,1-2h,"3-6, adult",Yes,Maybe,Medium,3.5,3,B - planned day,Usually easy or paid nearby; verify for peak days,Usually available nearby; verify for bushwalk/beach,Wivenhoe Dam Lookout -> nearby cafe/park -> flexible early return,Yes - verify current conditions before leaving,https://www.discoveripswich.com.au/,Generated as a practical repeatable version of the base destination.
SEQ-1068,Variant / repeatable idea,Fernvale Village,After-nap short outing,Country Town + Bakery,Fernvale,55,60-90 min,30-60km / half-day to day,Free-$,Afternoon,1-2h,"3-6, adult",Yes,Maybe,Medium,3.5,3,B - planned day,Usually easy or paid nearby; verify for peak days,Usually available nearby; verify for bushwalk/beach,Fernvale Village -> nearby cafe/park -> flexible early return,Yes - verify current conditions before leaving,https://www.discoveripswich.com.au/,Generated as a practical repeatable version of the base destination.
SEQ-1069,Variant / repeatable idea,Esk Town Centre,After-nap short outing,Country Town,Esk,85,75-110 min,60-100km / bigger day trip,Free-$,Afternoon,1-2h,"3-6, adult",Yes,Maybe,Medium,3.5,3,C - bigger day trip,Usually easy or paid nearby; verify for peak days,Usually available nearby; verify for bushwalk/beach,Esk Town Centre -> nearby cafe/park -> flexible early return,Yes - verify current conditions before leaving,https://www.discoveripswich.com.au/,Generated as a practical repeatable version of the base destination.
SEQ-1070,Variant / repeatable idea,Lake Atkinson,After-nap short outing,Lake / Picnic,Atkinson Dam,80,75-110 min,60-100km / bigger day trip,Free-$,Afternoon,1-2h,"3-6, adult",Yes,Maybe,Medium,3.5,3,C - bigger day trip,Usually easy or paid nearby; verify for peak days,Usually available nearby; verify for bushwalk/beach,Lake Atkinson -> nearby cafe/park -> flexible early return,Yes - verify current conditions before leaving,https://www.discoveripswich.com.au/,Generated as a practical repeatable version of the base destination.
SEQ-1071,Variant / repeatable idea,Lake Kurwongbah,After-nap short outing,Lake / Picnic,Petrie / Kurwongbah,30,30-50 min,15-30km / easy half-day,Free-$,Afternoon,1-2h,"3-6, adult",Yes,Maybe,Medium,3.5,3,A - easy repeat,Usually easy or paid nearby; verify for peak days,Usually available nearby; verify for bushwalk/beach,Lake Kurwongbah -> nearby cafe/park -> flexible early return,Recommended,https://www.visitmoretonbay.com.au/,Generated as a practical repeatable version of the base destination.
SEQ-1072,Variant / repeatable idea,Old Petrie Town,After-nap short outing,Heritage / Market,Petrie,27,30-50 min,15-30km / easy half-day,Free-$,Afternoon,1-2h,"0-3, 3-6, adult",Yes,Maybe,Medium,4.5,3,A - easy repeat,Usually easy or paid nearby; verify for peak days,Usually available nearby; verify for bushwalk/beach,Market breakfast -> nearby playground/park -> home before nap,Recommended,https://www.visitmoretonbay.com.au/,Generated as a practical repeatable version of the base destination.
SEQ-1073,Variant / repeatable idea,Petrie Mill Water Park / USC precinct,After-nap short outing,Water Play / Walk,Petrie,27,30-50 min,15-30km / easy half-day,Free-$,Afternoon,1-2h,"0-3, 3-6, adult",Yes,Maybe,Medium,4.5,3,A - easy repeat,Usually easy or paid nearby; verify for peak days,Usually available nearby; verify for bushwalk/beach,Petrie Mill Water Park / USC precinct -> nearby cafe/park -> flexible early return,Recommended,https://www.visitmoretonbay.com.au/,Generated as a practical repeatable version of the base destination.
SEQ-1074,Variant / repeatable idea,North Pine Dam / Bullocky Rest,After-nap short outing,Lake / Picnic,Joyner,30,30-50 min,15-30km / easy half-day,Free-$,Afternoon,1-2h,"3-6, adult",Yes,Maybe,Medium,3.5,3,A - easy repeat,Usually easy or paid nearby; verify for peak days,Usually available nearby; verify for bushwalk/beach,North Pine Dam / Bullocky Rest -> nearby cafe/park -> flexible early return,Recommended,https://www.visitmoretonbay.com.au/,Generated as a practical repeatable version of the base destination.
SEQ-1075,Variant / repeatable idea,Coochiemudlo Island,After-nap short outing,Island / Beach,Redlands Coast,45,45-70 min,30-60km / half-day to day,Free-$,Afternoon,1-2h,"0-3, 3-6, adult",Yes,Maybe,High,4.5,4,B - planned day,Usually easy or paid nearby; verify for peak days,Usually available nearby; verify for bushwalk/beach,Ferry planning -> beach/walk -> early return buffer,Recommended,https://www.visitredlandscoast.com.au/,Generated as a practical repeatable version of the base destination.
SEQ-1076,Variant / repeatable idea,North Stradbroke Island - Dunwich,After-nap short outing,Island / Village,Redlands Coast,45,45-70 min,30-60km / half-day to day,Free-$,Afternoon,1-2h,"3-6, adult",Yes,Maybe,High,3.5,4,B - planned day,Usually easy or paid nearby; verify for peak days,Usually available nearby; verify for bushwalk/beach,Ferry planning -> beach/walk -> early return buffer,Recommended,https://www.visitredlandscoast.com.au/,Generated as a practical repeatable version of the base destination.
SEQ-1077,Variant / repeatable idea,North Stradbroke Island - Point Lookout,After-nap short outing,Island / Beach,Redlands Coast,60,60-90 min,30-60km / half-day to day,Free-$,Afternoon,1-2h,"0-3, 3-6, adult",Yes,Maybe,High,4.5,4,B - planned day,Usually easy or paid nearby; verify for peak days,Usually available nearby; verify for bushwalk/beach,Ferry planning -> beach/walk -> early return buffer,Yes - verify current conditions before leaving,https://www.visitredlandscoast.com.au/,Generated as a practical repeatable version of the base destination.
SEQ-1078,Variant / repeatable idea,Cylinder Beach,After-nap short outing,Beach,North Stradbroke Island,60,60-90 min,30-60km / half-day to day,Free-$,Afternoon,1-2h,"0-3, 3-6, adult",Yes,Maybe,High,4.5,4,B - planned day,Usually easy or paid nearby; verify for peak days,Usually available nearby; verify for bushwalk/beach,Cylinder Beach -> nearby cafe/park -> flexible early return,Yes - verify current conditions before leaving,https://www.visitredlandscoast.com.au/,Generated as a practical repeatable version of the base destination.
SEQ-1079,Variant / repeatable idea,Amity Point,After-nap short outing,Coast / Wildlife,North Stradbroke Island,60,60-90 min,30-60km / half-day to day,Free-$,Afternoon,1-2h,"0-3, 3-6, adult",Yes,Maybe,High,4.5,4,B - planned day,Usually easy or paid nearby; verify for peak days,Usually available nearby; verify for bushwalk/beach,Amity Point -> nearby cafe/park -> flexible early return,Yes - verify current conditions before leaving,https://www.visitredlandscoast.com.au/,Generated as a practical repeatable version of the base destination.
SEQ-1080,Variant / repeatable idea,North Gorge Walk,After-nap short outing,Coastal Walk,Point Lookout,60,60-90 min,30-60km / half-day to day,Free-$,Afternoon,1-2h,"3-6, adult",Yes,Maybe,High,3.5,4,B - planned day,Usually easy or paid nearby; verify for peak days,Usually available nearby; verify for bushwalk/beach,North Gorge Walk -> nearby cafe/park -> flexible early return,Yes - verify current conditions before leaving,https://www.visitredlandscoast.com.au/,Generated as a practical repeatable version of the base destination.
SEQ-1081,Variant / repeatable idea,Peel Island viewpoint from Cleveland ferry route,After-nap short outing,Bay / Boat Trip,Moreton Bay,35,45-70 min,30-60km / half-day to day,Free-$,Afternoon,1-2h,"3-6, adult",Yes,Maybe,Medium,3.5,3,B - planned day,Usually easy or paid nearby; verify for peak days,Usually available nearby; verify for bushwalk/beach,Ferry planning -> beach/walk -> early return buffer,Recommended,https://www.visitredlandscoast.com.au/,Generated as a practical repeatable version of the base destination.
SEQ-1082,Variant / repeatable idea,Macleay Island,After-nap short outing,Island Day Trip,Redlands Coast,50,45-70 min,30-60km / half-day to day,Free-$,Afternoon,1-2h,"3-6, adult",Yes,Maybe,Medium,3.5,3,B - planned day,Usually easy or paid nearby; verify for peak days,Usually available nearby; verify for bushwalk/beach,Ferry planning -> beach/walk -> early return buffer,Recommended,https://www.visitredlandscoast.com.au/,Generated as a practical repeatable version of the base destination.
SEQ-1083,Variant / repeatable idea,Russell Island,After-nap short outing,Island Day Trip,Redlands Coast,55,60-90 min,30-60km / half-day to day,Free-$,Afternoon,1-2h,"3-6, adult",Yes,Maybe,Medium,3.5,3,B - planned day,Usually easy or paid nearby; verify for peak days,Usually available nearby; verify for bushwalk/beach,Ferry planning -> beach/walk -> early return buffer,Yes - verify current conditions before leaving,https://www.visitredlandscoast.com.au/,Generated as a practical repeatable version of the base destination.
SEQ-1084,Variant / repeatable idea,Karragarra Island,After-nap short outing,Island Day Trip,Redlands Coast,50,45-70 min,30-60km / half-day to day,Free-$,Afternoon,1-2h,"3-6, adult",Yes,Maybe,Medium,3.5,3,B - planned day,Usually easy or paid nearby; verify for peak days,Usually available nearby; verify for bushwalk/beach,Ferry planning -> beach/walk -> early return buffer,Recommended,https://www.visitredlandscoast.com.au/,Generated as a practical repeatable version of the base destination.
SEQ-1085,Variant / repeatable idea,Lamb Island,After-nap short outing,Island Day Trip,Redlands Coast,50,45-70 min,30-60km / half-day to day,Free-$,Afternoon,1-2h,"3-6, adult",Yes,Maybe,Medium,3.5,3,B - planned day,Usually easy or paid nearby; verify for peak days,Usually available nearby; verify for bushwalk/beach,Ferry planning -> beach/walk -> early return buffer,Recommended,https://www.visitredlandscoast.com.au/,Generated as a practical repeatable version of the base destination.
SEQ-1086,Variant / repeatable idea,Bluey's World,After-nap short outing,Indoor / Kids,Northshore Hamilton,9,20-35 min,0-15km / quick local,Free-$,Afternoon,1-2h,"0-3, 3-6, adult",Yes,Maybe,Medium,4.5,3,A - easy repeat,Usually easy or paid nearby; verify for peak days,Usually available nearby; verify for bushwalk/beach,Bluey's World -> nearby cafe/park -> flexible early return,Recommended,https://www.blueysworld.com/,Generated as a practical repeatable version of the base destination.
SEQ-1087,Variant / repeatable idea,Area 51 Brisbane,After-nap short outing,Indoor Play,Underwood,22,30-50 min,15-30km / easy half-day,Free-$,Afternoon,1-2h,"0-3, 3-6, adult",Yes,Maybe,Medium,4.5,3,A - easy repeat,Usually easy or paid nearby; verify for peak days,Usually available nearby; verify for bushwalk/beach,Area 51 Brisbane -> nearby cafe/park -> flexible early return,Recommended,https://www.area51world.com.au/,Generated as a practical repeatable version of the base destination.
SEQ-1088,Variant / repeatable idea,Bounce Tingalpa,After-nap short outing,Indoor Play,Tingalpa,15,20-35 min,0-15km / quick local,Free-$,Afternoon,1-2h,"0-3, 3-6, adult",Yes,Maybe,Medium,4.5,3,A - easy repeat,Usually easy or paid nearby; verify for peak days,Usually available nearby; verify for bushwalk/beach,Bounce Tingalpa -> nearby cafe/park -> flexible early return,Recommended,https://bounceinc.com.au/venues/tingalpa/,Generated as a practical repeatable version of the base destination.
SEQ-1089,Variant / repeatable idea,Bounce Macgregor,After-nap short outing,Indoor Play,Macgregor,14,20-35 min,0-15km / quick local,Free-$,Afternoon,1-2h,"0-3, 3-6, adult",Yes,Maybe,Medium,4.5,3,A - easy repeat,Usually easy or paid nearby; verify for peak days,Usually available nearby; verify for bushwalk/beach,Bounce Macgregor -> nearby cafe/park -> flexible early return,Recommended,https://bounceinc.com.au/venues/macgregor/,Generated as a practical repeatable version of the base destination.
SEQ-1090,Variant / repeatable idea,Urban Xtreme,After-nap short outing,Indoor Adventure,Hendra,9,20-35 min,0-15km / quick local,Free-$,Afternoon,1-2h,"0-3, 3-6, adult",Yes,Maybe,Medium,4.5,3,A - easy repeat,Usually easy or paid nearby; verify for peak days,Usually available nearby; verify for bushwalk/beach,Urban Xtreme -> nearby cafe/park -> flexible early return,Recommended,https://bounceinc.com.au/venues/hendra/?source=urban-xtreme,Generated as a practical repeatable version of the base destination.
SEQ-1091,Variant / repeatable idea,Iceworld Olympic Ice Rinks,After-nap short outing,Ice Skating,Acacia Ridge,15,20-35 min,0-15km / quick local,Free-$,Afternoon,1-2h,"3-6, adult",Yes,Maybe,Medium,3.5,3,A - easy repeat,Usually easy or paid nearby; verify for peak days,Usually available nearby; verify for bushwalk/beach,Iceworld Olympic Ice Rinks -> nearby cafe/park -> flexible early return,Recommended,https://www.iceworld.com.au/,Generated as a practical repeatable version of the base destination.
SEQ-1092,Variant / repeatable idea,Iceworld Boondall,After-nap short outing,Ice Skating,Boondall,18,30-50 min,15-30km / easy half-day,Free-$,Afternoon,1-2h,"3-6, adult",Yes,Maybe,Medium,3.5,3,A - easy repeat,Usually easy or paid nearby; verify for peak days,Usually available nearby; verify for bushwalk/beach,Iceworld Boondall -> nearby cafe/park -> flexible early return,Recommended,https://www.iceworld.com.au/,Generated as a practical repeatable version of the base destination.
SEQ-1093,Variant / repeatable idea,Holey Moley Fortitude Valley,After-nap short outing,Mini Golf / Indoor,Fortitude Valley,3,10-20 min,0-15km / quick local,Free-$,Afternoon,1-2h,"0-3, 3-6, adult",Yes,Maybe,Medium,4.5,3,A - easy repeat,Usually easy or paid nearby; verify for peak days,Usually available nearby; verify for bushwalk/beach,Holey Moley Fortitude Valley -> nearby cafe/park -> flexible early return,Recommended,https://holeymoley.com.au/locations/fortitude-valley,Generated as a practical repeatable version of the base destination.
SEQ-1094,Variant / repeatable idea,Strike Bowling Wintergarden,After-nap short outing,Bowling / Indoor,Brisbane CBD,1,10-20 min,0-15km / quick local,Free-$,Afternoon,1-2h,"0-3, 3-6, adult",Yes,Maybe,Medium,4.5,3,A - easy repeat,Usually easy or paid nearby; verify for peak days,Usually available nearby; verify for bushwalk/beach,Strike Bowling Wintergarden -> nearby cafe/park -> flexible early return,Recommended,https://strikebowling.com.au/locations/strike-brisbane-city,Generated as a practical repeatable version of the base destination.
SEQ-1095,Variant / repeatable idea,Archie Brothers Cirque Electriq Toombul/Northshore alternatives,After-nap short outing,Arcade / Indoor,Brisbane,8,20-35 min,0-15km / quick local,Free-$,Afternoon,1-2h,"0-3, 3-6, adult",Yes,Maybe,Medium,4.5,3,A - easy repeat,Usually easy or paid nearby; verify for peak days,Usually available nearby; verify for bushwalk/beach,Archie Brothers Cirque Electriq Toombul/Northshore alternatives -> nearby cafe/park -> flexible early return,Recommended,https://www.queensland.com/au/en/places-to-see/destinations/brisbane,Generated as a practical repeatable version of the base destination.
SEQ-1096,Variant / repeatable idea,Cineplex South Bank,After-nap short outing,Cinema,South Brisbane,3,10-20 min,0-15km / quick local,Free-$,Afternoon,1-2h,"0-3, 3-6, adult",Yes,Maybe,Medium,4.5,3,A - easy repeat,Usually easy or paid nearby; verify for peak days,Usually available nearby; verify for bushwalk/beach,South Bank -> QAGOMA/Queensland Museum -> Fish Lane or riverside dinner,Recommended,https://www.cineplex.com.au/,Generated as a practical repeatable version of the base destination.
SEQ-1097,Variant / repeatable idea,Event Cinemas Indooroopilly,After-nap short outing,Cinema,Indooroopilly,8,20-35 min,0-15km / quick local,Free-$,Afternoon,1-2h,"0-3, 3-6, adult",Yes,Maybe,Medium,4.5,3,A - easy repeat,Usually easy or paid nearby; verify for peak days,Usually available nearby; verify for bushwalk/beach,Event Cinemas Indooroopilly -> nearby cafe/park -> flexible early return,Recommended,https://www.eventcinemas.com.au/Cinema/Indooroopilly,Generated as a practical repeatable version of the base destination.
SEQ-1098,Variant / repeatable idea,Dendy Coorparoo,After-nap short outing,Cinema,Coorparoo,7,20-35 min,0-15km / quick local,Free-$,Afternoon,1-2h,"0-3, 3-6, adult",Yes,Maybe,Medium,4.5,3,A - easy repeat,Usually easy or paid nearby; verify for peak days,Usually available nearby; verify for bushwalk/beach,Dendy Coorparoo -> nearby cafe/park -> flexible early return,Recommended,https://www.queensland.com/au/en/places-to-see/destinations/brisbane,Generated as a practical repeatable version of the base destination.
SEQ-1099,Variant / repeatable idea,Palace James Street,After-nap short outing,Cinema,Fortitude Valley,3,10-20 min,0-15km / quick local,Free-$,Afternoon,1-2h,"0-3, 3-6, adult",Yes,Maybe,Medium,4.5,3,A - easy repeat,Usually easy or paid nearby; verify for peak days,Usually available nearby; verify for bushwalk/beach,Palace James Street -> nearby cafe/park -> flexible early return,Recommended,https://www.queensland.com/au/en/places-to-see/destinations/brisbane,Generated as a practical repeatable version of the base destination.
SEQ-1100,Variant / repeatable idea,QUT The Cube,After-nap short outing,STEM / Indoor,Brisbane CBD,1,10-20 min,0-15km / quick local,Free-$,Afternoon,1-2h,"0-3, 3-6, adult",Yes,Maybe,Medium,5,3,A - easy repeat,Usually easy or paid nearby; verify for peak days,Usually available nearby; verify for bushwalk/beach,QUT The Cube -> nearby cafe/park -> flexible early return,Recommended,https://visit.brisbane.qld.au/inspiration/things-to-do-with-kids-in-brisbane,Generated as a practical repeatable version of the base destination.
SEQ-1101,Variant / repeatable idea,Sir Thomas Brisbane Planetarium,After-nap short outing,Planetarium,Mt Coot-tha,8,20-35 min,0-15km / quick local,Free-$,Afternoon,1-2h,"3-6, adult",Yes,Maybe,Medium,3.5,3,A - easy repeat,Usually easy or paid nearby; verify for peak days,Usually available nearby; verify for bushwalk/beach,Sir Thomas Brisbane Planetarium -> nearby cafe/park -> flexible early return,Recommended,https://www.brisbane.qld.gov.au/parks-and-recreation,Generated as a practical repeatable version of the base destination.
SEQ-1102,Variant / repeatable idea,Queensland Maritime Museum,After-nap short outing,Museum / Heritage,South Brisbane,3,10-20 min,0-15km / quick local,Free-$,Afternoon,1-2h,"0-3, 3-6, adult",Yes,Maybe,Medium,4.5,3,A - easy repeat,Usually easy or paid nearby; verify for peak days,Usually available nearby; verify for bushwalk/beach,South Bank -> QAGOMA/Queensland Museum -> Fish Lane or riverside dinner,Recommended,https://maritimemuseum.com.au/,Generated as a practical repeatable version of the base destination.
SEQ-1103,Variant / repeatable idea,Museum of Brisbane,After-nap short outing,Museum / Culture,Brisbane CBD,1,10-20 min,0-15km / quick local,Free-$,Afternoon,1-2h,"0-3, 3-6, adult",Yes,Maybe,High,4.5,4,A - easy repeat,Usually easy or paid nearby; verify for peak days,Usually available nearby; verify for bushwalk/beach,South Bank -> QAGOMA/Queensland Museum -> Fish Lane or riverside dinner,Recommended,https://www.museumofbrisbane.com.au/,Generated as a practical repeatable version of the base destination.
SEQ-1104,Variant / repeatable idea,Commissariat Store Museum,After-nap short outing,Heritage,Brisbane CBD,1,10-20 min,0-15km / quick local,Free-$,Afternoon,1-2h,"3-6, adult",Yes,Maybe,Medium,3.5,3,A - easy repeat,Usually easy or paid nearby; verify for peak days,Usually available nearby; verify for bushwalk/beach,South Bank -> QAGOMA/Queensland Museum -> Fish Lane or riverside dinner,Recommended,https://www.queensland.com/au/en/places-to-see/destinations/brisbane,Generated as a practical repeatable version of the base destination.
SEQ-1105,Variant / repeatable idea,Wolston Farmhouse,After-nap short outing,Heritage,Wacol,18,30-50 min,15-30km / easy half-day,Free-$,Afternoon,1-2h,"3-6, adult",Yes,Maybe,Medium,3.5,3,A - easy repeat,Usually easy or paid nearby; verify for peak days,Usually available nearby; verify for bushwalk/beach,Wolston Farmhouse -> nearby cafe/park -> flexible early return,Recommended,https://www.queensland.com/au/en/places-to-see/destinations/brisbane,Generated as a practical repeatable version of the base destination.
SEQ-1106,Variant / repeatable idea,Brookfield Showgrounds,After-nap short outing,Events / Country,Brookfield,14,20-35 min,0-15km / quick local,Free-$,Afternoon,1-2h,"3-6, adult",Yes,Maybe,Medium,3.5,3,A - easy repeat,Usually easy or paid nearby; verify for peak days,Usually available nearby; verify for bushwalk/beach,Brookfield Showgrounds -> nearby cafe/park -> flexible early return,Recommended,https://www.queensland.com/au/en/places-to-see/destinations/brisbane,Generated as a practical repeatable version of the base destination.
SEQ-1107,Variant / repeatable idea,Brisbane Entertainment Centre,After-nap short outing,Shows / Events,Boondall,18,30-50 min,15-30km / easy half-day,Free-$,Afternoon,1-2h,"3-6, adult",Yes,Maybe,Medium,3.5,3,A - easy repeat,Usually easy or paid nearby; verify for peak days,Usually available nearby; verify for bushwalk/beach,Brisbane Entertainment Centre -> nearby cafe/park -> flexible early return,Recommended,https://www.brisent.com.au/,Generated as a practical repeatable version of the base destination.
SEQ-1108,Variant / repeatable idea,Redcliffe Entertainment Centre,After-nap short outing,Shows / Culture,Redcliffe,35,45-70 min,30-60km / half-day to day,Free-$,Afternoon,1-2h,"3-6, adult",Yes,Maybe,High,3.5,4,B - planned day,Usually easy or paid nearby; verify for peak days,Usually available nearby; verify for bushwalk/beach,Redcliffe Jetty -> Settlement Cove/Suttons Beach -> Scarborough sunset,Recommended,https://www.moretonbay.qld.gov.au/Events,Generated as a practical repeatable version of the base destination.
SEQ-1109,Variant / repeatable idea,Ipswich Civic Centre,After-nap short outing,Shows / Culture,Ipswich,40,45-70 min,30-60km / half-day to day,Free-$,Afternoon,1-2h,"3-6, adult",Yes,Maybe,High,3.5,4,B - planned day,Usually easy or paid nearby; verify for peak days,Usually available nearby; verify for bushwalk/beach,Queens Park -> Ipswich Nature Centre -> Ipswich Art Gallery/rail museum,Recommended,https://www.discoveripswich.com.au/,Generated as a practical repeatable version of the base destination.
SEQ-1110,Variant / repeatable idea,Logan Entertainment Centre,After-nap short outing,Shows / Culture,Logan,25,30-50 min,15-30km / easy half-day,Free-$,Afternoon,1-2h,"3-6, adult",Yes,Maybe,High,3.5,4,A - easy repeat,Usually easy or paid nearby; verify for peak days,Usually available nearby; verify for bushwalk/beach,Logan Entertainment Centre -> nearby cafe/park -> flexible early return,Recommended,https://www.logan.qld.gov.au/,Generated as a practical repeatable version of the base destination.
SEQ-1111,Variant / repeatable idea,Jan Powers Farmers Market New Farm,After-nap short outing,Market,New Farm,4,10-20 min,0-15km / quick local,Free-$,Afternoon,1-2h,"0-3, 3-6, adult",Yes,Maybe,Medium,4.5,3,A - easy repeat,Usually easy or paid nearby; verify for peak days,Usually available nearby; verify for bushwalk/beach,Market breakfast -> nearby playground/park -> home before nap,Recommended,https://www.queensland.com/au/en/places-to-see/destinations/brisbane,Generated as a practical repeatable version of the base destination.
SEQ-1112,Variant / repeatable idea,Brisbane City Markets,After-nap short outing,Market,Brisbane CBD,1,10-20 min,0-15km / quick local,Free-$,Afternoon,1-2h,"0-3, 3-6, adult",Yes,Maybe,Medium,4.5,3,A - easy repeat,Usually easy or paid nearby; verify for peak days,Usually available nearby; verify for bushwalk/beach,Market breakfast -> nearby playground/park -> home before nap,Recommended,https://www.queensland.com/au/en/places-to-see/destinations/brisbane,Generated as a practical repeatable version of the base destination.
SEQ-1113,Variant / repeatable idea,Carseldine Markets,After-nap short outing,Market,Carseldine,16,30-50 min,15-30km / easy half-day,Free-$,Afternoon,1-2h,"0-3, 3-6, adult",Yes,Maybe,Medium,4.5,3,A - easy repeat,Usually easy or paid nearby; verify for peak days,Usually available nearby; verify for bushwalk/beach,Market breakfast -> nearby playground/park -> home before nap,Recommended,https://www.queensland.com/au/en/places-to-see/destinations/brisbane,Generated as a practical repeatable version of the base destination.
SEQ-1114,Variant / repeatable idea,Nundah Farmers Market,After-nap short outing,Market,Nundah,9,20-35 min,0-15km / quick local,Free-$,Afternoon,1-2h,"0-3, 3-6, adult",Yes,Maybe,Medium,4.5,3,A - easy repeat,Usually easy or paid nearby; verify for peak days,Usually available nearby; verify for bushwalk/beach,Market breakfast -> nearby playground/park -> home before nap,Recommended,https://www.queensland.com/au/en/places-to-see/destinations/brisbane,Generated as a practical repeatable version of the base destination.
SEQ-1115,Variant / repeatable idea,Rocklea Saturday Fresh Market,After-nap short outing,Market,Rocklea,12,20-35 min,0-15km / quick local,Free-$,Afternoon,1-2h,"0-3, 3-6, adult",Yes,Maybe,Medium,4.5,3,A - easy repeat,Usually easy or paid nearby; verify for peak days,Usually available nearby; verify for bushwalk/beach,Market breakfast -> nearby playground/park -> home before nap,Recommended,https://www.queensland.com/au/en/places-to-see/destinations/brisbane,Generated as a practical repeatable version of the base destination.
SEQ-1116,Variant / repeatable idea,Redcliffe Markets,After-nap short outing,Market,Redcliffe,35,45-70 min,30-60km / half-day to day,Free-$,Afternoon,1-2h,"0-3, 3-6, adult",Yes,Maybe,Medium,4.5,3,B - planned day,Usually easy or paid nearby; verify for peak days,Usually available nearby; verify for bushwalk/beach,Redcliffe Jetty -> Settlement Cove/Suttons Beach -> Scarborough sunset,Recommended,https://www.queensland.com/au/en/places-to-see/destinations/brisbane/moreton-bay,Generated as a practical repeatable version of the base destination.
SEQ-1117,Variant / repeatable idea,Manly Creative Markets,After-nap short outing,Market,Manly,22,30-50 min,15-30km / easy half-day,Free-$,Afternoon,1-2h,"0-3, 3-6, adult",Yes,Maybe,Medium,4.5,3,A - easy repeat,Usually easy or paid nearby; verify for peak days,Usually available nearby; verify for bushwalk/beach,Market breakfast -> nearby playground/park -> home before nap,Recommended,https://www.queensland.com/au/en/places-to-see/destinations/brisbane,Generated as a practical repeatable version of the base destination.
SEQ-1118,Variant / repeatable idea,Mt Gravatt Markets,After-nap short outing,Market,Mount Gravatt,13,20-35 min,0-15km / quick local,Free-$,Afternoon,1-2h,"0-3, 3-6, adult",Yes,Maybe,Medium,4.5,3,A - easy repeat,Usually easy or paid nearby; verify for peak days,Usually available nearby; verify for bushwalk/beach,Market breakfast -> nearby playground/park -> home before nap,Recommended,https://www.queensland.com/au/en/places-to-see/destinations/brisbane,Generated as a practical repeatable version of the base destination.
SEQ-1119,Variant / repeatable idea,Milton Mini Markets,After-nap short outing,Market,Milton,3,10-20 min,0-15km / quick local,Free-$,Afternoon,1-2h,"0-3, 3-6, adult",Yes,Maybe,Medium,4.5,3,A - easy repeat,Usually easy or paid nearby; verify for peak days,Usually available nearby; verify for bushwalk/beach,Market breakfast -> nearby playground/park -> home before nap,Recommended,https://goodwillprojects.com.au/markets/milton/,Generated as a practical repeatable version of the base destination.
SEQ-1120,Variant / repeatable idea,BrisStyle Handmade Markets,After-nap short outing,Market / Craft,Brisbane,3,10-20 min,0-15km / quick local,Free-$,Afternoon,1-2h,"0-3, 3-6, adult",Yes,Maybe,Medium,4.5,3,A - easy repeat,Usually easy or paid nearby; verify for peak days,Usually available nearby; verify for bushwalk/beach,Market breakfast -> nearby playground/park -> home before nap,Recommended,https://www.queensland.com/au/en/places-to-see/destinations/brisbane,Generated as a practical repeatable version of the base destination.
SEQ-1121,Variant / repeatable idea,South Bank Collective Markets,After-nap short outing,Market,South Bank,3,10-20 min,0-15km / quick local,Free-$,Afternoon,1-2h,"0-3, 3-6, adult",Yes,Maybe,Medium,4.5,3,A - easy repeat,Usually easy or paid nearby; verify for peak days,Usually available nearby; verify for bushwalk/beach,South Bank -> QAGOMA/Queensland Museum -> Fish Lane or riverside dinner,Recommended,https://www.queensland.com/au/en/places-to-see/destinations/brisbane,Generated as a practical repeatable version of the base destination.
SEQ-1122,Variant / repeatable idea,Northey Street Organic Farmers Market,After-nap short outing,Market,Windsor,5,10-20 min,0-15km / quick local,Free-$,Afternoon,1-2h,"0-3, 3-6, adult",Yes,Maybe,Medium,4.5,3,A - easy repeat,Usually easy or paid nearby; verify for peak days,Usually available nearby; verify for bushwalk/beach,Market breakfast -> nearby playground/park -> home before nap,Recommended,https://www.queensland.com/au/en/places-to-see/destinations/brisbane,Generated as a practical repeatable version of the base destination.
SEQ-1123,Variant / repeatable idea,Global Food Markets Woodridge,After-nap short outing,Market / Food,Woodridge,22,30-50 min,15-30km / easy half-day,Free-$,Afternoon,1-2h,"0-3, 3-6, adult",Yes,Maybe,High,4.5,4,A - easy repeat,Usually easy or paid nearby; verify for peak days,Usually available nearby; verify for bushwalk/beach,Market breakfast -> nearby playground/park -> home before nap,Recommended,https://www.logan.qld.gov.au/,Generated as a practical repeatable version of the base destination.
SEQ-1124,Variant / repeatable idea,Rivermakers / Morningside food precinct,After-nap short outing,Food Precinct,Morningside,8,20-35 min,0-15km / quick local,Free-$,Afternoon,1-2h,"3-6, adult",Yes,Maybe,High,3.5,4,A - easy repeat,Usually easy or paid nearby; verify for peak days,Usually available nearby; verify for bushwalk/beach,Rivermakers / Morningside food precinct -> nearby cafe/park -> flexible early return,Recommended,https://www.queensland.com/au/en/places-to-see/destinations/brisbane,Generated as a practical repeatable version of the base destination.
SEQ-1125,Variant / repeatable idea,Sunnybank Market Square,After-nap short outing,Asian Food,Sunnybank,15,20-35 min,0-15km / quick local,Free-$,Afternoon,1-2h,"3-6, adult",Yes,Maybe,High,3.5,4,A - easy repeat,Usually easy or paid nearby; verify for peak days,Usually available nearby; verify for bushwalk/beach,Sunnybank meal -> dessert -> grocery stop,Recommended,https://www.queensland.com/au/en/places-to-see/destinations/brisbane,Generated as a practical repeatable version of the base destination.
SEQ-1126,Variant / repeatable idea,Sunnybank Plaza,After-nap short outing,Asian Food,Sunnybank,15,20-35 min,0-15km / quick local,Free-$,Afternoon,1-2h,"3-6, adult",Yes,Maybe,High,3.5,4,A - easy repeat,Usually easy or paid nearby; verify for peak days,Usually available nearby; verify for bushwalk/beach,Sunnybank meal -> dessert -> grocery stop,Recommended,https://www.queensland.com/au/en/places-to-see/destinations/brisbane,Generated as a practical repeatable version of the base destination.
SEQ-1127,Variant / repeatable idea,Westfield Garden City / Mt Gravatt food,After-nap short outing,Shopping + Food,Upper Mt Gravatt,14,20-35 min,0-15km / quick local,Free-$,Afternoon,1-2h,"0-3, 3-6, adult",Yes,Maybe,High,3.5,4,A - easy repeat,Usually easy or paid nearby; verify for peak days,Usually available nearby; verify for bushwalk/beach,Shopping centre -> kids play/cinema -> easy meal,Recommended,https://www.queensland.com/au/en/places-to-see/destinations/brisbane,Generated as a practical repeatable version of the base destination.
SEQ-1128,Variant / repeatable idea,Sunnybank Hills Shoppingtown food trail,After-nap short outing,Asian Food,Sunnybank Hills,18,30-50 min,15-30km / easy half-day,Free-$,Afternoon,1-2h,"3-6, adult",Yes,Maybe,High,3.5,4,A - easy repeat,Usually easy or paid nearby; verify for peak days,Usually available nearby; verify for bushwalk/beach,Sunnybank meal -> dessert -> grocery stop,Recommended,https://www.queensland.com/au/en/places-to-see/destinations/brisbane,Generated as a practical repeatable version of the base destination.
SEQ-1129,Variant / repeatable idea,Moorooka Magic Mile food strip,After-nap short outing,Food / Multicultural,Moorooka,10,20-35 min,0-15km / quick local,Free-$,Afternoon,1-2h,"3-6, adult",Yes,Maybe,High,3.5,4,A - easy repeat,Usually easy or paid nearby; verify for peak days,Usually available nearby; verify for bushwalk/beach,Moorooka Magic Mile food strip -> nearby cafe/park -> flexible early return,Recommended,https://www.queensland.com/au/en/places-to-see/destinations/brisbane,Generated as a practical repeatable version of the base destination.
SEQ-1130,Variant / repeatable idea,Inala Plaza food trail,After-nap short outing,Vietnamese Food,Inala,18,30-50 min,15-30km / easy half-day,Free-$,Afternoon,1-2h,"3-6, adult",Yes,Maybe,High,3.5,4,A - easy repeat,Usually easy or paid nearby; verify for peak days,Usually available nearby; verify for bushwalk/beach,Inala Plaza food trail -> nearby cafe/park -> flexible early return,Recommended,https://www.queensland.com/au/en/places-to-see/destinations/brisbane,Generated as a practical repeatable version of the base destination.
SEQ-1131,Variant / repeatable idea,Sunnybank Korean/Japanese dessert trail,After-nap short outing,Dessert / Food,Sunnybank,15,20-35 min,0-15km / quick local,Free-$,Afternoon,1-2h,"3-6, adult",Yes,Maybe,High,3.5,4,A - easy repeat,Usually easy or paid nearby; verify for peak days,Usually available nearby; verify for bushwalk/beach,Sunnybank meal -> dessert -> grocery stop,Recommended,https://www.queensland.com/au/en/places-to-see/destinations/brisbane,Generated as a practical repeatable version of the base destination.
SEQ-1132,Variant / repeatable idea,James Street dessert + boutique route,After-nap short outing,Food + Shopping,Fortitude Valley,3,10-20 min,0-15km / quick local,Free-$,Afternoon,1-2h,"0-3, 3-6, adult",Yes,Maybe,High,3.5,4,A - easy repeat,Usually easy or paid nearby; verify for peak days,Usually available nearby; verify for bushwalk/beach,Shopping centre -> kids play/cinema -> easy meal,Recommended,https://jamesst.com.au/,Generated as a practical repeatable version of the base destination.
SEQ-1133,Variant / repeatable idea,Rosalie Village,After-nap short outing,Village + Food,Paddington,4,10-20 min,0-15km / quick local,Free-$,Afternoon,1-2h,"3-6, adult",Yes,Maybe,High,3.5,5,A - easy repeat,Usually easy or paid nearby; verify for peak days,Usually available nearby; verify for bushwalk/beach,Rosalie Village -> nearby cafe/park -> flexible early return,Recommended,https://www.queensland.com/au/en/places-to-see/destinations/brisbane,Generated as a practical repeatable version of the base destination.
SEQ-1134,Variant / repeatable idea,Ashgrove / Newmarket cafe loop,After-nap short outing,Cafe / Local,Ashgrove,6,20-35 min,0-15km / quick local,Free-$,Afternoon,1-2h,"3-6, adult",Yes,Maybe,Medium,3.5,3,A - easy repeat,Usually easy or paid nearby; verify for peak days,Usually available nearby; verify for bushwalk/beach,Ashgrove / Newmarket cafe loop -> nearby cafe/park -> flexible early return,Recommended,https://www.queensland.com/au/en/places-to-see/destinations/brisbane,Generated as a practical repeatable version of the base destination.
SEQ-1135,Variant / repeatable idea,Hawthorne Garage precinct,After-nap short outing,Cafe / Village,Hawthorne,6,20-35 min,0-15km / quick local,Free-$,Afternoon,1-2h,"3-6, adult",Yes,Maybe,High,3.5,4,A - easy repeat,Usually easy or paid nearby; verify for peak days,Usually available nearby; verify for bushwalk/beach,Hawthorne Garage precinct -> nearby cafe/park -> flexible early return,Recommended,https://www.queensland.com/au/en/places-to-see/destinations/brisbane,Generated as a practical repeatable version of the base destination.
SEQ-1136,Variant / repeatable idea,Coorparoo Square,After-nap short outing,Food + Cinema,Coorparoo,7,20-35 min,0-15km / quick local,Free-$,Afternoon,1-2h,"0-3, 3-6, adult",Yes,Maybe,High,4.5,4,A - easy repeat,Usually easy or paid nearby; verify for peak days,Usually available nearby; verify for bushwalk/beach,Coorparoo Square -> nearby cafe/park -> flexible early return,Recommended,https://www.queensland.com/au/en/places-to-see/destinations/brisbane,Generated as a practical repeatable version of the base destination.
SEQ-1137,Variant / repeatable idea,Mt Tamborine farmers/food trail,After-nap short outing,Food + Scenic,Tamborine Mountain,75,60-90 min,60-100km / bigger day trip,Free-$,Afternoon,1-2h,"3-6, adult",Yes,Maybe,High,3.5,5,B - planned day,Usually easy or paid nearby; verify for peak days,Usually available nearby; verify for bushwalk/beach,Gallery Walk -> Curtis Falls/Skywalk -> lookout or early dinner,Yes - verify current conditions before leaving,https://www.visitscenicrim.com.au/,Generated as a practical repeatable version of the base destination.
SEQ-1138,Variant / repeatable idea,Scenic Rim Farm Shop,After-nap short outing,Farm Shop,Kalbar / Scenic Rim,85,75-110 min,60-100km / bigger day trip,Free-$,Afternoon,1-2h,"0-3, 3-6, adult",Yes,Maybe,Medium,4.5,3,C - bigger day trip,Usually easy or paid nearby; verify for peak days,Usually available nearby; verify for bushwalk/beach,Scenic Rim Farm Shop -> nearby cafe/park -> flexible early return,Yes - verify current conditions before leaving,https://www.visitscenicrim.com.au/,Generated as a practical repeatable version of the base destination.
SEQ-1139,Variant / repeatable idea,Summer Land Camels,After-nap short outing,Farm / Animals,Harrisville,75,60-90 min,60-100km / bigger day trip,Free-$,Afternoon,1-2h,"0-3, 3-6, adult",Yes,Maybe,Medium,4.5,3,B - planned day,Usually easy or paid nearby; verify for peak days,Usually available nearby; verify for bushwalk/beach,Summer Land Camels -> nearby cafe/park -> flexible early return,Yes - verify current conditions before leaving,https://www.visitscenicrim.com.au/,Generated as a practical repeatable version of the base destination.
SEQ-1140,Variant / repeatable idea,White Ridge Farm,After-nap short outing,Farm / Kids,Elimbah,60,60-90 min,30-60km / half-day to day,Free-$,Afternoon,1-2h,"0-3, 3-6, adult",Yes,Maybe,Medium,4.5,3,B - planned day,Usually easy or paid nearby; verify for peak days,Usually available nearby; verify for bushwalk/beach,White Ridge Farm -> nearby cafe/park -> flexible early return,Yes - verify current conditions before leaving,https://www.visitmoretonbay.com.au/,Generated as a practical repeatable version of the base destination.
SEQ-1141,Variant / repeatable idea,Lyell Deer Sanctuary,After-nap short outing,Farm / Animals,Mount Samson,35,45-70 min,30-60km / half-day to day,Free-$,Afternoon,1-2h,"0-3, 3-6, adult",Yes,Maybe,Medium,4.5,3,B - planned day,Usually easy or paid nearby; verify for peak days,Usually available nearby; verify for bushwalk/beach,Lyell Deer Sanctuary -> nearby cafe/park -> flexible early return,Recommended,https://www.visitmoretonbay.com.au/,Generated as a practical repeatable version of the base destination.
SEQ-1142,Variant / repeatable idea,Trevena Glen Farm,After-nap short outing,Farm / Animals,Mount Samson,32,45-70 min,30-60km / half-day to day,Free-$,Afternoon,1-2h,"0-3, 3-6, adult",Yes,Maybe,Medium,4.5,3,B - planned day,Usually easy or paid nearby; verify for peak days,Usually available nearby; verify for bushwalk/beach,Trevena Glen Farm -> nearby cafe/park -> flexible early return,Recommended,https://www.visitmoretonbay.com.au/,Generated as a practical repeatable version of the base destination.
SEQ-1143,Variant / repeatable idea,Maleny Cheese / dairy trail,After-nap short outing,Food / Dairy,Maleny,92,75-110 min,60-100km / bigger day trip,Free-$,Afternoon,1-2h,"3-6, adult",Yes,Maybe,High,3.5,4,C - bigger day trip,Usually easy or paid nearby; verify for peak days,Usually available nearby; verify for bushwalk/beach,Maleny/Montville village -> Mary Cairncross -> dairy/cheese stop,Yes - verify current conditions before leaving,https://www.visitsunshinecoast.com/,Generated as a practical repeatable version of the base destination.
SEQ-1144,Variant / repeatable idea,Eumundi-style markets alternative: Caloundra Street Fair,After-nap short outing,Market,Caloundra,95,75-110 min,60-100km / bigger day trip,Free-$,Afternoon,1-2h,"0-3, 3-6, adult",Yes,Maybe,Medium,4.5,3,C - bigger day trip,Usually easy or paid nearby; verify for peak days,Usually available nearby; verify for bushwalk/beach,Market breakfast -> nearby playground/park -> home before nap,Yes - verify current conditions before leaving,https://www.visitsunshinecoast.com/,Generated as a practical repeatable version of the base destination.
SEQ-1145,Variant / repeatable idea,Boonah country bakery trail,After-nap short outing,Food + Country,Boonah,90,75-110 min,60-100km / bigger day trip,Free-$,Afternoon,1-2h,"3-6, adult",Yes,Maybe,High,3.5,4,C - bigger day trip,Usually easy or paid nearby; verify for peak days,Usually available nearby; verify for bushwalk/beach,Boonah country bakery trail -> nearby cafe/park -> flexible early return,Yes - verify current conditions before leaving,https://www.visitscenicrim.com.au/,Generated as a practical repeatable version of the base destination.
SEQ-1146,Variant / repeatable idea,South Bank Parklands,Grandparents-friendly version,City + River,Brisbane City / South Brisbane,3,10-20 min,0-15km / quick local,$-$$,Morning/Lunch,2-3h,"3-6, adult",Yes,Maybe,High,3.5,4,A - easy repeat,Usually easy or paid nearby; verify for peak days,Usually available nearby; verify for bushwalk/beach,South Bank -> QAGOMA/Queensland Museum -> Fish Lane or riverside dinner,Recommended,https://www.visitsouthbank.com.au/,Generated as a practical repeatable version of the base destination.
SEQ-1147,Variant / repeatable idea,Streets Beach South Bank,Grandparents-friendly version,Water Play,Brisbane City / South Brisbane,3,10-20 min,0-15km / quick local,$-$$,Morning/Lunch,2-3h,"0-3, 3-6, adult",Yes,Maybe,Medium,4.5,3,A - easy repeat,Usually easy or paid nearby; verify for peak days,Usually available nearby; verify for bushwalk/beach,South Bank -> QAGOMA/Queensland Museum -> Fish Lane or riverside dinner,Recommended,https://www.visitsouthbank.com.au/,Generated as a practical repeatable version of the base destination.
SEQ-1148,Variant / repeatable idea,Queensland Museum,Grandparents-friendly version,Museum / Culture,Brisbane City / South Brisbane,3,10-20 min,0-15km / quick local,$-$$,Morning/Lunch,2-3h,"0-3, 3-6, adult",Yes,Maybe,High,4.5,4,A - easy repeat,Usually easy or paid nearby; verify for peak days,Usually available nearby; verify for bushwalk/beach,South Bank -> QAGOMA/Queensland Museum -> Fish Lane or riverside dinner,Recommended,https://www.museum.qld.gov.au/queensland-museum,Generated as a practical repeatable version of the base destination.
SEQ-1149,Variant / repeatable idea,SparkLab,Grandparents-friendly version,STEM / Indoor,Brisbane City / South Brisbane,3,10-20 min,0-15km / quick local,$-$$,Morning/Lunch,2-3h,"0-3, 3-6, adult",Yes,Maybe,Medium,5,3,A - easy repeat,Usually easy or paid nearby; verify for peak days,Usually available nearby; verify for bushwalk/beach,SparkLab -> nearby cafe/park -> flexible early return,Recommended,https://www.museum.qld.gov.au/queensland-museum/whats-on/sparklab,Generated as a practical repeatable version of the base destination.
SEQ-1150,Variant / repeatable idea,QAGOMA,Grandparents-friendly version,Museum / Culture,Brisbane City / South Brisbane,3,10-20 min,0-15km / quick local,$-$$,Morning/Lunch,2-3h,"0-3, 3-6, adult",Yes,Maybe,High,4.5,4,A - easy repeat,Usually easy or paid nearby; verify for peak days,Usually available nearby; verify for bushwalk/beach,South Bank -> QAGOMA/Queensland Museum -> Fish Lane or riverside dinner,Recommended,https://www.qagoma.qld.gov.au/,Generated as a practical repeatable version of the base destination.
SEQ-1151,Variant / repeatable idea,State Library of Queensland,Grandparents-friendly version,Library / Indoor,Brisbane City / South Brisbane,3,10-20 min,0-15km / quick local,$-$$,Morning/Lunch,2-3h,"0-3, 3-6, adult",Yes,Maybe,Medium,4.5,3,A - easy repeat,Usually easy or paid nearby; verify for peak days,Usually available nearby; verify for bushwalk/beach,State Library of Queensland -> nearby cafe/park -> flexible early return,Recommended,https://www.slq.qld.gov.au/,Generated as a practical repeatable version of the base destination.
SEQ-1152,Variant / repeatable idea,QPAC precinct,Grandparents-friendly version,Shows / Culture,Brisbane City / South Brisbane,3,10-20 min,0-15km / quick local,$-$$,Morning/Lunch,2-3h,"3-6, adult",Yes,Maybe,High,3.5,4,A - easy repeat,Usually easy or paid nearby; verify for peak days,Usually available nearby; verify for bushwalk/beach,QPAC precinct -> nearby cafe/park -> flexible early return,Recommended,https://www.qpac.com.au/,Generated as a practical repeatable version of the base destination.
SEQ-1153,Variant / repeatable idea,Fish Lane,Grandparents-friendly version,Food + Street Art,South Brisbane,4,10-20 min,0-15km / quick local,$-$$,Morning/Lunch,2-3h,"3-6, adult",Yes,Maybe,High,3.5,4,A - easy repeat,Usually easy or paid nearby; verify for peak days,Usually available nearby; verify for bushwalk/beach,Fish Lane -> nearby cafe/park -> flexible early return,Recommended,https://www.queensland.com/au/en/places-to-see/destinations/brisbane,Generated as a practical repeatable version of the base destination.
SEQ-1154,Variant / repeatable idea,Roma Street Parkland,Grandparents-friendly version,Park / Garden,Brisbane City,2,10-20 min,0-15km / quick local,$-$$,Morning/Lunch,2-3h,"0-3, 3-6, adult",Yes,Maybe,High,3.5,4,A - easy repeat,Usually easy or paid nearby; verify for peak days,Usually available nearby; verify for bushwalk/beach,Roma Street Parkland -> nearby cafe/park -> flexible early return,Recommended,https://visit.brisbane.qld.au/inspiration/things-to-do-with-kids-in-brisbane,Generated as a practical repeatable version of the base destination.
SEQ-1155,Variant / repeatable idea,City Botanic Gardens,Grandparents-friendly version,Park / Garden,Brisbane CBD,1,10-20 min,0-15km / quick local,$-$$,Morning/Lunch,2-3h,"0-3, 3-6, adult",Yes,Maybe,High,3.5,4,A - easy repeat,Usually easy or paid nearby; verify for peak days,Usually available nearby; verify for bushwalk/beach,City Botanic Gardens -> nearby cafe/park -> flexible early return,Recommended,https://www.brisbane.qld.gov.au/parks-and-recreation/botanic-gardens/city-botanic-gardens,Generated as a practical repeatable version of the base destination.
SEQ-1156,Variant / repeatable idea,Queen Street Mall,Grandparents-friendly version,Shopping / City,Brisbane CBD,1,10-20 min,0-15km / quick local,$-$$,Morning/Lunch,2-3h,"0-3, 3-6, adult",Yes,Maybe,Medium,3.5,3,A - easy repeat,Usually easy or paid nearby; verify for peak days,Usually available nearby; verify for bushwalk/beach,Shopping centre -> kids play/cinema -> easy meal,Recommended,https://www.queensland.com/au/en/places-to-see/destinations/brisbane,Generated as a practical repeatable version of the base destination.
SEQ-1157,Variant / repeatable idea,Queen's Wharf Brisbane,Grandparents-friendly version,City + Food,Brisbane CBD,1,10-20 min,0-15km / quick local,$-$$,Morning/Lunch,2-3h,"3-6, adult",Yes,Maybe,High,3.5,4,A - easy repeat,Usually easy or paid nearby; verify for peak days,Usually available nearby; verify for bushwalk/beach,Queen's Wharf Brisbane -> nearby cafe/park -> flexible early return,Recommended,https://queenswharfbrisbane.com.au/,Generated as a practical repeatable version of the base destination.
SEQ-1158,Variant / repeatable idea,Howard Smith Wharves,Grandparents-friendly version,River + Food,Brisbane CBD / Fortitude Valley,2,10-20 min,0-15km / quick local,$-$$,Morning/Lunch,2-3h,"3-6, adult",Yes,Maybe,High,3.5,5,A - easy repeat,Usually easy or paid nearby; verify for peak days,Usually available nearby; verify for bushwalk/beach,Howard Smith Wharves -> nearby cafe/park -> flexible early return,Recommended,https://howardsmithwharves.com/,Generated as a practical repeatable version of the base destination.
SEQ-1159,Variant / repeatable idea,Story Bridge Adventure Climb precinct,Grandparents-friendly version,View / Adventure,Kangaroo Point,3,10-20 min,0-15km / quick local,$-$$,Morning/Lunch,2-3h,"3-6+, adult",Yes,Maybe,Medium,3.5,3,A - easy repeat,Usually easy or paid nearby; verify for peak days,Usually available nearby; verify for bushwalk/beach,Story Bridge Adventure Climb precinct -> nearby cafe/park -> flexible early return,Recommended,https://www.queensland.com/au/en/places-to-see/destinations/brisbane,Generated as a practical repeatable version of the base destination.
SEQ-1160,Variant / repeatable idea,Kangaroo Point Cliffs Park,Grandparents-friendly version,Lookout / Picnic,Kangaroo Point,3,10-20 min,0-15km / quick local,$-$$,Morning/Lunch,2-3h,"3-6, adult",Yes,Maybe,High,3.5,4,A - easy repeat,Usually easy or paid nearby; verify for peak days,Usually available nearby; verify for bushwalk/beach,Kangaroo Point Cliffs Park -> nearby cafe/park -> flexible early return,Recommended,https://www.queensland.com/au/en/places-to-see/destinations/brisbane,Generated as a practical repeatable version of the base destination.
SEQ-1161,Variant / repeatable idea,Brisbane Riverwalk,Grandparents-friendly version,Walk / Bike,New Farm / CBD,3,10-20 min,0-15km / quick local,$-$$,Morning/Lunch,2-3h,"3-6, adult",Yes,Maybe,Medium,3.5,3,A - easy repeat,Usually easy or paid nearby; verify for peak days,Usually available nearby; verify for bushwalk/beach,Brisbane Riverwalk -> nearby cafe/park -> flexible early return,Recommended,https://www.queensland.com/au/en/places-to-see/destinations/brisbane,Generated as a practical repeatable version of the base destination.
SEQ-1162,Variant / repeatable idea,New Farm Park,Grandparents-friendly version,Park / Playground,New Farm,4,10-20 min,0-15km / quick local,$-$$,Morning/Lunch,2-3h,"0-3, 3-6, adult",Yes,Maybe,Medium,4.5,3,A - easy repeat,Usually easy or paid nearby; verify for peak days,Usually available nearby; verify for bushwalk/beach,New Farm Park -> nearby cafe/park -> flexible early return,Recommended,https://visit.brisbane.qld.au/inspiration/things-to-do-with-kids-in-brisbane,Generated as a practical repeatable version of the base destination.
SEQ-1163,Variant / repeatable idea,Brisbane Powerhouse,Grandparents-friendly version,Culture + Cafe,New Farm,4,10-20 min,0-15km / quick local,$-$$,Morning/Lunch,2-3h,"3-6, adult",Yes,Maybe,High,3.5,4,A - easy repeat,Usually easy or paid nearby; verify for peak days,Usually available nearby; verify for bushwalk/beach,Brisbane Powerhouse -> nearby cafe/park -> flexible early return,Recommended,https://brisbanepowerhouse.org/,Generated as a practical repeatable version of the base destination.
SEQ-1164,Variant / repeatable idea,James Street,Grandparents-friendly version,Food + Shopping,Fortitude Valley,3,10-20 min,0-15km / quick local,$-$$,Morning/Lunch,2-3h,"0-3, 3-6, adult",Yes,Maybe,High,3.5,4,A - easy repeat,Usually easy or paid nearby; verify for peak days,Usually available nearby; verify for bushwalk/beach,Shopping centre -> kids play/cinema -> easy meal,Recommended,https://jamesst.com.au/,Generated as a practical repeatable version of the base destination.
SEQ-1165,Variant / repeatable idea,Gasworks Plaza,Grandparents-friendly version,Food + Shopping,Newstead,4,10-20 min,0-15km / quick local,$-$$,Morning/Lunch,2-3h,"0-3, 3-6, adult",Yes,Maybe,High,3.5,4,A - easy repeat,Usually easy or paid nearby; verify for peak days,Usually available nearby; verify for bushwalk/beach,Shopping centre -> kids play/cinema -> easy meal,Recommended,https://www.gasworksplaza.com.au/,Generated as a practical repeatable version of the base destination.
SEQ-1166,Variant / repeatable idea,Newstead Park,Grandparents-friendly version,Park / Heritage,Newstead,5,10-20 min,0-15km / quick local,$-$$,Morning/Lunch,2-3h,"0-3, 3-6, adult",Yes,Maybe,Medium,3.5,3,A - easy repeat,Usually easy or paid nearby; verify for peak days,Usually available nearby; verify for bushwalk/beach,Newstead Park -> nearby cafe/park -> flexible early return,Recommended,https://www.brisbane.qld.gov.au/parks-and-recreation,Generated as a practical repeatable version of the base destination.
SEQ-1167,Variant / repeatable idea,Teneriffe riverfront,Grandparents-friendly version,River Walk,Teneriffe,4,10-20 min,0-15km / quick local,$-$$,Morning/Lunch,2-3h,"3-6, adult",Yes,Maybe,High,3.5,4,A - easy repeat,Usually easy or paid nearby; verify for peak days,Usually available nearby; verify for bushwalk/beach,Teneriffe riverfront -> nearby cafe/park -> flexible early return,Recommended,https://www.queensland.com/au/en/places-to-see/destinations/brisbane,Generated as a practical repeatable version of the base destination.
SEQ-1168,Variant / repeatable idea,Bulimba Oxford Street,Grandparents-friendly version,Village + Food,Bulimba,6,20-35 min,0-15km / quick local,$-$$,Morning/Lunch,2-3h,"3-6, adult",Yes,Maybe,High,3.5,5,A - easy repeat,Usually easy or paid nearby; verify for peak days,Usually available nearby; verify for bushwalk/beach,Bulimba Oxford Street -> nearby cafe/park -> flexible early return,Recommended,https://www.queensland.com/au/en/places-to-see/destinations/brisbane,Generated as a practical repeatable version of the base destination.
SEQ-1169,Variant / repeatable idea,Mowbray Park,Grandparents-friendly version,Park / River,East Brisbane,3,10-20 min,0-15km / quick local,$-$$,Morning/Lunch,2-3h,"0-3, 3-6, adult",Yes,Maybe,High,3.5,4,A - easy repeat,Usually easy or paid nearby; verify for peak days,Usually available nearby; verify for bushwalk/beach,Mowbray Park -> nearby cafe/park -> flexible early return,Recommended,https://www.brisbane.qld.gov.au/parks-and-recreation,Generated as a practical repeatable version of the base destination.
SEQ-1170,Variant / repeatable idea,West End Village,Grandparents-friendly version,Food + Culture,West End,4,10-20 min,0-15km / quick local,$-$$,Morning/Lunch,2-3h,"3-6, adult",Yes,Maybe,High,3.5,5,A - easy repeat,Usually easy or paid nearby; verify for peak days,Usually available nearby; verify for bushwalk/beach,West End Village -> nearby cafe/park -> flexible early return,Recommended,https://www.queensland.com/au/en/places-to-see/destinations/brisbane,Generated as a practical repeatable version of the base destination.
SEQ-1171,Variant / repeatable idea,Davies Park / West End Markets,Grandparents-friendly version,Market,West End,4,10-20 min,0-15km / quick local,$-$$,Morning/Lunch,2-3h,"0-3, 3-6, adult",Yes,Maybe,Medium,4.5,3,A - easy repeat,Usually easy or paid nearby; verify for peak days,Usually available nearby; verify for bushwalk/beach,Market breakfast -> nearby playground/park -> home before nap,Recommended,https://www.queensland.com/au/en/places-to-see/destinations/brisbane,Generated as a practical repeatable version of the base destination.
SEQ-1172,Variant / repeatable idea,Milton Markets,Grandparents-friendly version,Market,Milton,3,10-20 min,0-15km / quick local,$-$$,Morning/Lunch,2-3h,"0-3, 3-6, adult",Yes,Maybe,Medium,4.5,3,A - easy repeat,Usually easy or paid nearby; verify for peak days,Usually available nearby; verify for bushwalk/beach,Market breakfast -> nearby playground/park -> home before nap,Recommended,https://goodwillprojects.com.au/markets/milton/,Generated as a practical repeatable version of the base destination.
SEQ-1173,Variant / repeatable idea,Paddington Latrobe Terrace,Grandparents-friendly version,Village + Cafe,Paddington,4,10-20 min,0-15km / quick local,$-$$,Morning/Lunch,2-3h,"3-6, adult",Yes,Maybe,High,3.5,4,A - easy repeat,Usually easy or paid nearby; verify for peak days,Usually available nearby; verify for bushwalk/beach,Paddington Latrobe Terrace -> nearby cafe/park -> flexible early return,Recommended,https://www.queensland.com/au/en/places-to-see/destinations/brisbane,Generated as a practical repeatable version of the base destination.
SEQ-1174,Variant / repeatable idea,Suncorp Stadium precinct,Grandparents-friendly version,Sport / Events,Milton,3,10-20 min,0-15km / quick local,$-$$,Morning/Lunch,2-3h,"3-6, adult",Yes,Maybe,Medium,3.5,3,A - easy repeat,Usually easy or paid nearby; verify for peak days,Usually available nearby; verify for bushwalk/beach,Suncorp Stadium precinct -> nearby cafe/park -> flexible early return,Recommended,https://suncorpstadium.com.au/,Generated as a practical repeatable version of the base destination.
SEQ-1175,Variant / repeatable idea,Victoria Park / Barrambin,Grandparents-friendly version,Park / Playground,Herston,3,10-20 min,0-15km / quick local,$-$$,Morning/Lunch,2-3h,"0-3, 3-6, adult",Yes,Maybe,Medium,4.5,3,A - easy repeat,Usually easy or paid nearby; verify for peak days,Usually available nearby; verify for bushwalk/beach,Victoria Park / Barrambin -> nearby cafe/park -> flexible early return,Recommended,https://www.brisbane.qld.gov.au/parks-and-recreation,Generated as a practical repeatable version of the base destination.
SEQ-1176,Variant / repeatable idea,Victoria Park Bistro / Putt Putt,Grandparents-friendly version,Mini Golf / Food,Herston,3,10-20 min,0-15km / quick local,$-$$,Morning/Lunch,2-3h,"3-6, adult",Yes,Maybe,High,3.5,4,A - easy repeat,Usually easy or paid nearby; verify for peak days,Usually available nearby; verify for bushwalk/beach,Victoria Park Bistro / Putt Putt -> nearby cafe/park -> flexible early return,Recommended,https://victoriapark.com.au/,Generated as a practical repeatable version of the base destination.
SEQ-1177,Variant / repeatable idea,Nundah Village,Grandparents-friendly version,Village + Food,Nundah,9,20-35 min,0-15km / quick local,$-$$,Morning/Lunch,2-3h,"3-6, adult",Yes,Maybe,High,3.5,5,A - easy repeat,Usually easy or paid nearby; verify for peak days,Usually available nearby; verify for bushwalk/beach,Nundah Village -> nearby cafe/park -> flexible early return,Recommended,https://www.queensland.com/au/en/places-to-see/destinations/brisbane,Generated as a practical repeatable version of the base destination.
SEQ-1178,Variant / repeatable idea,Portside Wharf,Grandparents-friendly version,River + Dining,Hamilton,8,20-35 min,0-15km / quick local,$-$$,Morning/Lunch,2-3h,"3-6, adult",Yes,Maybe,High,3.5,4,A - easy repeat,Usually easy or paid nearby; verify for peak days,Usually available nearby; verify for bushwalk/beach,Portside Wharf -> nearby cafe/park -> flexible early return,Recommended,https://www.portsidewharf.com.au/,Generated as a practical repeatable version of the base destination.
SEQ-1179,Variant / repeatable idea,Eat Street Northshore,Grandparents-friendly version,Night Market,Hamilton,9,20-35 min,0-15km / quick local,$-$$,Morning/Lunch,2-3h,"0-3, 3-6, adult",Yes,Maybe,Medium,4.5,3,A - easy repeat,Usually easy or paid nearby; verify for peak days,Usually available nearby; verify for bushwalk/beach,Market breakfast -> nearby playground/park -> home before nap,Recommended,https://eatstreetnorthshore.com.au/,Generated as a practical repeatable version of the base destination.
SEQ-1180,Variant / repeatable idea,Hamilton Recreation Reserve,Grandparents-friendly version,Park / River,Hamilton,9,20-35 min,0-15km / quick local,$-$$,Morning/Lunch,2-3h,"0-3, 3-6, adult",Yes,Maybe,High,3.5,4,A - easy repeat,Usually easy or paid nearby; verify for peak days,Usually available nearby; verify for bushwalk/beach,Hamilton Recreation Reserve -> nearby cafe/park -> flexible early return,Recommended,https://www.brisbane.qld.gov.au/parks-and-recreation,Generated as a practical repeatable version of the base destination.
SEQ-1181,Variant / repeatable idea,Toowong Village + river loop,Grandparents-friendly version,Shopping + River,Toowong,5,10-20 min,0-15km / quick local,$-$$,Morning/Lunch,2-3h,"0-3, 3-6, adult",Yes,Maybe,High,3.5,4,A - easy repeat,Usually easy or paid nearby; verify for peak days,Usually available nearby; verify for bushwalk/beach,Shopping centre -> kids play/cinema -> easy meal,Recommended,https://www.queensland.com/au/en/places-to-see/destinations/brisbane,Generated as a practical repeatable version of the base destination.
SEQ-1182,Variant / repeatable idea,UQ Lakes / St Lucia campus,Grandparents-friendly version,Walk / Picnic,St Lucia,6,20-35 min,0-15km / quick local,$-$$,Morning/Lunch,2-3h,"3-6, adult",Yes,Maybe,Medium,3.5,3,A - easy repeat,Usually easy or paid nearby; verify for peak days,Usually available nearby; verify for bushwalk/beach,UQ Lakes / St Lucia campus -> nearby cafe/park -> flexible early return,Recommended,https://www.brisbane.qld.gov.au/parks-and-recreation,Generated as a practical repeatable version of the base destination.
SEQ-1183,Variant / repeatable idea,Indooroopilly Riverwalk,Grandparents-friendly version,River Walk,Indooroopilly,8,20-35 min,0-15km / quick local,$-$$,Morning/Lunch,2-3h,"3-6, adult",Yes,Maybe,High,3.5,4,A - easy repeat,Usually easy or paid nearby; verify for peak days,Usually available nearby; verify for bushwalk/beach,Indooroopilly Riverwalk -> nearby cafe/park -> flexible early return,Recommended,https://www.brisbane.qld.gov.au/parks-and-recreation,Generated as a practical repeatable version of the base destination.
SEQ-1184,Variant / repeatable idea,Indooroopilly Shopping Centre,Grandparents-friendly version,Shopping / Indoor,Indooroopilly,8,20-35 min,0-15km / quick local,$-$$,Morning/Lunch,2-3h,"0-3, 3-6, adult",Yes,Maybe,Medium,4.5,3,A - easy repeat,Usually easy or paid nearby; verify for peak days,Usually available nearby; verify for bushwalk/beach,Shopping centre -> kids play/cinema -> easy meal,Recommended,https://www.indooroopillyshopping.com.au/,Generated as a practical repeatable version of the base destination.
SEQ-1185,Variant / repeatable idea,Brisbane Botanic Gardens Mt Coot-tha,Grandparents-friendly version,Botanic Garden,Mt Coot-tha,8,20-35 min,0-15km / quick local,$-$$,Morning/Lunch,2-3h,"0-3, 3-6, adult",Yes,Maybe,High,3.5,4,A - easy repeat,Usually easy or paid nearby; verify for peak days,Usually available nearby; verify for bushwalk/beach,Mt Coot-tha Lookout -> Botanic Gardens -> Toowong/Paddington meal,Recommended,https://www.brisbane.qld.gov.au/parks-and-recreation,Generated as a practical repeatable version of the base destination.
SEQ-1186,Variant / repeatable idea,Mt Coot-tha Lookout,Grandparents-friendly version,Lookout,Mt Coot-tha,8,20-35 min,0-15km / quick local,$-$$,Morning/Lunch,2-3h,"3-6, adult",Yes,Maybe,High,3.5,4,A - easy repeat,Usually easy or paid nearby; verify for peak days,Usually available nearby; verify for bushwalk/beach,Mt Coot-tha Lookout -> Botanic Gardens -> Toowong/Paddington meal,Recommended,https://www.queensland.com/au/en/places-to-see/destinations/brisbane,Generated as a practical repeatable version of the base destination.
SEQ-1187,Variant / repeatable idea,JC Slaughter Falls,Grandparents-friendly version,Bushwalk / Picnic,Mt Coot-tha,9,20-35 min,0-15km / quick local,$-$$,Morning/Lunch,2-3h,"3-6+, adult",Yes,Maybe,Medium,3.5,3,A - easy repeat,Usually easy or paid nearby; verify for peak days,Usually available nearby; verify for bushwalk/beach,JC Slaughter Falls -> nearby cafe/park -> flexible early return,Recommended,https://www.brisbane.qld.gov.au/parks-and-recreation,Generated as a practical repeatable version of the base destination.
SEQ-1188,Variant / repeatable idea,Simpson Falls Track,Grandparents-friendly version,Bushwalk,Mt Coot-tha,10,20-35 min,0-15km / quick local,$-$$,Morning/Lunch,2-3h,"3-6+, adult",Yes,Maybe,Medium,3.5,3,A - easy repeat,Usually easy or paid nearby; verify for peak days,Usually available nearby; verify for bushwalk/beach,Simpson Falls Track -> nearby cafe/park -> flexible early return,Recommended,https://www.brisbane.qld.gov.au/parks-and-recreation,Generated as a practical repeatable version of the base destination.
SEQ-1189,Variant / repeatable idea,Anzac Park,Grandparents-friendly version,Park / Playground,Toowong,6,20-35 min,0-15km / quick local,$-$$,Morning/Lunch,2-3h,"0-3, 3-6, adult",Yes,Maybe,Medium,4.5,3,A - easy repeat,Usually easy or paid nearby; verify for peak days,Usually available nearby; verify for bushwalk/beach,Anzac Park -> nearby cafe/park -> flexible early return,Recommended,https://www.brisbane.qld.gov.au/parks-and-recreation,Generated as a practical repeatable version of the base destination.
SEQ-1190,Variant / repeatable idea,Sherwood Arboretum,Grandparents-friendly version,Park / River,Sherwood,11,20-35 min,0-15km / quick local,$-$$,Morning/Lunch,2-3h,"0-3, 3-6, adult",Yes,Maybe,High,3.5,4,A - easy repeat,Usually easy or paid nearby; verify for peak days,Usually available nearby; verify for bushwalk/beach,Sherwood Arboretum -> nearby cafe/park -> flexible early return,Recommended,https://www.brisbane.qld.gov.au/parks-and-recreation,Generated as a practical repeatable version of the base destination.
SEQ-1191,Variant / repeatable idea,Rocks Riverside Park,Grandparents-friendly version,Park / Playground,Seventeen Mile Rocks,14,20-35 min,0-15km / quick local,$-$$,Morning/Lunch,2-3h,"0-3, 3-6, adult",Yes,Maybe,Medium,4.5,3,A - easy repeat,Usually easy or paid nearby; verify for peak days,Usually available nearby; verify for bushwalk/beach,Rocks Riverside Park -> nearby cafe/park -> flexible early return,Recommended,https://www.brisbane.qld.gov.au/parks-and-recreation,Generated as a practical repeatable version of the base destination.
SEQ-1192,Variant / repeatable idea,Kalinga Park,Grandparents-friendly version,Park / Playground,Clayfield,8,20-35 min,0-15km / quick local,$-$$,Morning/Lunch,2-3h,"0-3, 3-6, adult",Yes,Maybe,Medium,4.5,3,A - easy repeat,Usually easy or paid nearby; verify for peak days,Usually available nearby; verify for bushwalk/beach,Kalinga Park -> nearby cafe/park -> flexible early return,Recommended,https://www.brisbane.qld.gov.au/parks-and-recreation,Generated as a practical repeatable version of the base destination.
SEQ-1193,Variant / repeatable idea,Kedron Brook Bikeway,Grandparents-friendly version,Bike / Walk,Kedron / Grange,8,20-35 min,0-15km / quick local,$-$$,Morning/Lunch,2-3h,"3-6, adult",Yes,Maybe,Medium,3.5,3,A - easy repeat,Usually easy or paid nearby; verify for peak days,Usually available nearby; verify for bushwalk/beach,Kedron Brook Bikeway -> nearby cafe/park -> flexible early return,Recommended,https://www.brisbane.qld.gov.au/parks-and-recreation,Generated as a practical repeatable version of the base destination.
SEQ-1194,Variant / repeatable idea,7th Brigade Park,Grandparents-friendly version,Park / Playground,Chermside,11,20-35 min,0-15km / quick local,$-$$,Morning/Lunch,2-3h,"0-3, 3-6, adult",Yes,Maybe,Medium,4.5,3,A - easy repeat,Usually easy or paid nearby; verify for peak days,Usually available nearby; verify for bushwalk/beach,7th Brigade Park -> nearby cafe/park -> flexible early return,Recommended,https://www.brisbane.qld.gov.au/parks-and-recreation,Generated as a practical repeatable version of the base destination.
SEQ-1195,Variant / repeatable idea,Boondall Wetlands,Grandparents-friendly version,Wetland / Wildlife,Boondall,18,30-50 min,15-30km / easy half-day,$-$$,Morning/Lunch,2-3h,"0-3, 3-6, adult",Yes,Maybe,Medium,4.5,3,A - easy repeat,Usually easy or paid nearby; verify for peak days,Usually available nearby; verify for bushwalk/beach,Boondall Wetlands -> nearby cafe/park -> flexible early return,Recommended,https://www.brisbane.qld.gov.au/parks-and-recreation,Generated as a practical repeatable version of the base destination.
SEQ-1196,Variant / repeatable idea,Nudgee Beach Reserve,Grandparents-friendly version,Beach / Wetland,Nudgee Beach,18,30-50 min,15-30km / easy half-day,$-$$,Morning/Lunch,2-3h,"0-3, 3-6, adult",Yes,Maybe,High,4.5,4,A - easy repeat,Usually easy or paid nearby; verify for peak days,Usually available nearby; verify for bushwalk/beach,Nudgee Beach Reserve -> nearby cafe/park -> flexible early return,Recommended,https://www.brisbane.qld.gov.au/parks-and-recreation,Generated as a practical repeatable version of the base destination.
SEQ-1197,Variant / repeatable idea,Minnippi Parklands,Grandparents-friendly version,Park / Lake,Carina,12,20-35 min,0-15km / quick local,$-$$,Morning/Lunch,2-3h,"0-3, 3-6, adult",Yes,Maybe,Medium,3.5,3,A - easy repeat,Usually easy or paid nearby; verify for peak days,Usually available nearby; verify for bushwalk/beach,Minnippi Parklands -> nearby cafe/park -> flexible early return,Recommended,https://www.brisbane.qld.gov.au/parks-and-recreation,Generated as a practical repeatable version of the base destination.
SEQ-1198,Variant / repeatable idea,Whites Hill Reserve,Grandparents-friendly version,Bushland,Camp Hill,9,20-35 min,0-15km / quick local,$-$$,Morning/Lunch,2-3h,"3-6, adult",Yes,Maybe,Medium,3.5,3,A - easy repeat,Usually easy or paid nearby; verify for peak days,Usually available nearby; verify for bushwalk/beach,Whites Hill Reserve -> nearby cafe/park -> flexible early return,Recommended,https://www.brisbane.qld.gov.au/parks-and-recreation,Generated as a practical repeatable version of the base destination.
SEQ-1199,Variant / repeatable idea,Toohey Forest,Grandparents-friendly version,Bushland,Nathan,12,20-35 min,0-15km / quick local,$-$$,Morning/Lunch,2-3h,"3-6, adult",Yes,Maybe,Medium,3.5,3,A - easy repeat,Usually easy or paid nearby; verify for peak days,Usually available nearby; verify for bushwalk/beach,Toohey Forest -> nearby cafe/park -> flexible early return,Recommended,https://www.brisbane.qld.gov.au/parks-and-recreation,Generated as a practical repeatable version of the base destination.
SEQ-1200,Variant / repeatable idea,Karawatha Forest Discovery Centre,Grandparents-friendly version,Bushland / Education,Karawatha,22,30-50 min,15-30km / easy half-day,$-$$,Morning/Lunch,2-3h,"3-6, adult",Yes,Maybe,Medium,3.5,3,A - easy repeat,Usually easy or paid nearby; verify for peak days,Usually available nearby; verify for bushwalk/beach,Karawatha Forest Discovery Centre -> nearby cafe/park -> flexible early return,Recommended,https://www.brisbane.qld.gov.au/parks-and-recreation,Generated as a practical repeatable version of the base destination.
SEQ-1201,Plan / route,Flinders Beach,Beach walk + permitted 4WD beach camping,Island + Coast,North Stradbroke Island / Minjerribah,65,45-60 min to Cleveland + ferry + 30-45 min island drive,40-80km / half-day,$$$ - ferry/tour/permits extra,Morning; dry mild weather,Full day / 1-2 nights,"0-3 with close supervision, 3-6, adult",No,No,Medium,3.5,4,B - planned day trip / selected activity,Mainland ferry/boat departure parking; verify terminal and booking,Not confirmed; check exact trailhead/venue before travel,Flinders Beach -> nearby picnic/cafe; confirm opening and toddler travel limits,"Required: source page; closures; weather; exact access; hours; facilities; ferry/tour tickets, tide/weather, vehicle/camping permits",https://stradbrokeisland.com/flinders-beach-point-lookout/,"Researched 2026-10-06. 8km beach; permits and suitable 4WD required for beach driving/camping; sandboarding not confirmed here. No through-road connection from Brisbane. Distance/drive are rounded planning estimates, not live routing; duration excludes travel. Scores/ages/pram suitability are editorial family-planning judgements, not operator guarantees."
SEQ-1202,Plan / route,Noosa Main Beach,Patrolled beach play + boardwalk + beginner surf options,Beach,Sunshine Coast / Noosa Heads,145,2-2.5h,80-150km / day trip,Free,Morning; dry mild weather,3-5h / overnight trip,"0-3, 3-6, adult",Yes - boardwalk only,No,High,4.5,4.5,B - planned day trip / selected activity,Designated parking/access point; capacity and current access unverified,Not confirmed; check exact trailhead/venue before travel,Noosa Main Beach -> short Coastal Walk -> Hastings Street meal,Required: source page; closures; weather; exact access; hours; facilities,https://www.visitnoosa.com.au/blog/best-ways-to-enjoy-noosa-main-beach,"Researched 2026-10-06. Swim between flags; sea turtles are possible incidental sightings, not a guaranteed activity. Distance/drive are rounded planning estimates, not live routing; duration excludes travel. Scores/ages/pram suitability are editorial family-planning judgements, not operator guarantees."
SEQ-1203,Plan / route,Noosa National Park - Coastal Walk,Short coastal walk or longer headland hike,Coastal Walk,Sunshine Coast / Noosa Heads,150,2-2.5h,80-150km / day trip,Free,Morning; dry mild weather,1-4h depending turn-around,"0-3 on short paved section, older fit children, adult",Partial - early paved section only,No,Medium,3.5,4.5,B - planned day trip / selected activity,Designated parking/access point; capacity and current access unverified,Not confirmed; check exact trailhead/venue before travel,Noosa Main Beach -> short Coastal Walk -> Hastings Street meal,Required: source page; closures; weather; exact access; hours; facilities,https://parks.qld.gov.au/parks/noosa/journeys/coastal-walk,"Researched 2026-10-06. Full walk to Sunshine Beach is 10.8km return; choose a short out-and-back with a toddler. Dolphins/turtles possible; seals are not a standard attraction. Distance/drive are rounded planning estimates, not live routing; duration excludes travel. Scores/ages/pram suitability are editorial family-planning judgements, not operator guarantees."
SEQ-1204,Plan / route,Hell's Gates - Noosa National Park,Headland lookout via Coastal Walk,Coastal Walk,Sunshine Coast / Noosa Heads,150,2-2.5h + walk,80-150km / day trip,Free,Morning; dry mild weather,2-3h walking,"Older fit children, adult",No,No,Low,2,4.5,B - planned day trip / selected activity,Designated parking/access point; capacity and current access unverified,Not confirmed; check exact trailhead/venue before travel,Noosa Main Beach -> short Coastal Walk -> Hastings Street meal,Required: source page; closures; weather; exact access; hours; facilities,https://parks.qld.gov.au/parks/noosa/journeys/coastal-walk,"Researched 2026-10-06. 2.7km one way from headland day-use area; 5.4km return. Unfenced cliffs; winter-spring whale sightings possible, never guaranteed. Distance/drive are rounded planning estimates, not live routing; duration excludes travel. Scores/ages/pram suitability are editorial family-planning judgements, not operator guarantees."
SEQ-1205,Plan / route,Mount Coolum,Steep summit walk + coastal views,Mountain Hike,Sunshine Coast / Mount Coolum,125,1.5-2h,80-150km / day trip,Free,Morning; dry mild weather,1.5-2h,"Older fit children, adult",No,No,Low,1.5,4.5,C - strenuous walk / fit older children and adults,Designated parking/access point; capacity and current access unverified,Not confirmed; check exact trailhead/venue before travel,Mount Coolum -> nearby picnic/cafe; confirm opening and toddler travel limits,Required: source page; closures; weather; exact access; hours; facilities; official track map/grade and creek crossings,https://parks.desi.qld.gov.au/parks/mount-coolum/things-to-do,"Researched 2026-10-06. Many steep steps; fit walkers only. Mount Coolum is south of Coolum Beach, not north; unsuitable for an independent toddler walk. Distance/drive are rounded planning estimates, not live routing; duration excludes travel. Scores/ages/pram suitability are editorial family-planning judgements, not operator guarantees."
SEQ-1206,Plan / route,Springbrook National Park - plateau lookouts,Short rainforest walks + waterfall lookouts + picnic,Rainforest + Lookouts,Gold Coast Hinterland / Springbrook,110,1.75-2.25h,80-150km / day trip,Free,Morning; dry mild weather,Full day,"0-3 on selected short walks, 3-6, adult",Partial - select lookout approaches,No,Medium,3.5,4.5,B - planned day trip / selected activity,Designated parking/access point; capacity and current access unverified,Not confirmed; check exact trailhead/venue before travel,Springbrook National Park - plateau lookouts -> nearby picnic/cafe; confirm opening and toddler travel limits,Required: source page; closures; weather; exact access; hours; facilities; official track map/grade and creek crossings,https://parks.qld.gov.au/parks/springbrook/journeys,"Researched 2026-10-06. Regional overview entry distinct from existing Natural Bridge/Purling Brook entries. Different park sections require separate drives; check plateau upgrades and alerts. Distance/drive are rounded planning estimates, not live routing; duration excludes travel. Scores/ages/pram suitability are editorial family-planning judgements, not operator guarantees."
SEQ-1207,Plan / route,Lamington National Park - Green Mountains,Rainforest day trip + accessible Centenary track,Rainforest,Scenic Rim / O'Reilly's Green Mountains,150,2-2.75h,80-150km / day trip,Free,Morning; dry mild weather,Full day / overnight,"0-3 on Centenary track, 3-6, adult",Yes - Centenary track only,No,Medium,4,4.5,B - planned day trip / selected activity,Designated parking/access point; capacity and current access unverified,Not confirmed; check exact trailhead/venue before travel,Canungra -> one selected Green Mountains walk -> O'Reilly's day area; allow mountain-road time,Required: source page; closures; weather; exact access; hours; facilities; official track map/grade and creek crossings,https://parks.qld.gov.au/parks/lamington/journeys/walking-tracks-summary,"Researched 2026-10-06. Distinct overview with accessible walk; existing Tree Top Walk and O'Reilly's day area remain. Centenary track 1.8km return; winding mountain road and weather damage alerts. Distance/drive are rounded planning estimates, not live routing; duration excludes travel. Scores/ages/pram suitability are editorial family-planning judgements, not operator guarantees."
SEQ-1208,Plan / route,Kondalilla Falls circuit,Rainforest waterfall circuit with stairs,Waterfall Hike,Sunshine Coast Hinterland / Flaxton,115,1.5-2h,80-150km / day trip,Free,Morning; dry mild weather,2-3h,"Older fit children, adult",No,No,Low,2,4.5,C - strenuous walk / fit older children and adults,Designated parking/access point; capacity and current access unverified,Not confirmed; check exact trailhead/venue before travel,Kondalilla Falls circuit -> nearby picnic/cafe; confirm opening and toddler travel limits,Required: source page; closures; weather; exact access; hours; facilities; official track map/grade and creek crossings,https://parks.qld.gov.au/parks/kondalilla/things-to-do,"Researched 2026-10-06. 4.7km return, Grade 3; around 300 stairs on circuit. Specific waterfall hike distinct from general Kondalilla National Park entry; check alerts and rock-pool conditions. Distance/drive are rounded planning estimates, not live routing; duration excludes travel. Scores/ages/pram suitability are editorial family-planning judgements, not operator guarantees."
SEQ-1209,Plan / route,Twin Falls circuit,Rainforest loop behind waterfalls,Waterfall Hike,Gold Coast Hinterland / Springbrook,115,1.75-2.25h,80-150km / day trip,Free,Morning; dry mild weather,2-3h,"Older fit children, adult",No,No,Low,2.5,4.5,B - planned day trip / selected activity,Designated parking/access point; capacity and current access unverified,Tallanbana toilets listed closed; check current alert and alternatives,Twin Falls circuit -> nearby picnic/cafe; confirm opening and toddler travel limits,Required: source page; closures; weather; exact access; hours; facilities; official track map/grade and creek crossings,https://parks.qld.gov.au/parks/springbrook/journeys,"Researched 2026-10-06. 4km return, Grade 3. Tallanbana toilets listed closed to 29 January 2027; recheck alert and use alternative facilities before walking. Distance/drive are rounded planning estimates, not live routing; duration excludes travel. Scores/ages/pram suitability are editorial family-planning judgements, not operator guarantees."
SEQ-1210,Plan / route,Morans Falls track,Rainforest walk to waterfall lookout,Waterfall Hike,Scenic Rim / Lamington Green Mountains,150,2-2.75h,80-150km / day trip,Free,Morning; dry mild weather,1.5-2h,"Older children, adult; toddler carried only",No,No,Medium,2.5,4.5,B - planned day trip / selected activity,Designated parking/access point; capacity and current access unverified,Not confirmed; check exact trailhead/venue before travel,Canungra -> one selected Green Mountains walk -> O'Reilly's day area; allow mountain-road time,Required: source page; closures; weather; exact access; hours; facilities; official track map/grade and creek crossings,https://parks.qld.gov.au/parks/lamington/journeys/morans-falls-track,"Researched 2026-10-06. 4.4km return. Correct location is Lamington National Park, not Springbrook; view from designated lookouts. Distance/drive are rounded planning estimates, not live routing; duration excludes travel. Scores/ages/pram suitability are editorial family-planning judgements, not operator guarantees."
SEQ-1211,Plan / route,Boowinda Gorge,Long main-gorge walk + boulder-lined side gorge,Remote Gorge Hike,Central Queensland / Carnarvon Gorge,720,8.5-10h,250km+ / multi-day road trip,Free,Cool dry weather; early start,Full hiking day / multi-day trip,"Fit older teens, adult",No,No,Low,1,5,D - experienced adults / specialist,Designated parking/access point; capacity and current access unverified,No toilets along remote/summit route; check trailhead facilities,Carnarvon visitor area -> selected open Main gorge side tracks -> booked overnight stay,Required: source page; closures; weather; exact access; hours; facilities; official track map/grade and creek crossings,https://parks.qld.gov.au/parks/carnarvon-gorge/journeys/boowinda-gorge-walk,"Researched 2026-10-06. Official route 18.4km return, Grade 4, allow 6hr; turn-off 9.2km along Main gorge track. Uneven boulders and creek crossings; not a Brisbane day trip. Distance/drive are rounded planning estimates, not live routing; duration excludes travel. Scores/ages/pram suitability are editorial family-planning judgements, not operator guarantees."
SEQ-1212,Plan / route,Amphitheatre - Carnarvon Gorge,Sandstone chamber via long walk and ladder access,Remote Gorge Hike,Central Queensland / Carnarvon Gorge,720,8.5-10h,250km+ / multi-day road trip,Free,Cool dry weather; early start,3-4h walk / multi-day trip,"Fit older children, adult",No,No,Low,2,5,D - experienced adults / specialist,Designated parking/access point; capacity and current access unverified,No toilets along remote/summit route; check trailhead facilities,Carnarvon visitor area -> selected open Main gorge side tracks -> booked overnight stay,Required: source page; closures; weather; exact access; hours; facilities; official track map/grade and creek crossings,https://parks.qld.gov.au/parks/carnarvon-gorge/journeys/amphitheatre-walk,"Researched 2026-10-06. 8.6km return from visitor area; ladders and narrow entrance. Respect restricted-access areas and check current access before travel. Distance/drive are rounded planning estimates, not live routing; duration excludes travel. Scores/ages/pram suitability are editorial family-planning judgements, not operator guarantees."
SEQ-1213,Plan / route,Forgan Cove - Lake Samsonvale,Designated paddle-craft launch + shore fishing,Lake + Paddling,Moreton Bay / Lake Samsonvale,30,35-50 min,15-40km / local outing,Free,Morning; dry mild weather,2-3h,"0-3 shore visit, older children paddling, adult",Partial - picnic area only,No,High,3.5,4,B - planned day trip / selected activity,Designated parking/access point; capacity and current access unverified,Not confirmed; check exact trailhead/venue before travel,"Bullocky Rest -> Forgan Cove -> McGavins View, subject to dam-work access",Required: source page; closures; weather; exact access; hours; facilities; water quality/flood alerts and permitted activities,https://www.seqwater.com.au/things-to-do/forgan-cove,"Researched 2026-10-06. Dedicated paddle-craft launch; Lake Samsonvale swimming prohibited. SIP fishing permit may apply; do not assume BBQ facilities at the launch. Distance/drive are rounded planning estimates, not live routing; duration excludes travel. Scores/ages/pram suitability are editorial family-planning judgements, not operator guarantees."
SEQ-1214,Plan / route,McGavins View - Lake Samsonvale,Lake-view picnic + BBQ,Lake + Picnic,Moreton Bay / Whiteside,35,40-55 min,15-40km / local outing,Free,Morning; dry mild weather,1.5-3h,"0-3, 3-6, adult",Partial - developed picnic area,No,High,4,4,A - easy repeat,Designated parking/access point; capacity and current access unverified,Not confirmed; check exact trailhead/venue before travel,"Bullocky Rest -> Forgan Cove -> McGavins View, subject to dam-work access",Required: source page; closures; weather; exact access; hours; facilities; water quality/flood alerts and permitted activities,https://www.seqwater.com.au/things-to-do/mcgavins-view,"Researched 2026-10-06. Official name McGavins View; check North Pine Dam strengthening works, operating hours and access changes. No swimming. Distance/drive are rounded planning estimates, not live routing; duration excludes travel. Scores/ages/pram suitability are editorial family-planning judgements, not operator guarantees."
SEQ-1215,Plan / route,Lower Portals track,Bushwalk to rocky gorge pools,Creek + Hike,Scenic Rim / Mount Barney National Park,135,2-2.5h,80-150km / day trip,Free,Morning; dry mild weather,3-4h,"Fit older children, adult",No,No,Low,1.5,4.5,C - strenuous walk / fit older children and adults,Designated parking/access point; capacity and current access unverified,Not confirmed; check exact trailhead/venue before travel,Lower Portals track -> nearby picnic/cafe; confirm opening and toddler travel limits,Required: source page; closures; weather; exact access; hours; facilities; official track map/grade and creek crossings; water quality/flood alerts and permitted activities,https://parks.qld.gov.au/parks/mount-barney/things-to-do,"Researched 2026-10-06. 7.4km return with creek crossing; deep pools and slippery rocks. Not a toddler splash park; no facilities along the route. Distance/drive are rounded planning estimates, not live routing; duration excludes travel. Scores/ages/pram suitability are editorial family-planning judgements, not operator guarantees."
SEQ-1216,Plan / route,Currumbin Rock Pools,Creekside picnic + conditional natural swimming,Creek + Picnic,Gold Coast / Currumbin Valley,120,1.5-2h,80-150km / day trip,Free,Morning; dry mild weather,2-3h,"0-3 on lawn under close supervision, 3-6, adult",Partial - picnic lawn only,No,Medium,3.5,4,B - planned day trip / selected activity,Designated parking/access point; capacity and current access unverified,Not confirmed; check exact trailhead/venue before travel,Currumbin Valley Harvest -> Rock Pools picnic -> Cougal Cascades viewing track,Required: source page; closures; weather; exact access; hours; facilities; water quality/flood alerts and permitted activities,https://experiencegoldcoast.com/places-to-go/hinterland-gold-coast/things-to-do/currumbin-rock-pools-au0393811,"Researched 2026-10-06. Deep water, slippery rocks and changing currents; choose lawn picnic for a two-year-old. Check water quality and avoid after heavy rain. Distance/drive are rounded planning estimates, not live routing; duration excludes travel. Scores/ages/pram suitability are editorial family-planning judgements, not operator guarantees."
SEQ-1217,Plan / route,Bunya Crossing Reserve,South Pine River picnic + short nature walk,River + Picnic,Moreton Bay / Bunya,25,30-45 min,15-40km / local outing,Free,Morning; dry mild weather,1-2h,"0-3 on dry picnic area, 3-6, adult",Partial - firm paths only,No,High,3.5,4,B - planned day trip / selected activity,Designated parking/access point; capacity and current access unverified,Not confirmed; check exact trailhead/venue before travel,Bunya Crossing Reserve -> nearby picnic/cafe; confirm opening and toddler travel limits,Required: source page; closures; weather; exact access; hours; facilities; water quality/flood alerts and permitted activities,https://www.moretonbay.qld.gov.au/Services/Sport-Recreation/Parks/Sargent-Reserve,"Researched 2026-10-06. Dugandan Road picnic access; river depth varies. Council Sargent Reserve page confirms connecting walk; kayak access and dog rules need checking locally; no blanket shallow-water claim. Distance/drive are rounded planning estimates, not live routing; duration excludes travel. Scores/ages/pram suitability are editorial family-planning judgements, not operator guarantees."
SEQ-1218,Plan / route,Northview Highlands,Booked private farm visit with Highland cattle and sheep,Farm Animals,Scenic Rim / Charlwood,100,1.25-1.75h,80-150km / day trip,$$ - check current quote,Morning; dry mild weather,1-2h,"0-3 with adult, 3-6, adult",Confirm with operator,No,Medium,4.5,4,B - planned day trip / selected activity,Designated parking/access point; capacity and current access unverified,Not confirmed; check exact trailhead/venue before travel,Booked farm/seasonal flowers -> Kalbar -> Scenic Rim Farm Shop when open,Required: source page; closures; weather; exact access; hours; facilities; current booking/price and child conditions,https://www.northviewhighlands.com.au/,"Researched 2026-10-06. Likely match for Northview Farm: 223 Charlwood Rd. Official operator confirms Highland cattle, Valais Blacknose sheep and pygmy goats; alpacas mentioned in farm history, encounter availability not guaranteed. Appointment essential. Distance/drive are rounded planning estimates, not live routing; duration excludes travel. Scores/ages/pram suitability are editorial family-planning judgements, not operator guarantees."
SEQ-1219,Plan / route,Eastern Colour - Applethorpe,Seasonal booked apple / strawberry picking,Fruit Picking,Granite Belt / Applethorpe,215,2.75-3.25h,150-250km / long day or overnight,$$ - check current quote,Advertised seasonal opening dates; morning,1-2h / overnight regional trip,"0-3 with help, 3-6, adult",Partial - field conditions vary,No,Medium,4.5,4,B - planned day trip / selected activity,Designated parking/access point; capacity and current access unverified,Not confirmed; check exact trailhead/venue before travel,Stanthorpe -> Quart Pot Creek / Weeroona Park -> booked farm or cellar door -> overnight stay,Required: source page; closures; weather; exact access; hours; facilities; current booking/price and child conditions,https://www.queenslandcountrytourism.com.au/listings/eastern-colour-3,"Researched 2026-10-06. 244 Aerodrome Rd is Eastern Colour, not the Big Apple landmark. Selected picking weekends; crops and prices vary. Original $40 unlimited-weight box claim not confirmed. Distance/drive are rounded planning estimates, not live routing; duration excludes travel. Scores/ages/pram suitability are editorial family-planning judgements, not operator guarantees."
SEQ-1220,Plan / route,The Longan Farm,Seasonal booked longan picking,Fruit Picking,Moreton Bay / Narangba,45,45-60 min,40-80km / half-day,$$ - check current quote,Advertised seasonal opening dates; morning,1-2h,"0-3 with help, 3-6, adult",No - orchard ground,No,Medium,4,4,A - easy repeat,Designated parking/access point; capacity and current access unverified,Not confirmed; check exact trailhead/venue before travel,The Longan Farm -> nearby picnic/cafe; confirm opening and toddler travel limits,Required: source page; closures; weather; exact access; hours; facilities; current booking/price and child conditions,https://www.trybooking.com/events/landing/1573294,"Researched 2026-10-06. 359 Raynbird Rd; operator event directs access via Roberts Rd easement. April 2026 booking page is historical evidence only: entry plus per-kg fruit charge, not a standing $20 unlimited-picking price; wait for new event. Distance/drive are rounded planning estimates, not live routing; duration excludes travel. Scores/ages/pram suitability are editorial family-planning judgements, not operator guarantees."
SEQ-1221,Plan / route,Flame Hill Vineyard - Montville,Cellar-door tasting + vineyard lunch,Winery + Dining,Sunshine Coast Hinterland / Montville,110,1.5-2h,80-150km / day trip,$$ - check current quote,Morning; dry mild weather,1.5-3h,"0-3 as accompanying child, adult",Partial - venue only,Maybe - indoor dining,High,2.5,4.5,B - planned day trip / selected activity,Designated parking/access point; capacity and current access unverified,Not confirmed; check exact trailhead/venue before travel,Flame Hill Vineyard - Montville -> nearby picnic/cafe; confirm opening and toddler travel limits,Required: source page; closures; weather; exact access; hours; facilities; current booking/price and child conditions,https://flamehill.com.au/pages/contact,"Researched 2026-10-06. 249 Western Avenue. Adult tasting experience; confirm restaurant service and bookings. Set a designated driver. Distance/drive are rounded planning estimates, not live routing; duration excludes travel. Scores/ages/pram suitability are editorial family-planning judgements, not operator guarantees."
SEQ-1222,Plan / route,Sarabah Estate Vineyard,Vineyard meal + wood-fired pizza + scenery,Winery + Dining,Scenic Rim / Sarabah near Canungra,95,1.25-1.75h,80-150km / day trip,$$ - check current quote,Morning; dry mild weather,2-3h,"0-3 as accompanying child, 3-6, adult",Partial - restaurant grounds,Maybe - restaurant only,High,3.5,4.5,B - planned day trip / selected activity,Designated parking/access point; capacity and current access unverified,Not confirmed; check exact trailhead/venue before travel,Sarabah Estate Vineyard -> nearby picnic/cafe; confirm opening and toddler travel limits,Required: source page; closures; weather; exact access; hours; facilities; current booking/price and child conditions,https://www.sarabahestate.com.au/,"Researched 2026-10-06. Official restaurant/cellar door lists Friday-Sunday; book dining and confirm picnic options, menu and event closures. Distance/drive are rounded planning estimates, not live routing; duration excludes travel. Scores/ages/pram suitability are editorial family-planning judgements, not operator guarantees."
SEQ-1223,Plan / route,Castle Glen Australia - Thulimbah,Castle-style cellar door + tasting + photos,Winery + Shopping,Granite Belt / Thulimbah,205,2.5-3h,150-250km / long day or overnight,$$ - check current quote,Morning; dry mild weather,45-90 min / overnight regional trip,"0-3 as accompanying child, adult",Confirm entrance access,Yes - cellar door,High,2,4,B - planned day trip / selected activity,Designated parking/access point; capacity and current access unverified,Not confirmed; check exact trailhead/venue before travel,Stanthorpe -> Quart Pot Creek / Weeroona Park -> booked farm or cellar door -> overnight stay,Required: source page; closures; weather; exact access; hours; facilities; current booking/price and child conditions,https://castleglenaustralia.com.au/contact/,"Researched 2026-10-06. 3184 Amiens Rd, Thulimbah. Cellar door rather than a castle attraction or children’s play venue; opening and tasting arrangements can change. Distance/drive are rounded planning estimates, not live routing; duration excludes travel. Scores/ages/pram suitability are editorial family-planning judgements, not operator guarantees."
SEQ-1224,Plan / route,Granite Belt Christmas Farm,Animal feeding + Christmas shop + tree-farm visit,Farm Animals + Seasonal,Granite Belt / near Stanthorpe,225,2.75-3.25h,150-250km / long day or overnight,Free entry / $ feed and purchases,Advertised seasonal opening dates; morning,1-2h / overnight regional trip,"0-3, 3-6, adult",Partial - shop and firm paths,Maybe - shop/cafe only,High,4.5,4,B - planned day trip / selected activity,Designated parking/access point; capacity and current access unverified,Not confirmed; check exact trailhead/venue before travel,Stanthorpe -> Quart Pot Creek / Weeroona Park -> booked farm or cellar door -> overnight stay,Required: source page; closures; weather; exact access; hours; facilities; current booking/price and child conditions,https://granitebeltchristmasfarm.com.au/things-to-do-at-the-farm/,"Researched 2026-10-06. General farm visit has no entry fee; feed, food and tree purchases extra. Harvest and special activities seasonal; confirm hours. Distance/drive are rounded planning estimates, not live routing; duration excludes travel. Scores/ages/pram suitability are editorial family-planning judgements, not operator guarantees."
SEQ-1225,Plan / route,Currumbin Valley Harvest,Organic-produce cafe + garden visit,Farm Cafe,Gold Coast / Currumbin Valley,120,1.5-2h,80-150km / day trip,$$ - check current quote,Morning; dry mild weather,1-2h,"0-3, 3-6, adult",Partial - cafe access,Maybe - covered cafe,High,3.5,4.5,B - planned day trip / selected activity,Designated parking/access point; capacity and current access unverified,Not confirmed; check exact trailhead/venue before travel,Currumbin Valley Harvest -> Rock Pools picnic -> Cougal Cascades viewing track,Required: source page; closures; weather; exact access; hours; facilities; current booking/price and child conditions,https://www.cvhmarket.com.au/community,"Researched 2026-10-06. 1380 Currumbin Creek Rd; community page currently lists Thursday-Monday 8am-2pm. Creek access/swimming is not assumed included. Distance/drive are rounded planning estimates, not live routing; duration excludes travel. Scores/ages/pram suitability are editorial family-planning judgements, not operator guarantees."
SEQ-1226,Plan / route,Mountview Alpaca Farm,Booked alpaca feed/walk + vineyard picnic,Farm Animals,Scenic Rim / Canungra,100,1.25-1.75h,80-150km / day trip,$$ - check current quote,Morning; dry mild weather,1.5-3h,"0-3 shared supervised encounter, 3-6, adult",Partial - vineyard grounds,No,High,4.5,4.5,B - planned day trip / selected activity,Designated parking/access point; capacity and current access unverified,Not confirmed; check exact trailhead/venue before travel,Mountview Alpaca Farm -> nearby picnic/cafe; confirm opening and toddler travel limits,Required: source page; closures; weather; exact access; hours; facilities; current booking/price and child conditions,https://mountviewfarm.com.au/how-to-visit-us/,"Researched 2026-10-06. 852 Lamington NP Rd within O'Reilly's Canungra Valley Vineyards. Children 9 and under share alpaca with adult; experience fee per person and picnic extras. Book and confirm child conditions. Distance/drive are rounded planning estimates, not live routing; duration excludes travel. Scores/ages/pram suitability are editorial family-planning judgements, not operator guarantees."
SEQ-1227,Plan / route,Paradise Country,Farm-animal encounters + Australian farm shows,Animal Park,Gold Coast / Oxenford,65,50-75 min,40-80km / half-day,$$ - check current quote,Morning; dry mild weather,3-5h,"0-3, 3-6, adult",Partial - park paths,Maybe - some shows sheltered,Medium,4.5,4,B - planned day trip / selected activity,Designated parking/access point; capacity and current access unverified,Not confirmed; check exact trailhead/venue before travel,Paradise Country -> nearby picnic/cafe; confirm opening and toddler travel limits,Required: source page; closures; weather; exact access; hours; facilities; current booking/price and child conditions,https://paradisecountry.com.au/attractions,"Researched 2026-10-06. Paid admission; encounters extra. Do not assume koala holding is available or included; check current welfare policies, show times and age conditions. Distance/drive are rounded planning estimates, not live routing; duration excludes travel. Scores/ages/pram suitability are editorial family-planning judgements, not operator guarantees."
SEQ-1228,Hold / closed,Sixty6 Acres,Farm accommodation - currently unavailable,Farm Stay,Sunshine Coast / Diddillibah,110,1.5-2h,80-150km / day trip,Not currently bookable,Only after confirmed reopening,Overnight only when reopened,Not assessed while closed,Confirm on reopening,Not assessed,Not assessed,,,HOLD - closed to bookings,Designated parking/access point; capacity and current access unverified,Not confirmed; check exact trailhead/venue before travel,Sixty6 Acres -> nearby picnic/cafe; confirm opening and toddler travel limits,Required: source page; closures; weather; exact access; hours; facilities; current booking/price and child conditions,https://sixty6acres.com/,"Researched 2026-10-06. HOLD: official homepage says bookings closed from October 2026 while the farm changes direction; no current visit recommendation. Recheck reopening; do not infer day-visitor access. Distance/drive are rounded planning estimates, not live routing; duration excludes travel. Scores/ages/pram suitability are editorial family-planning judgements, not operator guarantees."
SEQ-1229,Plan / route,Gympie Gold Mining and Historical Museum,Mining history + scheduled gold-panning demonstration,Museum + History,Gympie,165,2-2.5h,150-250km / long day or overnight,$$ - check current quote,Morning; dry mild weather,1.5-2.5h,"0-3 accompanying family, 3-6, adult",Partial - heritage buildings,Maybe - mixed indoor/outdoor,Medium,3.5,4,B - planned day trip / selected activity,Designated parking/access point; capacity and current access unverified,Not confirmed; check exact trailhead/venue before travel,Gympie Gold Mining and Historical Museum -> nearby picnic/cafe; confirm opening and toddler travel limits,Required: source page; closures; weather; exact access; hours; facilities; current booking/price and child conditions,https://gympiegoldmuseum.com.au/events/,"Researched 2026-10-06. Confirm admission, opening and panning demonstration availability; a panning event is not necessarily offered continuously. Distance/drive are rounded planning estimates, not live routing; duration excludes travel. Scores/ages/pram suitability are editorial family-planning judgements, not operator guarantees."
SEQ-1230,Plan / route,Booloumba Creek - Conondale National Park,Creekside camp + rainforest walks,Camping + Creek,Sunshine Coast Hinterland / Conondale,150,2.25-3h including unsealed access,80-150km / day trip,Free day use / $ camping permit; access costs extra,Morning; dry mild weather,Full day / 1-2 nights,"0-3 at camp only, older fit children, adult",No,No,Medium,3,4.5,B - planned day trip / selected activity,Designated parking/access point; capacity and current access unverified,Not confirmed; check exact trailhead/venue before travel,Booloumba Creek - Conondale National Park -> nearby picnic/cafe; confirm opening and toddler travel limits,Required: source page; closures; weather; exact access; hours; facilities; water quality/flood alerts and permitted activities,https://parks.qld.gov.au/parks/conondale/camping,"Researched 2026-10-06. Access requires high-clearance 4WD and creek crossings; standard CR-V/Q2 not assumed suitable. Book camping permits; avoid high water and check park alerts. Distance/drive are rounded planning estimates, not live routing; duration excludes travel. Scores/ages/pram suitability are editorial family-planning judgements, not operator guarantees."
SEQ-1231,Plan / route,West Canungra Creek circuit,Long rainforest loop + multiple creek crossings,Advanced Rainforest Hike,Scenic Rim / Lamington Green Mountains,150,2-2.75h,80-150km / day trip,Free,Cool dry weather; early start,5.5-7h walking,"Fit older teens, adult",No,No,Low,1,5,D - experienced adults / specialist,Designated parking/access point; capacity and current access unverified,No toilets along remote/summit route; check trailhead facilities,Canungra -> one selected Green Mountains walk -> O'Reilly's day area; allow mountain-road time,Required: source page; closures; weather; exact access; hours; facilities; official track map/grade and creek crossings,https://parks.qld.gov.au/parks/lamington/journeys/west-canungra-creek-circuit,"Researched 2026-10-06. 13.9km Grade 4, includes Darraboola Falls. Creek crossings can be dangerous after rain; not a toddler itinerary. Distance/drive are rounded planning estimates, not live routing; duration excludes travel. Scores/ages/pram suitability are editorial family-planning judgements, not operator guarantees."
SEQ-1232,Plan / route,Mount Cordeaux track,Rainforest ascent to lookout below the peak,Mountain Hike,Scenic Rim / Cunninghams Gap,130,1.75-2.25h,80-150km / day trip,Free,Morning; dry mild weather,2.5-3.5h,"Fit older children, adult",No,No,Low,1.5,4.5,C - strenuous walk / fit older children and adults,Designated parking/access point; capacity and current access unverified,Not confirmed; check exact trailhead/venue before travel,Cunninghams Gap -> choose ONE mountain walk -> Aratula meal,Required: source page; closures; weather; exact access; hours; facilities; official track map/grade and creek crossings,https://parks.qld.gov.au/parks/main-range/journeys/mount-cordeaux-track,"Researched 2026-10-06. 6.8km return, Grade 4. Official trail reaches lookout below summit, not summit itself; cliff edges and highway crossing. Distance/drive are rounded planning estimates, not live routing; duration excludes travel. Scores/ages/pram suitability are editorial family-planning judgements, not operator guarantees."
SEQ-1233,Plan / route,White Rock - Spring Mountain Conservation Estate,Bushwalk to culturally significant rock formations,Bushwalk,Ipswich / Redbank Plains,40,40-60 min,15-40km / local outing,Free,Morning; dry mild weather,2-3h / shorter family walk,"0-3 on short base walks, older fit children, adult",No - main hike,No,Medium,2.5,4,B - planned day trip / selected activity,Designated parking/access point; capacity and current access unverified,Not confirmed; check exact trailhead/venue before travel,Queens Park / Ipswich Nature Centre -> short local stop -> cafe,Required: source page; closures; weather; exact access; hours; facilities,https://www.ipswich.qld.gov.au/Explore/Parks-and-Reserves/Parks-Search/White-Rock-%E2%80%93-Spring-Mountain-Conservation-Estate-%E2%80%93-Including-Paperbark-Flats-Picnic-Area,"Researched 2026-10-06. Access via White Rock Drive / Paperbark Flats. Current council park page says climbing White Rock and adjacent southern ridge is prohibited; use designated ground-level routes and observe cultural-site restrictions. Distance/drive are rounded planning estimates, not live routing; duration excludes travel. Scores/ages/pram suitability are editorial family-planning judgements, not operator guarantees."
SEQ-1234,Plan / route,Goomburra - Main Range National Park,Forest picnic/camp + currently open walking tracks,Rainforest + Camping,Southern Downs / Goomburra,175,2.5-3h,150-250km / long day or overnight,Free day use / $ camping permit; access costs extra,Morning; dry mild weather,Full day / 1-2 nights,"0-3 picnic/camp only, older fit children, adult",Partial - camping/picnic ground only,No,High,3.5,4.5,B - planned day trip / selected activity,Designated parking/access point; capacity and current access unverified,Not confirmed; check exact trailhead/venue before travel,Goomburra - Main Range National Park -> nearby picnic/cafe; confirm opening and toddler travel limits,Required: source page; closures; weather; exact access; hours; facilities; official track map/grade and creek crossings,https://parks.qld.gov.au/parks/main-range/journeys/cascades-circuit,"Researched 2026-10-06. National-park Goomburra section distinct from private Goomburra Valley campgrounds. Cascades and Dalrymple circuits listed closed until 31 December 2026; verify open alternatives and exact destination. Distance/drive are rounded planning estimates, not live routing; duration excludes travel. Scores/ages/pram suitability are editorial family-planning judgements, not operator guarantees."
SEQ-1235,Plan / route,Bell Bird Hill Lookout - Kurrajong Heights NSW,Roadside panoramic lookout,Out-of-region Lookout,New South Wales / Hawkesbury,950,11-12h,250km+ / multi-day road trip,Free,Morning; dry mild weather,15-30 min stop on NSW trip,"0-3 with adult, 3-6, adult",Partial - lookout approach,No,High,3,4,C - separate multi-day trip,Designated parking/access point; capacity and current access unverified,Not confirmed; check exact trailhead/venue before travel,Bell Bird Hill Lookout - Kurrajong Heights NSW -> nearby picnic/cafe; confirm opening and toddler travel limits,Required: source page; closures; weather; exact access; hours; facilities,https://www.sydney.com/destinations/sydney/sydney-north/hawkesbury/attractions/bell-bird-hill-lookout,"Researched 2026-10-06. Bells Line of Road address points to NSW, not Brisbane hinterland. Retained only for a separate NSW road trip; not substituted with Lamington's Bellbird lookout. Distance/drive are rounded planning estimates, not live routing; duration excludes travel. Scores/ages/pram suitability are editorial family-planning judgements, not operator guarantees."
SEQ-1236,Plan / route,Quart Pot Creek Parklands,Creekside shared-path walk + picnic,Park + Creek,Granite Belt / Stanthorpe,220,2.75-3.25h,150-250km / long day or overnight,Free,Morning; dry mild weather,1-2h / regional overnight,"0-3, 3-6, adult",Yes - shared path,No,High,4,4,B - planned day trip / selected activity,Designated parking/access point; capacity and current access unverified,Not confirmed; check exact trailhead/venue before travel,Stanthorpe -> Quart Pot Creek / Weeroona Park -> booked farm or cellar door -> overnight stay,Required: source page; closures; weather; exact access; hours; facilities; water quality/flood alerts and permitted activities,https://www.sdrc.qld.gov.au/our-region/parks-open-spaces/stanthorpe-parks,"Researched 2026-10-06. Town creek parklands, not a reservoir. Autumn foliage varies; combine with visitor centre/Rotary Park and shorten the walk for a toddler. Distance/drive are rounded planning estimates, not live routing; duration excludes travel. Scores/ages/pram suitability are editorial family-planning judgements, not operator guarantees."
SEQ-1237,Plan / route,Weeroona Park - Stanthorpe,Town playground + picnic + gallery option,Park + Playground,Granite Belt / Stanthorpe,220,2.75-3.25h,150-250km / long day or overnight,Free,Morning; dry mild weather,1-2h / regional overnight,"0-3, 3-6, adult",Yes - paths,No,High,4.5,4,B - planned day trip / selected activity,Designated parking/access point; capacity and current access unverified,Not confirmed; check exact trailhead/venue before travel,Stanthorpe -> Quart Pot Creek / Weeroona Park -> booked farm or cellar door -> overnight stay,Required: source page; closures; weather; exact access; hours; facilities,https://www.sdrc.qld.gov.au/our-region/parks-open-spaces/stanthorpe-parks,"Researched 2026-10-06. Town park by Marsh Street, not the Quart Pot Creek lakeside park; nearby Stanthorpe Regional Art Gallery can provide an indoor option when open. Distance/drive are rounded planning estimates, not live routing; duration excludes travel. Scores/ages/pram suitability are editorial family-planning judgements, not operator guarantees."
SEQ-1238,Plan / route,Box Forest circuit - Lamington,Long waterfall circuit via Elabana and Box Log Falls,Advanced Rainforest Hike,Scenic Rim / Lamington Green Mountains,150,2-2.75h,80-150km / day trip,Free,Cool dry weather; early start,4-5h walking,"Fit older children/teens, adult",No,No,Low,1.5,5,D - experienced adults / specialist,Designated parking/access point; capacity and current access unverified,No toilets along remote/summit route; check trailhead facilities,Canungra -> one selected Green Mountains walk -> O'Reilly's day area; allow mountain-road time,Required: source page; closures; weather; exact access; hours; facilities; official track map/grade and creek crossings,https://parks.qld.gov.au/parks/lamington/journeys/box-forest-circuit,"Researched 2026-10-06. 10.9km Grade 4. Correct national park is Lamington, not Springbrook; stream crossings and wet rocks. Distance/drive are rounded planning estimates, not live routing; duration excludes travel. Scores/ages/pram suitability are editorial family-planning judgements, not operator guarantees."
SEQ-1239,Plan / route,Moreton Island - Tangalooma,Booked island day cruise + optional wrecks tour/dolphin feeding,Island + Activities,Moreton Island / Mulgumpin,15,20-35 min to Holt St Wharf + ferry around 75 min,0-15km / quick local,$$$ - ferry/tour/permits extra,Morning; dry mild weather,Full day / overnight,"0-3 for beach/resort, older swimmers for snorkel, adult",Partial - resort only,No,High,4,4.5,A - easy repeat,Mainland ferry/boat departure parking; verify terminal and booking,Not confirmed; check exact trailhead/venue before travel,Ferry -> booked resort/tour OR permitted 4WD route -> return ferry / booked camping,"Required: source page; closures; weather; exact access; hours; facilities; ferry/tour tickets, tide/weather, vehicle/camping permits",https://www.tangalooma.com/wild-dolphin-feeding-day-cruise,"Researched 2026-10-06. km is mainland drive to Holt Street Wharf only. Feeding included only in selected packages; snorkelling and sandboarding need separate inclusion checks. Wrecks have currents and boat traffic. Distance/drive are rounded planning estimates, not live routing; duration excludes travel. Scores/ages/pram suitability are editorial family-planning judgements, not operator guarantees."
SEQ-1240,Plan / route,Moreton Island - north-east camping zone,Permit-based 4WD beach camping,Island + Camping,Moreton Island / Mulgumpin,20,25-40 min to Port of Brisbane + ferry + 4WD island drive,15-40km / local outing,Free day use / $ camping permit; access costs extra,Morning; dry mild weather,2-3 days,"0-3 camp with planning, older children, adult",No,No,Medium,3,4.5,B - planned day trip / selected activity,Mainland ferry/boat departure parking; verify terminal and booking,No toilets in beach camping zone; follow camping toilet requirements,Ferry -> booked resort/tour OR permitted 4WD route -> return ferry / booked camping,"Required: source page; closures; weather; exact access; hours; facilities; ferry/tour tickets, tide/weather, vehicle/camping permits",https://parks.qld.gov.au/parks/gheebulum-kunungai-moreton-island/camping/north-east-camping-zone,"Researched 2026-10-06. km is mainland drive to vehicle-ferry terminal only. High-clearance 4WD, vehicle/camping permits, tide planning and self-sufficiency; beach zones have no toilets. Distance/drive are rounded planning estimates, not live routing; duration excludes travel. Scores/ages/pram suitability are editorial family-planning judgements, not operator guarantees."
SEQ-1241,Plan / route,Kooringal - Moreton Island,Southern island village + Gutter Bar meal,Island + Dining,Moreton Island / Mulgumpin,20,25-40 min to vehicle ferry + ferry + around 50 min 4WD from landing,15-40km / local outing,$$$ - ferry/tour/permits extra,Morning; dry mild weather,Full day / overnight,"0-3 with logistics, 3-6, adult",No - sand access,No,High,3,4.5,B - planned day trip / selected activity,Mainland ferry/boat departure parking; verify terminal and booking,Not confirmed; check exact trailhead/venue before travel,Ferry -> booked resort/tour OR permitted 4WD route -> return ferry / booked camping,"Required: source page; closures; weather; exact access; hours; facilities; current booking/price and child conditions; ferry/tour tickets, tide/weather, vehicle/camping permits",https://www.thegutterbar.com.au/getting-here,"Researched 2026-10-06. km is mainland approach only. Operator lists 4WD via MICAT, private boat, tours or helicopter; do not assume a direct scheduled Brisbane-to-Kooringal passenger ferry. Distance/drive are rounded planning estimates, not live routing; duration excludes travel. Scores/ages/pram suitability are editorial family-planning judgements, not operator guarantees."
SEQ-1242,Plan / route,Flat Rock Dive Site - off North Stradbroke Island,Operator-led offshore dive / suitable snorkel excursion,Offshore Diving,Moreton Bay Marine Park / off North Stradbroke,40,45-60 min to Cleveland + ferry/boat transfers,15-40km / local outing,$$$ - ferry/tour/permits extra,Cool dry weather; early start,Half/full day depending operator,Adult; age and swim ability per operator,No,No,Low,0.5,4.5,D - experienced adults / specialist,Mainland ferry/boat departure parking; verify terminal and booking,No toilets along remote/summit route; check trailhead facilities,Flat Rock Dive Site - off North Stradbroke Island -> nearby picnic/cafe; confirm opening and toddler travel limits,Required: source page; closures; weather; exact access; hours; facilities,https://visit.brisbane.qld.au/things-to-do/north-stradbroke-island/natural-attractions/flat-rock-dive-site-dd90,"Researched 2026-10-06. Corrected from Moreton Island: marine dive site a few kilometres north of North Stradbroke. Offshore boat excursion, not walk-in beach snorkelling or a toddler activity. Distance/drive are rounded planning estimates, not live routing; duration excludes travel. Scores/ages/pram suitability are editorial family-planning judgements, not operator guarantees."
SEQ-1243,Plan / route,Mount French - Moogerah Peaks National Park,Short lookout walks + picnic/BBQ,Mountain Lookout,Scenic Rim / near Boonah,105,1.5-2h,80-150km / day trip,Free,Morning; dry mild weather,1.5-3h,"0-3 on North Cliff route with adult, 3-6, adult",Partial - check surface,No,High,3.5,4.5,B - planned day trip / selected activity,Designated parking/access point; capacity and current access unverified,Yes - official picnic area,Mount French - Moogerah Peaks National Park -> nearby picnic/cafe; confirm opening and toddler travel limits,Required: source page; closures; weather; exact access; hours; facilities,https://parks.qld.gov.au/parks/moogerah-peaks/things-to-do,"Researched 2026-10-06. Correct park is Moogerah Peaks, not Main Range. North Cliff track 720m and Mee-bor-rum circuit 840m; picnic area toilets/BBQ; climbing at Frog Buttress is separate specialist activity. Distance/drive are rounded planning estimates, not live routing; duration excludes travel. Scores/ages/pram suitability are editorial family-planning judgements, not operator guarantees."
SEQ-1244,Plan / route,Mount Mitchell track - East Peak,Long energetic summit walk,Mountain Hike,Scenic Rim / Cunninghams Gap,130,1.75-2.25h,80-150km / day trip,Free,Morning; dry mild weather,3.5-5h,"Fit older children/teens, adult",No,No,Low,1.5,5,C - strenuous walk / fit older children and adults,Designated parking/access point; capacity and current access unverified,Not confirmed; check exact trailhead/venue before travel,Cunninghams Gap -> choose ONE mountain walk -> Aratula meal,Required: source page; closures; weather; exact access; hours; facilities; official track map/grade and creek crossings,https://parks.qld.gov.au/parks/main-range/journeys/mount-mitchell-track,"Researched 2026-10-06. 10.2km return, Grade 4; official track ends at East Peak. East Peak merged into this record; avoid exposed cliff edges. Distance/drive are rounded planning estimates, not live routing; duration excludes travel. Scores/ages/pram suitability are editorial family-planning judgements, not operator guarantees."
SEQ-1245,Plan / route,Mount Edwards,Rough summit trail above Lake Moogerah,Advanced Mountain Hike,Scenic Rim / Moogerah Peaks,105,1.5-2h,80-150km / day trip,Free,Cool dry weather; early start,3.5-4.5h,"Fit older teens, adult",No,No,Low,1,4.5,D - experienced adults / specialist,Designated parking/access point; capacity and current access unverified,Lake Moogerah picnic facilities; none on summit route,Mount Edwards -> nearby picnic/cafe; confirm opening and toddler travel limits,Required: source page; closures; weather; exact access; hours; facilities; official track map/grade and creek crossings,https://parks.qld.gov.au/parks/moogerah-peaks/things-to-do,"Researched 2026-10-06. 6km return Grade 5; steep, rough, unmarked trail. Dam wall gate access 6am-6pm; picnic facilities at lake, none on summit trail. Distance/drive are rounded planning estimates, not live routing; duration excludes travel. Scores/ages/pram suitability are editorial family-planning judgements, not operator guarantees."
SEQ-1246,Plan / route,Mount Greville,Unmarked summit routes through gorge terrain,Advanced Mountain Hike,Scenic Rim / Moogerah Peaks,115,1.5-2h,80-150km / day trip,Free,Cool dry weather; early start,5-6h,Experienced adult hikers,No,No,Low,0.5,5,D - experienced adults / specialist,Designated parking/access point; capacity and current access unverified,No toilets along remote/summit route; check trailhead facilities,Mount Greville -> nearby picnic/cafe; confirm opening and toddler travel limits,Required: source page; closures; weather; exact access; hours; facilities; official track map/grade and creek crossings,https://parks.qld.gov.au/parks/moogerah-peaks/things-to-do,"Researched 2026-10-06. Corrected from beginner walk: summit routes are unmarked/undefined and require navigation skills; official guidance excludes young children and inexperienced people. Distance/drive are rounded planning estimates, not live routing; duration excludes travel. Scores/ages/pram suitability are editorial family-planning judgements, not operator guarantees."
SEQ-1247,Plan / route,Mount Barney summit routes,Remote mountain ascent for experienced equipped groups,Advanced Mountain Hike,Scenic Rim / Mount Barney,135,2-2.5h,80-150km / day trip,Free,Cool dry weather; early start,Full strenuous day / overnight,Experienced adult hikers only,No,No,Low,0.5,5,D - experienced adults / specialist,Designated parking/access point; capacity and current access unverified,No toilets along remote/summit route; check trailhead facilities,Mount Barney summit routes -> nearby picnic/cafe; confirm opening and toddler travel limits,Required: source page; closures; weather; exact access; hours; facilities; official track map/grade and creek crossings,https://parks.qld.gov.au/parks/mount-barney/things-to-do,"Researched 2026-10-06. Distinct from existing foothills-viewpoint entry; no maintained summit walking track. Navigation, scrambling and remote emergency planning essential; no toddler route. Distance/drive are rounded planning estimates, not live routing; duration excludes travel. Scores/ages/pram suitability are editorial family-planning judgements, not operator guarantees."
SEQ-1248,Plan / route,Lake Maroon / Maroon Dam,Lake scenery + permitted fishing/paddling,Lake + Picnic,Scenic Rim / Maroon,125,1.75-2.25h,80-150km / day trip,Free,Morning; dry mild weather,2-3h,"0-3 shore picnic, older children paddling, adult",Partial - recreation areas,No,High,3.5,4,B - planned day trip / selected activity,Designated parking/access point; capacity and current access unverified,Not confirmed; check exact trailhead/venue before travel,Lake Maroon / Maroon Dam -> nearby picnic/cafe; confirm opening and toddler travel limits,Required: source page; closures; weather; exact access; hours; facilities; water quality/flood alerts and permitted activities,https://www.seqwater.com.au/locations-and-guides,"Researched 2026-10-06. Lake name is Lake Maroon, not Lake Maroona. No swimming; use designated recreation access and check permit/operator requirements. Dam infrastructure may not be publicly accessible. Distance/drive are rounded planning estimates, not live routing; duration excludes travel. Scores/ages/pram suitability are editorial family-planning judgements, not operator guarantees."
SEQ-1249,Plan / route,Forest Lake - The Lake Parklands,Lake loop + playground + picnic,Park + Lake,Brisbane South-West / Forest Lake,25,25-40 min,15-40km / local outing,Free,Morning; dry mild weather,1-2h,"0-3, 3-6, adult",Yes,No,High,4.5,4,A - easy repeat,Designated parking/access point; capacity and current access unverified,Not confirmed; check exact trailhead/venue before travel,Forest Lake - The Lake Parklands -> nearby picnic/cafe; confirm opening and toddler travel limits,Required: source page; closures; weather; exact access; hours; facilities; water quality/flood alerts and permitted activities,https://www.brisbane.qld.gov.au/parks-and-recreation/parks-and-greenspaces/book-a-park-site/lake-parklands,"Researched 2026-10-06. Council-managed parklands; shared paths and playgrounds. Swans are possible, not guaranteed; keep clear of feeding/nesting birds and water edge. Distance/drive are rounded planning estimates, not live routing; duration excludes travel. Scores/ages/pram suitability are editorial family-planning judgements, not operator guarantees."
SEQ-1250,Plan / route,Woogaroo Creek - Ric Nattrass Environmental Park,Creekside bushland walk + birdwatching,Bushwalk + Creek,Ipswich / Goodna,30,30-45 min,15-40km / local outing,Free,Morning; dry mild weather,45-90 min,"0-3 on short supervised visit, 3-6, adult",No - bush tracks,No,Medium,3,3.5,B - planned day trip / selected activity,Designated parking/access point; capacity and current access unverified,Not confirmed; check exact trailhead/venue before travel,Queens Park / Ipswich Nature Centre -> short local stop -> cafe,Required: source page; closures; weather; exact access; hours; facilities; water quality/flood alerts and permitted activities,https://www.ipswich.qld.gov.au/Explore/Parks-and-Reserves/Parks-Search/Ric-Nattrass-Environmental-Park,"Researched 2026-10-06. Selected confirmed public access: corner Bertha and Eric streets. Not a swimming recommendation; check flooding, track condition and picnic facilities. Distance/drive are rounded planning estimates, not live routing; duration excludes travel. Scores/ages/pram suitability are editorial family-planning judgements, not operator guarantees."
SEQ-1251,Plan / route,Chambers Flat Strawberry Farm,Seasonal booked strawberry picking + ice cream,Fruit Picking,Logan / Chambers Flat,40,40-60 min,15-40km / local outing,$$ - check current quote,Advertised seasonal opening dates; morning,1-2h,"0-3 with help, 3-6, adult",Partial - fields may be uneven,No,High,4.5,4,A - easy repeat,Designated parking/access point; capacity and current access unverified,Not confirmed; check exact trailhead/venue before travel,Chambers Flat Strawberry Farm -> nearby picnic/cafe; confirm opening and toddler travel limits,Required: source page; closures; weather; exact access; hours; facilities; current booking/price and child conditions,https://chambersflatstrawberryfarm.com.au/,"Researched 2026-10-06. 912 Chambers Flat Rd. Book current picking slot, verify crop availability and price; fields may close independently of shop. Distance/drive are rounded planning estimates, not live routing; duration excludes travel. Scores/ages/pram suitability are editorial family-planning judgements, not operator guarantees."
SEQ-1252,Plan / route,Rolin Farms - Elimbah,Seasonal strawberry picking + farm shop,Fruit Picking,Moreton Bay / Elimbah,60,50-75 min,40-80km / half-day,$$ - check current quote,Advertised seasonal opening dates; morning,1-2h,"0-3 with help, 3-6, adult",Partial - field conditions vary,No,High,4.5,4,B - planned day trip / selected activity,Designated parking/access point; capacity and current access unverified,Not confirmed; check exact trailhead/venue before travel,Rolin Farms - Elimbah -> nearby picnic/cafe; confirm opening and toddler travel limits,Required: source page; closures; weather; exact access; hours; facilities; current booking/price and child conditions,https://www.queensland.com/au/en/things-to-do/food-and-drink/farm-to-table/all-the-places-you-can-pick-your-own-fruit-in-queensland,"Researched 2026-10-06. 124-190 Rutters Rd reported in supplied list; exact arrival point, picking days and current bookings must be confirmed with operator; no year-round picking assumption. Distance/drive are rounded planning estimates, not live routing; duration excludes travel. Scores/ages/pram suitability are editorial family-planning judgements, not operator guarantees."
SEQ-1253,Plan / route,Sunflowers On Kents,Seasonal sunflower walk/picking + photos,Seasonal Flowers,Scenic Rim / Kalbar,90,1.25-1.75h,80-150km / day trip,$$ - check current quote,Advertised seasonal opening dates; morning,1-2h,"0-3 with help, 3-6, adult",Partial - field conditions vary,No,High,4,4.5,B - planned day trip / selected activity,Designated parking/access point; capacity and current access unverified,Not confirmed; check exact trailhead/venue before travel,Booked farm/seasonal flowers -> Kalbar -> Scenic Rim Farm Shop when open,Required: source page; closures; weather; exact access; hours; facilities; current booking/price and child conditions,https://visit.brisbane.qld.au/things-to-do/scenic-rim/eat-and-drink/sunflowers-on-kents-edbe,"Researched 2026-10-06. Correct operator spelling Sunflowers On Kents, 10 Kents Lagoon Rd. Bloom/opening window and stem allowance change; listed $20 price not adopted as a guaranteed current quote. Distance/drive are rounded planning estimates, not live routing; duration excludes travel. Scores/ages/pram suitability are editorial family-planning judgements, not operator guarantees."
SEQ-1254,Plan / route,Little Pee Dee Nursery,Plant nursery browsing on confirmed opening day,Garden + Shopping,Scenic Rim / Kalbar area,95,1.25-1.75h,80-150km / day trip,$$ - check current quote,Morning; dry mild weather,30-60 min,"0-3 accompanying adult, adult",Confirm with business,Maybe - limited cover,High,2,3.5,B - planned day trip / selected activity,Designated parking/access point; capacity and current access unverified,Not confirmed; check exact trailhead/venue before travel,Booked farm/seasonal flowers -> Kalbar -> Scenic Rim Farm Shop when open,Required: source page; closures; weather; exact access; hours; facilities,https://www.kalbar.com.au/directory/,"Researched 2026-10-06. Business confirmed by local directory and Landcare; third-party addresses/phone numbers disagree. Confirm exact address and current hours before planning; not an established weekend-only attraction. Distance/drive are rounded planning estimates, not live routing; duration excludes travel. Scores/ages/pram suitability are editorial family-planning judgements, not operator guarantees."
SEQ-1255,Plan / route,Fordsdale Adventures / Farmstay,Prebooked horse trail ride or country stay,Horse Riding + Farm Stay,Lockyer Valley / Fordsdale,140,2-2.5h,80-150km / day trip,$$ - check current quote,Morning; dry mild weather,2-4h riding / overnight,Adult; older children subject to operator rules; toddler stay only,No - riding/terrain,No,Medium,2,4.5,B - planned day trip / selected activity,Designated parking/access point; capacity and current access unverified,Not confirmed; check exact trailhead/venue before travel,Fordsdale Adventures / Farmstay -> nearby picnic/cafe; confirm opening and toddler travel limits,Required: source page; closures; weather; exact access; hours; facilities; current booking/price and child conditions,https://fordsdalefarmstay.com/services/,"Researched 2026-10-06. 171 Wagners Rd; Ma Ma Creek area is Lockyer Valley. Confirm rider minimum age, weight, experience and current availability; unverified 1000-hectare claim omitted. Distance/drive are rounded planning estimates, not live routing; duration excludes travel. Scores/ages/pram suitability are editorial family-planning judgements, not operator guarantees."
SEQ-1256,Plan / route,Hang Glider Lookout - Tamborine Mountain,Short panoramic lookout + sunset stop,Lookout,Scenic Rim / Tamborine Mountain,80,1-1.5h,40-80km / half-day,Free,Clear late afternoon; check gate hours,20-45 min,"0-3 with close supervision, 3-6, adult",Partial - roadside viewing area,No,High,3,4.5,B - planned day trip / selected activity,Designated parking/access point; capacity and current access unverified,Not confirmed; check exact trailhead/venue before travel,One booked Tamborine attraction -> village meal -> short lookout stop,Required: source page; closures; weather; exact access; hours; facilities,https://www.scenicrim.qld.gov.au/Our-Community/Facilities-and-Recreation/Parks-playgrounds-and-lookouts,"Researched 2026-10-06. Main Western Road lookout; keep children back from launch slopes, road and cliff edge. Not a hang-gliding participation recommendation; parking/toilets need local confirmation. Distance/drive are rounded planning estimates, not live routing; duration excludes travel. Scores/ages/pram suitability are editorial family-planning judgements, not operator guarantees."
SEQ-1257,Plan / route,Cedar Creek Estate - Tamborine Mountain,Winery/cafe + optional Butterfly Valley,Winery + Garden,Scenic Rim / Tamborine Mountain,75,1-1.5h,40-80km / half-day,$$ - check current quote,Morning; dry mild weather,1.5-3h,"0-3, 3-6, adult",Partial - grounds,Maybe - cafe/tour interiors,High,3.5,4,B - planned day trip / selected activity,Designated parking/access point; capacity and current access unverified,Not confirmed; check exact trailhead/venue before travel,One booked Tamborine attraction -> village meal -> short lookout stop,Required: source page; closures; weather; exact access; hours; facilities; current booking/price and child conditions,https://cedarcreekestate.com.au/,"Researched 2026-10-06. 104-144 Hartley Road. Glow Worm Caves already in original table and not duplicated here; Butterfly Valley listed by operator, confirm current ticketing/hours. Distance/drive are rounded planning estimates, not live routing; duration excludes travel. Scores/ages/pram suitability are editorial family-planning judgements, not operator guarantees."
SEQ-1258,Plan / route,Flaxton Gardens,Booked hinterland breakfast/lunch + views,Garden Dining,Sunshine Coast Hinterland / Flaxton,115,1.5-2h,80-150km / day trip,$$ - check current quote,Morning; dry mild weather,1.5-2.5h,"0-3 accompanying adult, adult",Confirm restaurant access,Yes - indoor dining,High,2.5,4.5,B - planned day trip / selected activity,Designated parking/access point; capacity and current access unverified,Not confirmed; check exact trailhead/venue before travel,Flaxton Gardens -> nearby picnic/cafe; confirm opening and toddler travel limits,Required: source page; closures; weather; exact access; hours; facilities; current booking/price and child conditions,https://flaxtongardens.com.au/,"Researched 2026-10-06. Restaurant and event/wedding venue; public dining depends on service dates and private events. Book rather than assume unrestricted garden access. Distance/drive are rounded planning estimates, not live routing; duration excludes travel. Scores/ages/pram suitability are editorial family-planning judgements, not operator guarantees."
SEQ-1259,Plan / route,Blencoe Falls - Girringun National Park,Remote waterfall lookouts + permitted camping,Remote Waterfall + Camping,North Queensland / near Mount Garnet,1700,20-24h over multiple driving days,250km+ / multi-day road trip,Free day use / $ camping permit; access costs extra,Cool dry weather; early start,2-3 days within North QLD trip,"Older children with remote-trip planning, adult",No,No,Low,2,5,D - experienced adults / specialist,Designated parking/access point; capacity and current access unverified,No toilets along remote/summit route; check trailhead facilities,North Queensland multi-day itinerary -> confirmed road access -> permitted camp/lookout,Required: source page; closures; weather; exact access; hours; facilities,https://parks.qld.gov.au/parks/blencoe-falls/visiting-safely,"Researched 2026-10-06. Separate multi-day road trip, not SEQ. Unsealed roads, limited services and seasonal access; high-clearance/4WD requirements depend on approach and conditions; no caravan assumption. Distance/drive are rounded planning estimates, not live routing; duration excludes travel. Scores/ages/pram suitability are editorial family-planning judgements, not operator guarantees."
SEQ-1260,Plan / route,Queensland State Rowing Centre - Wyaralong,Booked rowing-facility access / event spectating,Water Sport Facility,Scenic Rim / Lake Wyaralong,85,1.25-1.75h,80-150km / day trip,Free,Morning; dry mild weather,1-3h on booked/event day,Adult sport; children as spectators,Confirm event access,No,Medium,2,4,B - planned day trip / selected activity,Designated parking/access point; capacity and current access unverified,Not confirmed; check exact trailhead/venue before travel,Queensland State Rowing Centre - Wyaralong -> nearby picnic/cafe; confirm opening and toddler travel limits,Required: source page; closures; weather; exact access; hours; facilities,https://www.rowingqld.asn.au/bookings,"Researched 2026-10-06. Likely match for Wyaralong Water Sports Centre. Official access reservation/fees apply; not an unrestricted public kayak-hire shop. Public lake recreation uses Seqwater-designated access. Distance/drive are rounded planning estimates, not live routing; duration excludes travel. Scores/ages/pram suitability are editorial family-planning judgements, not operator guarantees."
SEQ-1261,Plan / route,Shorncliffe geological locality,Foreshore geology observation + coastal stroll,Geology + Coast,Brisbane / Shorncliffe,25,30-45 min,15-40km / local outing,Free,Morning; dry mild weather,1-2h,"0-3 on promenade, 3-6, adult",Partial - promenade only,No,High,3,4,B - planned day trip / selected activity,Designated parking/access point; capacity and current access unverified,Not confirmed; check exact trailhead/venue before travel,Shorncliffe geological locality -> nearby picnic/cafe; confirm opening and toddler travel limits,Required: source page; closures; weather; exact access; hours; facilities,https://www.agriculture.gov.au/sites/default/files/sitecollectiondocuments/rfa/regions/qld-south-east/cultural-heriatage/forest-industry-places/qld_se_ne511.pdf,"Researched 2026-10-06. Historic geoheritage report confirms deformed sedimentary rocks/fossil-plant locality. Not a formal managed fossil-hunting attraction; no collecting/digging assumption, check tide and legal access. Distance/drive are rounded planning estimates, not live routing; duration excludes travel. Scores/ages/pram suitability are editorial family-planning judgements, not operator guarantees."
SEQ-1262,Plan / route,Jim Soorley Bikeway,Shared-path cycling or short pram walk through wetlands,Cycling + Wetlands,Brisbane / Nundah to Nudgee,12,20-30 min to selected access,0-15km / quick local,Free,Morning; dry mild weather,1-3h,"0-3 in suitable seat/pram, 3-6 supervised, adult",Yes - paved shared path,No,High,4,4,A - easy repeat,Designated parking/access point; capacity and current access unverified,Not confirmed; check exact trailhead/venue before travel,Jim Soorley Bikeway -> nearby picnic/cafe; confirm opening and toddler travel limits,Required: source page; closures; weather; exact access; hours; facilities,https://www.brisbane.qld.gov.au/transport-and-parking/bikeways-in-brisbane/brisbane-bikeways,"Researched 2026-10-06. Council confirms connection to Nudgee Beach/Boondall Wetlands. Route length depends on starting point and turn-around; avoid flood closures and segregate toddler play from moving bicycles. Distance/drive are rounded planning estimates, not live routing; duration excludes travel. Scores/ages/pram suitability are editorial family-planning judgements, not operator guarantees."
SEQ-1263,Plan / route,Jack Gordon Pathway,Redland Bay foreshore walk + sunset,Coastal Shared Path,Redlands / Redland Bay,45,45-60 min,40-80km / half-day,Free,Clear late afternoon; check gate hours,1-2h,"0-3, 3-6, adult",Partial - select paved segments,No,High,4,4,A - easy repeat,Designated parking/access point; capacity and current access unverified,Not confirmed; check exact trailhead/venue before travel,Jack Gordon Pathway -> nearby picnic/cafe; confirm opening and toddler travel limits,Required: source page; closures; weather; exact access; hours; facilities,https://www.redland.qld.gov.au/download/downloads/id/1495/section_6_suburb_catchment_area_4.pdf,"Researched 2026-10-06. Council document confirms foreshore linkage; source is a planning report rather than live facilities listing. Choose a short accessible section and check works/route continuity. Distance/drive are rounded planning estimates, not live routing; duration excludes travel. Scores/ages/pram suitability are editorial family-planning judgements, not operator guarantees."
SEQ-1264,Hold / seasonal,El Pomelo - Redland Bay,Seasonal pomelo picking - season currently closed,Fruit Picking,Redlands / Redland Bay,45,45-60 min,40-80km / half-day,$$ - check current quote,Advertised seasonal opening dates; morning,1-2h when reopened,"0-3 with help, 3-6, adult",Partial - orchard ground,No,Medium,4,4,HOLD - seasonal closure,Designated parking/access point; capacity and current access unverified,Not confirmed; check exact trailhead/venue before travel,El Pomelo - Redland Bay -> nearby picnic/cafe; confirm opening and toddler travel limits,Required: source page; closures; weather; exact access; hours; facilities; current booking/price and child conditions,https://elpomelo.com.au/,"Researched 2026-10-06. HOLD seasonal: official website says 2026 season closed. 36-48 Heinemann Rd. Recheck next season's booking/box rules; supplied $40 unlimited-weight claim not verified. Distance/drive are rounded planning estimates, not live routing; duration excludes travel. Scores/ages/pram suitability are editorial family-planning judgements, not operator guarantees."
SEQ-1265,Plan / route,Flagstone Adventure Park & Water Play,Free splash play + playground + picnic,Playground + Water Play,Logan / Flagstone,55,50-75 min,40-80km / half-day,Free,Morning; dry mild weather,2-3h,"0-3 splash area with adult, 3-6, adult",Yes - park paths,No,High,5,4,A - easy repeat,Designated parking/access point; capacity and current access unverified,Not confirmed; check exact trailhead/venue before travel,Flagstone Adventure Park & Water Play -> nearby picnic/cafe; confirm opening and toddler travel limits,Required: source page; closures; weather; exact access; hours; facilities,https://www.peet.com.au/queensland/flagstone/wp-content/uploads/sites/72/2025/03/Flagstone-Corporate-Brochure-2024.pdf,"Researched 2026-10-06. Official developer brochure confirms water-play park and adventure playground; verify current maintenance and operating times. Large climbing equipment is for older children. Distance/drive are rounded planning estimates, not live routing; duration excludes travel. Scores/ages/pram suitability are editorial family-planning judgements, not operator guarantees."
SEQ-1266,Plan / route,Branch Creek - Lake Wivenhoe,Designated paddle launch + shore fishing,Lake + Paddling,Somerset / Lake Wivenhoe east shore,80,1.25-1.75h,40-80km / half-day,Free,Morning; dry mild weather,2-3h,"0-3 shore visit, older children paddling, adult",No - shoreline terrain,No,High,3,4,B - planned day trip / selected activity,Designated parking/access point; capacity and current access unverified,Not confirmed; check exact trailhead/venue before travel,Branch Creek - Lake Wivenhoe -> nearby picnic/cafe; confirm opening and toddler travel limits,Required: source page; closures; weather; exact access; hours; facilities; water quality/flood alerts and permitted activities,https://www.seqwater.com.au/things-to-do/branch-creek,"Researched 2026-10-06. Seqwater lists paddle launch/fishing, not a campground. Do not pitch camp here; choose an authorised campground elsewhere. Recheck facilities and fishing permit. Distance/drive are rounded planning estimates, not live routing; duration excludes travel. Scores/ages/pram suitability are editorial family-planning judgements, not operator guarantees."
SEQ-1267,Plan / route,Coomera Falls via Coomera circuit,Long rainforest loop to gorge lookout,Advanced Rainforest Hike,Scenic Rim / Lamington Binna Burra,115,1.75-2.25h,80-150km / day trip,Free,Cool dry weather; early start,7-8h walking,"Fit older teens, adult",No,No,Low,1,5,D - experienced adults / specialist,Designated parking/access point; capacity and current access unverified,No toilets along remote/summit route; check trailhead facilities,Coomera Falls via Coomera circuit -> nearby picnic/cafe; confirm opening and toddler travel limits,Required: source page; closures; weather; exact access; hours; facilities; official track map/grade and creek crossings,https://parks.qld.gov.au/parks/lamington/journeys/coomera-circuit,"Researched 2026-10-06. Coomera circuit 17.4km Grade 4; waterfall lookout is remote along route, not a short drive-up stop. Check creek crossings and weather damage closures. Distance/drive are rounded planning estimates, not live routing; duration excludes travel. Scores/ages/pram suitability are editorial family-planning judgements, not operator guarantees."
SEQ-1268,Plan / route,Elabana Falls via Picnic Rock track,Rainforest walk to Picnic Rock and waterfall,Waterfall Hike,Scenic Rim / Lamington Green Mountains,150,2-2.75h,80-150km / day trip,Free,Morning; dry mild weather,2-3h,"Fit older children, adult",No,No,Low,2,4.5,C - strenuous walk / fit older children and adults,Designated parking/access point; capacity and current access unverified,Not confirmed; check exact trailhead/venue before travel,Canungra -> one selected Green Mountains walk -> O'Reilly's day area; allow mountain-road time,Required: source page; closures; weather; exact access; hours; facilities; official track map/grade and creek crossings,https://parks.qld.gov.au/parks/lamington/journeys/walking-tracks-summary,"Researched 2026-10-06. Use official Picnic Rock/Elabana Falls route and verify total distance; often around 7km return. Not a zero-effort short walk; slippery rocks and stream crossings. Distance/drive are rounded planning estimates, not live routing; duration excludes travel. Scores/ages/pram suitability are editorial family-planning judgements, not operator guarantees."
SEQ-1269,Plan / route,Stinson crash-site remote route,Historic crash-site wilderness hike with expert navigation,Remote Rainforest Hike,Scenic Rim / Lamington southern wilderness,160,2.5-3h to chosen trailhead,150-250km / long day or overnight,Free,Cool dry weather; early start,Long day / overnight; route dependent,Experienced adult hikers only,No,No,Low,0.5,4.5,D - experienced adults / specialist,Designated parking/access point; capacity and current access unverified,No toilets along remote/summit route; check trailhead facilities,Stinson crash-site remote route -> nearby picnic/cafe; confirm opening and toddler travel limits,Required: source page; closures; weather; exact access; hours; facilities; official track map/grade and creek crossings,https://parks.qld.gov.au/parks/lamington/camping/stinson-remote,"Researched 2026-10-06. Official source confirms remote Stinson camp, not a maintained tourist Stinson's Track. Confirm lawful route, access, permits and guide; no fabricated fixed length or easy access. Distance/drive are rounded planning estimates, not live routing; duration excludes travel. Scores/ages/pram suitability are editorial family-planning judgements, not operator guarantees."
SEQ-1270,Plan / route,Ipswich Antique Centre,Indoor antique browsing in heritage hall,Shopping + Heritage,Ipswich CBD,40,40-60 min,15-40km / local outing,$$ - check current quote,Morning; dry mild weather,45-90 min,Adult; toddler closely supervised,Confirm entrance/aisles,Yes,High,1.5,4,B - planned day trip / selected activity,Designated parking/access point; capacity and current access unverified,Not confirmed; check exact trailhead/venue before travel,Queens Park / Ipswich Nature Centre -> short local stop -> cafe,Required: source page; closures; weather; exact access; hours; facilities,https://www.visitipswich.com.au/ipswich-antique-centre,"Researched 2026-10-06. 86 East Street. Breakable displays make it adult-focused; pair with Queens Park for a toddler-friendly segment. Toilets not assumed available inside. Distance/drive are rounded planning estimates, not live routing; duration excludes travel. Scores/ages/pram suitability are editorial family-planning judgements, not operator guarantees."
SEQ-1271,Plan / route,Lions Lookout - Ipswich,Short tower/lookout stop + park walk,Lookout,Ipswich / Limestone Park,40,40-60 min,15-40km / local outing,Free,Morning; dry mild weather,20-45 min,"0-3 at base, older children with adult, adult",No - tower stairs,No,High,3,4,B - planned day trip / selected activity,Designated parking/access point; capacity and current access unverified,Not confirmed; check exact trailhead/venue before travel,Queens Park / Ipswich Nature Centre -> short local stop -> cafe,Required: source page; closures; weather; exact access; hours; facilities,https://www.ipswichlions.org.au/,"Researched 2026-10-06. Ipswich Lions Club identifies lookout tower in Limestone Park. Verify tower access and opening before sunset visit; use nearby park facilities rather than assume toilets at tower. Distance/drive are rounded planning estimates, not live routing; duration excludes travel. Scores/ages/pram suitability are editorial family-planning judgements, not operator guarantees."
SEQ-1272,Plan / route,Cougal Cascades - Cascades track,Pram-friendly rainforest walk to cascade viewpoints,Rainforest + Waterfall View,Gold Coast / Currumbin Valley,130,1.75-2.25h,80-150km / day trip,Free,Morning; dry mild weather,1-1.5h,"0-3, 3-6, adult",Yes - sealed path with gradual uphill rise,No,High,4,4.5,B - planned day trip / selected activity,Designated parking/access point; capacity and current access unverified,Not confirmed; check exact trailhead/venue before travel,Currumbin Valley Harvest -> Rock Pools picnic -> Cougal Cascades viewing track,Required: source page; closures; weather; exact access; hours; facilities; official track map/grade and creek crossings,https://parks.qld.gov.au/parks/springbrook/journeys,"Researched 2026-10-06. 1.6km return, Grade 2; official guidance confirms prams/assisted wheelchair access. Follow sealed track and viewing platforms; do not equate pram access with safe pool access or add unofficial upper-cascade scrambling. Distance/drive are rounded planning estimates, not live routing; duration excludes travel. Scores/ages/pram suitability are editorial family-planning judgements, not operator guarantees."
SEQ-1273,Plan / route,Mount Nebo scenic drive,Mountain village drive + selected short forest stops,Scenic Drive + Forest,Brisbane Hinterland / Mount Nebo,35,45-60 min,15-40km / local outing,Free,Morning; dry mild weather,2-3h,"0-3 at selected stops, 3-6, adult",Partial - venue/stop dependent,Maybe - cafe stop only,High,3.5,4,B - planned day trip / selected activity,Designated parking/access point; capacity and current access unverified,Not confirmed; check exact trailhead/venue before travel,Mount Nebo scenic drive -> nearby picnic/cafe; confirm opening and toddler travel limits,Required: source page; closures; weather; exact access; hours; facilities,https://parks.qld.gov.au/parks/daguilar/things-to-do,"Researched 2026-10-06. Distinct village from existing Mount Glorious/Maiala/Jollys Lookout entries. Winding road; choose one confirmed open picnic/walk stop and cafe rather than assume every track is toddler-friendly. Distance/drive are rounded planning estimates, not live routing; duration excludes travel. Scores/ages/pram suitability are editorial family-planning judgements, not operator guarantees."
SEQ-1274,Plan / route,Carnarvon Gorge - regional stay,Multi-day sandstone gorge trip + selected shorter walks,Remote National Park Stay,Central Queensland / Carnarvon Gorge,720,8.5-10h; preferably split travel,250km+ / multi-day road trip,Free,Cool dry weather; early start,3-5 days including travel,"0-3 on selected short walks only, older fit children, adult",No - main gorge routes,No,Medium,3,5,D - experienced adults / specialist,Designated parking/access point; capacity and current access unverified,No toilets along remote/summit route; check trailhead facilities,Carnarvon visitor area -> selected open Main gorge side tracks -> booked overnight stay,Required: source page; closures; weather; exact access; hours; facilities,https://parks.qld.gov.au/parks/carnarvon-gorge,"Researched 2026-10-06. Official road distance about 720km from Brisbane. Long main-gorge/side-gorge walks are separate records; Big Bend distances depend on detours, not a fixed 22km. Book accommodation and plan creek crossings/seasonal closures; toddler trip needs short walks and rest days. Distance/drive are rounded planning estimates, not live routing; duration excludes travel. Scores/ages/pram suitability are editorial family-planning judgements, not operator guarantees."
SEQ-1275,Place / activity,Queensland Museum Cobb+Co,马车、地方历史与互动展览,Museums + Heritage,Toowoomba,130,100-130 min (estimated; traffic dependent),100-180km / day trip,$$,Morning / suitable weather,2-3h,"0-3 accompanying, 3-6, adult",Confirm venue access,Yes / some exhibits outside,High,3.5,4,A - easy repeat,Check official visitor page; not individually confirmed,Check official visitor page; not individually confirmed,Cobb+Co -> Queens Park -> Picnic Point; choose 2 stops,"Check opening, calendar, bookings, age/access rules and current alerts; route ETA before leaving",https://www.museum.qld.gov.au/cobb-and-co/plan-your-visit,"27 Lindsay Street；与公园连成一天。工作坊需另订，不包含在普通参观中。 | Researched 2026-10-06. Drive/km, suitability, duration, priorities and scores are planning estimates, not operator guarantees."
SEQ-1276,Bookable experience,Cobb+Co National Carriage Factory workshops,铁艺、木工、皮革等传统手艺课程,Hands-on Workshop,Toowoomba,130,100-130 min (estimated; traffic dependent),100-180km / day trip,$$$,Check calendar,Half day / 1-2 days,Adult; child participation only if specific course permits,Confirm - workshop access only,Yes / confirm course,Medium,,4.5,B - book ahead,Check official visitor page; not individually confirmed,Check official visitor page; not individually confirmed,Cobb+Co -> Queens Park -> Picnic Point; choose 2 stops,"Check opening, calendar, bookings, age/access rules and current alerts; route ETA before leaving",https://www.museum.qld.gov.au/cobb-and-co/whats-on/national-carriage-factory,"与博物馆参观不同的预约项目；部分课程跨两天，有年龄限制。先查对应课程，不默认每周末开班。 | Researched 2026-10-06. Drive/km, suitability, duration, priorities and scores are planning estimates, not operator guarantees."
SEQ-1277,Place / activity,Queens Park and Botanic Gardens - Toowoomba,花园、草地野餐与游乐场,Nature + Gardens,Toowoomba,130,100-130 min (estimated; traffic dependent),100-180km / day trip,Free,Morning / suitable weather,2-3h,"0-3, 3-6, adult",Partial - firm paths only,No,High,4,4,A - easy repeat,Check official visitor page; not individually confirmed,Check official visitor page; not individually confirmed,Cobb+Co -> Queens Park -> Picnic Point; choose 2 stops,"Check opening, calendar, bookings, age/access rules and current alerts; route ETA before leaving",https://www.tr.qld.gov.au/Places-and-activities/Parks-and-gardens/Find-a-park/Queens-Park,"区别于原库的 Ipswich Queens Park；春季花展期间拥堵，花况取决于季节。 | Researched 2026-10-06. Drive/km, suitability, duration, priorities and scores are planning estimates, not operator guarantees."
SEQ-1278,Place / activity,UniSQ Japanese Garden - Ju Raku En,日式庭园散步、湖景与摄影,Nature + Gardens,Toowoomba / Darling Heights,135,105-135 min (estimated; traffic dependent),100-180km / day trip,Free,Morning / suitable weather,1-2h,"0-3, 3-6, adult",Partial - firm paths only,No,High,4,4,A - easy repeat,Check official visitor page; not individually confirmed,Check official visitor page; not individually confirmed,Cobb+Co -> Queens Park -> Picnic Point; choose 2 stops,"Check opening, calendar, bookings, age/access rules and current alerts; route ETA before leaving",https://www.unisq.edu.au/about-unisq/locations/toowoomba/japanese-garden,"校园附近庭园；湖边看护孩子，开放时段以学校页面为准。 | Researched 2026-10-06. Drive/km, suitability, duration, priorities and scores are planning estimates, not operator guarantees."
SEQ-1279,Place / activity,Laurel Bank Park,花坛、园艺与亲子野餐,Nature + Gardens,Toowoomba,130,100-130 min (estimated; traffic dependent),100-180km / day trip,Free,Morning / suitable weather,1-2h,"0-3, 3-6, adult",Partial - firm paths only,No,High,4,4,A - easy repeat,Check official visitor page; not individually confirmed,Check official visitor page; not individually confirmed,Cobb+Co -> Queens Park -> Picnic Point; choose 2 stops,"Check opening, calendar, bookings, age/access rules and current alerts; route ETA before leaving",https://www.tr.qld.gov.au/Places-and-activities/Parks-and-gardens/Find-a-park/Laurel-Bank-Park,"有游乐与野餐设施；春季花园季适合摄影。 | Researched 2026-10-06. Drive/km, suitability, duration, priorities and scores are planning estimates, not operator guarantees."
SEQ-1280,Place / activity,Picnic Point Lookout - Toowoomba,山谷观景、短步道与咖啡,Nature + Gardens,Toowoomba,135,105-135 min (estimated; traffic dependent),100-180km / day trip,Free-$,Morning / suitable weather,1-3h,"0-3, 3-6, adult",Partial - firm paths only,No,High,4,4,A - easy repeat,Check official visitor page; not individually confirmed,Check official visitor page; not individually confirmed,Cobb+Co -> Queens Park -> Picnic Point; choose 2 stops,"Check opening, calendar, bookings, age/access rules and current alerts; route ETA before leaving",https://www.tr.qld.gov.au/Places-and-activities/Parks-and-gardens/Find-a-park/Picnic-Point-Lookout,"168–200 Tourist Road；观景区与较长丛林步道分开选择，推车不默认适用所有小径。 | Researched 2026-10-06. Drive/km, suitability, duration, priorities and scores are planning estimates, not operator guarantees."
SEQ-1281,Place / activity,Spring Bluff Railway Station gardens,历史车站花园与野餐,Nature + Gardens,Lockyer Valley / Spring Bluff,145,110-145 min (estimated; traffic dependent),100-180km / day trip,Free,Morning / suitable weather,1-2h,"0-3, 3-6, adult",Partial - firm paths only,No,High,4,4,A - easy repeat,Check official visitor page; not individually confirmed,Check official visitor page; not individually confirmed,Gatton Transport Museum -> Lake Apex OR Laidley Pioneer Village,"Check opening, calendar, bookings, age/access rules and current alerts; route ETA before leaving",https://www.tr.qld.gov.au/Places-and-activities/Parks-and-gardens/Find-a-park/Spring-Bluff,"花园不是每日运行的观光列车；列车、活动与咖啡营业另查。 | Researched 2026-10-06. Drive/km, suitability, duration, priorities and scores are planning estimates, not operator guarantees."
SEQ-1282,Place / activity,Highfields Pioneer Village,乡村历史村、传统工艺与旧车辆,Museums + Heritage,Toowoomba / Highfields,145,110-145 min (estimated; traffic dependent),100-180km / day trip,$$,Morning / suitable weather,2-3h,"0-3 accompanying, 3-6, adult",Confirm venue access,Yes / some exhibits outside,High,3.5,4,A - easy repeat,Check official visitor page; not individually confirmed,Check official visitor page; not individually confirmed,Cobb+Co -> Queens Park -> Picnic Point; choose 2 stops,"Check opening, calendar, bookings, age/access rules and current alerts; route ETA before leaving",https://www.highfieldsvillage.com.au/about-us,"志愿者运营；特别活动、示范与车辆运行需查当天安排。 | Researched 2026-10-06. Drive/km, suitability, duration, priorities and scores are planning estimates, not operator guarantees."
SEQ-1283,Bookable experience,Danish Flower Art and Coffee Shop,珠饰手作、花园与咖啡,Hands-on Workshop,Toowoomba / Highfields,145,110-145 min (estimated; traffic dependent),100-180km / day trip,$-$$,Check calendar,1-2h,Adult; child participation only if specific course permits,Confirm - workshop access only,Yes / confirm course,Medium,,4.5,B - book ahead,Check official visitor page; not individually confirmed,Check official visitor page; not individually confirmed,Cobb+Co -> Queens Park -> Picnic Point; choose 2 stops,"Check opening, calendar, bookings, age/access rules and current alerts; route ETA before leaving",https://toowoombacarnival.com.au/danish-flower-art,"周日并非默认营业日；课程、材料费与预约方式需询问商家。 | Researched 2026-10-06. Drive/km, suitability, duration, priorities and scores are planning estimates, not operator guarantees."
SEQ-1284,Place / activity,Queensland Transport Museum - Gatton,卡车、交通工具与地方运输历史,Museums + Heritage,Lockyer Valley / Gatton,95,75-100 min (estimated; traffic dependent),50-100km / short day trip,$,Morning / suitable weather,1-2h,"0-3 accompanying, 3-6, adult",Confirm venue access,Yes / some exhibits outside,High,3.5,4,A - easy repeat,Check official visitor page; not individually confirmed,Check official visitor page; not individually confirmed,Gatton Transport Museum -> Lake Apex OR Laidley Pioneer Village,"Check opening, calendar, bookings, age/access rules and current alerts; route ETA before leaving",https://www.luvyalockyer.com.au/queensland-transport-museum,"位于 Lake Apex Drive 游客中心；特别活动可能改变入场安排。 | Researched 2026-10-06. Drive/km, suitability, duration, priorities and scores are planning estimates, not operator guarantees."
SEQ-1285,Place / activity,Lake Apex Park - Gatton,湖边散步与水鸟观察,Nature + Gardens,Lockyer Valley / Gatton,95,75-100 min (estimated; traffic dependent),50-100km / short day trip,Free,Morning / suitable weather,1-2h,"0-3, 3-6, adult",Partial - firm paths only,No,High,4,4,A - easy repeat,Check official visitor page; not individually confirmed,Check official visitor page; not individually confirmed,Gatton Transport Museum -> Lake Apex OR Laidley Pioneer Village,"Check opening, calendar, bookings, age/access rules and current alerts; route ETA before leaving",https://birdsqueensland.org.au/where-to-see-birds/bird-watching-places-in-south-east-queensland/,"使用本地鸟类协会的观鸟地点资料；不投喂野鸟，靠近水边照看幼儿。 | Researched 2026-10-06. Drive/km, suitability, duration, priorities and scores are planning estimates, not operator guarantees."
SEQ-1286,Place / activity,Laidley Pioneer Village and Museum,旧校舍、乡村器具与地方历史,Museums + Heritage,Lockyer Valley / Laidley,85,65-90 min (estimated; traffic dependent),50-100km / short day trip,$,Morning / suitable weather,1-2h,"0-3 accompanying, 3-6, adult",Confirm venue access,Yes / some exhibits outside,High,3.5,4,A - easy repeat,Check official visitor page; not individually confirmed,Check official visitor page; not individually confirmed,Gatton Transport Museum -> Lake Apex OR Laidley Pioneer Village,"Check opening, calendar, bookings, age/access rules and current alerts; route ETA before leaving",https://laidleypioneervillage.org/,"与原库 Laidley 镇区不同；志愿者场馆，出发前确认实际开放。 | Researched 2026-10-06. Drive/km, suitability, duration, priorities and scores are planning estimates, not operator guarantees."
SEQ-1287,Place / activity,Crows Nest National Park,瀑布观景与花岗岩丛林徒步,Nature + Hiking,Toowoomba Region / Crows Nest,170,130-170 min (estimated; traffic dependent),100-180km / day trip,Free,Morning / suitable weather,2-4h,"Older fit children, adult; toddler carried where appropriate",No - except stated approach,No,Medium,2.5,4.5,B - planned day,Check official visitor page; not individually confirmed,Check official visitor page; not individually confirmed,Cobb+Co -> Queens Park -> Picnic Point; choose 2 stops,"Check opening, calendar, bookings, age/access rules and current alerts; route ETA before leaving",https://parks.qld.gov.au/parks/crows-nest/things-to-do,"选官方开放的瀑布与观景路线；不进入瀑布禁区，不将水潭写成常规游泳项目。 | Researched 2026-10-06. Drive/km, suitability, duration, priorities and scores are planning estimates, not operator guarantees."
SEQ-1288,Place / activity,Ravensbourne National Park,雨林短线、观景与野餐,Nature + Hiking,Toowoomba Region / Ravensbourne,125,100-140 min (estimated; traffic dependent),100-180km / day trip,Free,Morning / suitable weather,2-3h,"Older fit children, adult; toddler carried where appropriate",No - except stated approach,No,Medium,2.5,4.5,B - planned day,Check official visitor page; not individually confirmed,Check official visitor page; not individually confirmed,Cobb+Co -> Queens Park -> Picnic Point; choose 2 stops,"Check opening, calendar, bookings, age/access rules and current alerts; route ETA before leaving",https://parks.qld.gov.au/parks/ravensbourne/things-to-do,"本次检索出现截至 2026-10-07 的火险警报；安排出行前重新查 alerts。 | Researched 2026-10-06. Drive/km, suitability, duration, priorities and scores are planning estimates, not operator guarantees."
SEQ-1289,Place / activity,Lake Cressbrook,湖畔野餐、钓鱼与露营候选,Lake + Picnic,Toowoomba Region / Cressbrook,160,130-170 min (estimated; traffic dependent),100-180km / day trip,Free-$,Morning / suitable weather,2-4h / overnight,"0-3 on shore with supervision, 3-6, adult",Partial - day-use area only,No,High,3.5,4,B - planned day,Check official visitor page; not individually confirmed,Check official visitor page; not individually confirmed,Cobb+Co -> Queens Park -> Picnic Point; choose 2 stops,"Check opening, calendar, bookings, age/access rules and current alerts; route ETA before leaving",https://www.tr.qld.gov.au/Places-and-activities/Sport-and-recreation/Lakes-dams-and-camping/Lake-Cressbrook,"水上活动受水位、工程与浮标限制；不允许游泳。钓鱼查许可，露营另收费。 | Researched 2026-10-06. Drive/km, suitability, duration, priorities and scores are planning estimates, not operator guarantees."
SEQ-1290,Place / activity,Lake Perseverance,湖景与岸边野餐,Lake + Picnic,Toowoomba Region / Perseverance,155,125-165 min (estimated; traffic dependent),100-180km / day trip,Free,Morning / suitable weather,1-3h,"0-3 on shore with supervision, 3-6, adult",Partial - day-use area only,No,High,3.5,4,B - planned day,Check official visitor page; not individually confirmed,Check official visitor page; not individually confirmed,Cobb+Co -> Queens Park -> Picnic Point; choose 2 stops,"Check opening, calendar, bookings, age/access rules and current alerts; route ETA before leaving",https://www.tr.qld.gov.au/Places-and-activities/Sport-and-recreation/Lakes-dams-and-camping/Lake-Perseverance,"水上活动主要受俱乐部或组织活动准入限制；普通游客以陆上野餐为候选，不视作随到随划湖。 | Researched 2026-10-06. Drive/km, suitability, duration, priorities and scores are planning estimates, not operator guarantees."
SEQ-1291,Place / activity,Brisbane Valley Rail Trail - Fernvale to Lowood,废旧铁路绿道步行或骑行,Cycling + Walking,Somerset / Fernvale-Lowood,65,50-75 min (estimated; traffic dependent),50-100km / short day trip,Free,Morning / suitable weather,1-4h,"Older children, adult; short walk possible with toddler",Confirm selected surface,No,Medium,3,4.5,B - planned day,Check official visitor page; not individually confirmed,Check official visitor page; not individually confirmed,Fernvale/Lowood short Rail Trail OR The Condensery + Toogoolawah,"Check opening, calendar, bookings, age/access rules and current alerts; route ETA before leaving",https://www.tmr.qld.gov.au/BVRT/Trail-map,"选短段往返，整条绿道不是当天亲子任务；路面与牲畜围栏可能限制普通推车。带足水。 | Researched 2026-10-06. Drive/km, suitability, duration, priorities and scores are planning estimates, not operator guarantees."
SEQ-1292,Place / activity,The Condensery - Toogoolawah,旧乳品厂改建艺术空间、展览与活动,Art + Exhibitions,Somerset / Toogoolawah,120,95-130 min (estimated; traffic dependent),100-180km / day trip,Free-$,Morning / suitable weather,1-2h,"0-3 accompanying, 3-6, adult",Confirm venue access,Yes,High,2.5,4.5,A - easy repeat,Check official visitor page; not individually confirmed,Check official visitor page; not individually confirmed,Fernvale/Lowood short Rail Trail OR The Condensery + Toogoolawah,"Check opening, calendar, bookings, age/access rules and current alerts; route ETA before leaving",https://thecondensery.com.au/,"展览与工作坊滚动更新；可搭配 Rail Trail，注意日晒与返程距离。 | Researched 2026-10-06. Drive/km, suitability, duration, priorities and scores are planning estimates, not operator guarantees."
SEQ-1293,Place / activity,Queen Mary Falls circuit,瀑布上下观景与环线步行,Nature + Hiking,Southern Downs / Killarney,185,145-180 min (estimated; traffic dependent),180km+ / 3h boundary,Free,Morning / suitable weather,1.5-3h,"Older fit children, adult; toddler carried where appropriate",No - except stated approach,No,Medium,2.5,4.5,B - planned day,Check official visitor page; not individually confirmed,Check official visitor page; not individually confirmed,Queen Mary Falls + Killarney meal; allow full day,"Check opening, calendar, bookings, age/access rules and current alerts; route ETA before leaving",https://parks.qld.gov.au/parks/main-range/journeys/queen-mary-falls-circuit,"2km Grade 3；台阶与坡度不适合普通推车。接近三小时圈边界，雨天道路及步道状态另查。 | Researched 2026-10-06. Drive/km, suitability, duration, priorities and scores are planning estimates, not operator guarantees."
SEQ-1294,Place / activity,Lake Borumba day-use area,湖畔烧烤、野餐与合法钓鱼,Lake + Picnic,Gympie Region / Imbil,165,130-170 min (estimated; traffic dependent),100-180km / day trip,Free-$,Morning / suitable weather,2-4h,"0-3 on shore with supervision, 3-6, adult",Partial - day-use area only,No,High,3.5,4,B - planned day,Check official visitor page; not individually confirmed,Check official visitor page; not individually confirmed,One regional activity -> nearby meal; check drive and return time,"Check opening, calendar, bookings, age/access rules and current alerts; route ETA before leaving",https://www.seqwater.com.au/things-to-do/borumba-dam-day-use-area,"饮用水自备；游泳与船艇仅以 Seqwater 指定区域和当天规则为准，勿把全湖视为开放活动区。 | Researched 2026-10-06. Drive/km, suitability, duration, priorities and scores are planning estimates, not operator guarantees."
SEQ-1295,Place / activity,Noosa Botanic Gardens,Lake Macdonald 湖畔花园与野餐,Nature + Gardens,Noosa Hinterland / Lake Macdonald,150,115-155 min (estimated; traffic dependent),100-180km / day trip,Free,Morning / suitable weather,1-3h,"0-3, 3-6, adult",Partial - firm paths only,No,High,4,4,A - easy repeat,Check official visitor page; not individually confirmed,Check official visitor page; not individually confirmed,Choose one: gallery/gardens/Cooroy OR a booked water tour; no rushed multi-region itinerary,"Check opening, calendar, bookings, age/access rules and current alerts; route ETA before leaving",https://www.noosa.qld.gov.au/Services-and-Facilities/Parks-and-Facilities/Noosa-Botanic-Gardens/Visitor-Information,"免费花园，可搭配 Cooroy；有临水区域，推车选择坚实路面。 | Researched 2026-10-06. Drive/km, suitability, duration, priorities and scores are planning estimates, not operator guarantees."
SEQ-1296,Place / activity,Mapleton Falls National Park,瀑布高处观景与雨林短线,Nature + Hiking,Sunshine Coast Hinterland / Mapleton,120,100-135 min (estimated; traffic dependent),100-180km / day trip,Free,Morning / suitable weather,1-2h,"Older fit children, adult; toddler carried where appropriate",No - except stated approach,No,Medium,2.5,4.5,B - planned day,Check official visitor page; not individually confirmed,Check official visitor page; not individually confirmed,Choose one local cluster: Caloundra museum/gallery OR Mooloolaba aquarium/coast,"Check opening, calendar, bookings, age/access rules and current alerts; route ETA before leaving",https://parks.qld.gov.au/parks/mapleton-falls/things-to-do,"观景台可选短访问，Wompoo circuit 另看路线；并不是步行到瀑布底部的常规入口。 | Researched 2026-10-06. Drive/km, suitability, duration, priorities and scores are planning estimates, not operator guarantees."
SEQ-1297,Place / activity,Buderim Forest Park - Serenity Falls,雨林、木栈道与瀑布摄影,Nature + Hiking,Sunshine Coast / Buderim,100,80-115 min (estimated; traffic dependent),50-100km / short day trip,Free,Morning / suitable weather,1-2h,"Older fit children, adult; toddler carried where appropriate",No - except stated approach,No,Medium,2.5,4.5,B - planned day,Check official visitor page; not individually confirmed,Check official visitor page; not individually confirmed,Choose one local cluster: Caloundra museum/gallery OR Mooloolaba aquarium/coast,"Check opening, calendar, bookings, age/access rules and current alerts; route ETA before leaving",https://www.buderim.com/buderim-forest-waterfall,"不同入口难度不同；瀑布段石路湿滑，推车只适合部分栈道。游泳不是本条推荐内容。 | Researched 2026-10-06. Drive/km, suitability, duration, priorities and scores are planning estimates, not operator guarantees."
SEQ-1298,Place / activity,Fig tree walk - Little Yabba Creek,短距离森林步行、巨树与野餐,Nature + Gardens,Sunshine Coast Hinterland / near Kenilworth,145,115-155 min (estimated; traffic dependent),100-180km / day trip,Free,Morning / suitable weather,1-2h,"0-3, 3-6, adult",Partial - firm paths only,No,High,4,4,A - easy repeat,Check official visitor page; not individually confirmed,Check official visitor page; not individually confirmed,Choose one local cluster: Caloundra museum/gallery OR Mooloolaba aquarium/coast,"Check opening, calendar, bookings, age/access rules and current alerts; route ETA before leaving",https://parks.qld.gov.au/parks/imbil/journeys/fig-tree-circuit,"官方名称 Fig tree walk；有铺装与木栈道，部分无障碍访问需协助，过路及溪边照看幼儿。 | Researched 2026-10-06. Drive/km, suitability, duration, priorities and scores are planning estimates, not operator guarantees."
SEQ-1299,Place / activity,Flinders-Goolman - Hardings Paddock,野餐、短线丛林活动与预约露营,Nature + Gardens,Ipswich / Purga,65,55-80 min (estimated; traffic dependent),50-100km / short day trip,Free-$,Morning / suitable weather,2-4h / overnight,"0-3, 3-6, adult",Partial - firm paths only,No,High,4,4,A - easy repeat,Check official visitor page; not individually confirmed,Check official visitor page; not individually confirmed,Purga farm booking OR Hardings Paddock -> Ipswich meal,"Check opening, calendar, bookings, age/access rules and current alerts; route ETA before leaving",https://www.visitipswich.com.au/flinders-goolman-conservation-estate,"只推荐野餐区和适合能力的标记路线；Flinders Peak 登顶是独立的进阶任务，不等于幼儿短步道。 | Researched 2026-10-06. Drive/km, suitability, duration, priorities and scores are planning estimates, not operator guarantees."
SEQ-1300,Place / activity,Newstead House,历史住宅内部导览与河畔散步,Museums + Heritage,Brisbane / Newstead,5,15-25 min (estimated; traffic dependent),0-15km / quick local,$$,Morning / suitable weather,1-2h,"0-3 accompanying, 3-6, adult",Confirm venue access,Yes / some exhibits outside,High,3.5,4,A - easy repeat,Check official visitor page; not individually confirmed,Check official visitor page; not individually confirmed,One booked class/show -> nearby meal; use public transport for CBD,"Check opening, calendar, bookings, age/access rules and current alerts; route ETA before leaving",https://newsteadhouse.com.au/tours/,"与原库 Newstead Park 区分；通常周五至周日，导览时段与可进入房间需确认。 | Researched 2026-10-06. Drive/km, suitability, duration, priorities and scores are planning estimates, not operator guarantees."
SEQ-1301,Place / activity,Brisbane Tramway Museum,乘坐历史电车与交通收藏,Museums + Heritage,Brisbane / Ferny Grove,15,25-40 min (estimated; traffic dependent),0-15km / quick local,$$,Morning / suitable weather,1.5-2.5h,"0-3 accompanying, 3-6, adult",Confirm venue access,Yes / some exhibits outside,High,3.5,4,A - easy repeat,Check official visitor page; not individually confirmed,Check official visitor page; not individually confirmed,One booked class/show -> nearby meal; use public transport for CBD,"Check opening, calendar, bookings, age/access rules and current alerts; route ETA before leaving",https://www.brisbanetramwaymuseum.org/,"以公布的周日运行日为准；雨天、志愿者人手和维护可能影响电车运行。 | Researched 2026-10-06. Drive/km, suitability, duration, priorities and scores are planning estimates, not operator guarantees."
SEQ-1302,Place / activity,MacArthur Museum Brisbane,二战历史与战时办公室展览,Museums + Heritage,Brisbane CBD,1,10-20 min (estimated; traffic dependent),0-15km / quick local,$-$$,Morning / suitable weather,1-1.5h,"0-3 accompanying, 3-6, adult",Confirm venue access,Yes / some exhibits outside,High,3.5,4,A - easy repeat,Check official visitor page; not individually confirmed,Check official visitor page; not individually confirmed,One booked class/show -> nearby meal; use public transport for CBD,"Check opening, calendar, bookings, age/access rules and current alerts; route ETA before leaving",https://mmb.org.au/booking/,"中央商区楼内博物馆；通常周二、周四、周日。历史内容更适合成人与较大孩子。 | Researched 2026-10-06. Drive/km, suitability, duration, priorities and scores are planning estimates, not operator guarantees."
SEQ-1303,Place / activity,Anzac Square Memorial Galleries,战争记忆、互动历史与纪念空间,Art + Exhibitions,Brisbane CBD,1,10-20 min (estimated; traffic dependent),0-15km / quick local,Free,Morning / suitable weather,1-1.5h,"0-3 accompanying, 3-6, adult",Confirm venue access,Yes,High,2.5,4.5,A - easy repeat,Check official visitor page; not individually confirmed,Check official visitor page; not individually confirmed,One booked class/show -> nearby meal; use public transport for CBD,"Check opening, calendar, bookings, age/access rules and current alerts; route ETA before leaving",https://www.anzacsquare.qld.gov.au/galleries,"地面广场与地下展馆开放不同，勿只看广场开放时间；战争主题需按孩子年龄选择。 | Researched 2026-10-06. Drive/km, suitability, duration, priorities and scores are planning estimates, not operator guarantees."
SEQ-1304,Place / activity,Brisbane Opal Museum,澳洲欧泊展览与预约讲解,Museums + Heritage,Brisbane / Windsor,6,15-30 min (estimated; traffic dependent),0-15km / quick local,$$,Morning / suitable weather,1-2h,"0-3 accompanying, 3-6, adult",Confirm venue access,Yes / some exhibits outside,High,3.5,4,A - easy repeat,Check official visitor page; not individually confirmed,Check official visitor page; not individually confirmed,One booked class/show -> nearby meal; use public transport for CBD,"Check opening, calendar, bookings, age/access rules and current alerts; route ETA before leaving",https://www.brisbaneopalmuseum.com.au/,"切割或额外体验要另确认；不要把展馆访问等同所有加工活动免费包含。 | Researched 2026-10-06. Drive/km, suitability, duration, priorities and scores are planning estimates, not operator guarantees."
SEQ-1305,Place / activity,Redcliffe Museum,海滨地方历史与家庭展览,Museums + Heritage,Moreton Bay / Redcliffe,35,40-60 min (estimated; traffic dependent),15-50km / local outing,Free,Morning / suitable weather,1-2h,"0-3 accompanying, 3-6, adult",Confirm venue access,Yes / some exhibits outside,High,3.5,4,A - easy repeat,Check official visitor page; not individually confirmed,Check official visitor page; not individually confirmed,Select same-suburb museum/park; astronomy requires separate evening plan,"Check opening, calendar, bookings, age/access rules and current alerts; route ETA before leaving",https://www.moretonbay.qld.gov.au/Galleries-Museums/Locations/Redcliffe-Museum,"与原库 Redcliffe Jetty/Markets 不同；适合作为海滨行程的室内备选。 | Researched 2026-10-06. Drive/km, suitability, duration, priorities and scores are planning estimates, not operator guarantees."
SEQ-1306,Place / activity,Redlands Coast Museum - Cleveland,地方历史、旧玩具与家庭寻物活动,Museums + Heritage,Redlands / Cleveland,30,35-55 min (estimated; traffic dependent),15-50km / local outing,$-$$,Morning / suitable weather,1.5-2.5h,"0-3 accompanying, 3-6, adult",Confirm venue access,Yes / some exhibits outside,High,3.5,4,A - easy repeat,Check official visitor page; not individually confirmed,Check official visitor page; not individually confirmed,Museum/gallery in Cleveland OR Sirromet winery day; choose by opening,"Check opening, calendar, bookings, age/access rules and current alerts; route ETA before leaving",https://redlandscoastmuseum.org.au/opening-hours-admission/,"60 Smith Street；周末开放比平日短，当前页面为 9am–1pm。Showgrounds 活动可能改变入场。 | Researched 2026-10-06. Drive/km, suitability, duration, priorities and scores are planning estimates, not operator guarantees."
SEQ-1307,Place / activity,Redland Art Gallery - Cleveland,免费展览与预约艺术活动,Art + Exhibitions,Redlands / Cleveland,30,35-55 min (estimated; traffic dependent),15-50km / local outing,Free-$,Morning / suitable weather,1-2h,"0-3 accompanying, 3-6, adult",Confirm venue access,Yes,High,2.5,4.5,A - easy repeat,Check official visitor page; not individually confirmed,Check official visitor page; not individually confirmed,Museum/gallery in Cleveland OR Sirromet winery day; choose by opening,"Check opening, calendar, bookings, age/access rules and current alerts; route ETA before leaving",https://artgallery.redland.qld.gov.au/,"按 Cleveland 分馆开放和展览日历安排，不把其他分馆时段套用过来。 | Researched 2026-10-06. Drive/km, suitability, duration, priorities and scores are planning estimates, not operator guarantees."
SEQ-1308,Place / activity,Queensland Air Museum,飞机收藏、航空历史与机库参观,Museums + Heritage,Sunshine Coast / Caloundra,95,75-110 min (estimated; traffic dependent),50-100km / short day trip,$$,Morning / suitable weather,2-3h,"0-3 accompanying, 3-6, adult",Confirm venue access,Yes / some exhibits outside,High,3.5,4,A - easy repeat,Check official visitor page; not individually confirmed,Check official visitor page; not individually confirmed,Choose one local cluster: Caloundra museum/gallery OR Mooloolaba aquarium/coast,"Check opening, calendar, bookings, age/access rules and current alerts; route ETA before leaving",https://www.qldair.museum/,"7 Pathfinder Drive；引擎运行或驾驶舱活动仅指定日期，不默认日常都有。 | Researched 2026-10-06. Drive/km, suitability, duration, priorities and scores are planning estimates, not operator guarantees."
SEQ-1309,Place / activity,Bankfoot House Heritage Precinct,历史宅邸、地方故事与展馆,Museums + Heritage,Sunshine Coast / Glass House Mountains,75,65-95 min (estimated; traffic dependent),50-100km / short day trip,Free-$,Morning / suitable weather,1-2h,"0-3 accompanying, 3-6, adult",Confirm venue access,Yes / some exhibits outside,High,3.5,4,A - easy repeat,Check official visitor page; not individually confirmed,Check official visitor page; not individually confirmed,Choose one local cluster: Caloundra museum/gallery OR Mooloolaba aquarium/coast,"Check opening, calendar, bookings, age/access rules and current alerts; route ETA before leaving",https://heritage.sunshinecoast.qld.gov.au/bankfoot-house/mary-grigor-centre,"1998 Old Gympie Road；宅邸导览与 Mary Grigor Centre 开放分别确认。 | Researched 2026-10-06. Drive/km, suitability, duration, priorities and scores are planning estimates, not operator guarantees."
SEQ-1310,Place / activity,Caloundra Regional Gallery,地方艺术与定期展览,Art + Exhibitions,Sunshine Coast / Caloundra,95,75-110 min (estimated; traffic dependent),50-100km / short day trip,Free-$,Morning / suitable weather,1-2h,"0-3 accompanying, 3-6, adult",Confirm venue access,Yes,High,2.5,4.5,A - easy repeat,Check official visitor page; not individually confirmed,Check official visitor page; not individually confirmed,Choose one local cluster: Caloundra museum/gallery OR Mooloolaba aquarium/coast,"Check opening, calendar, bookings, age/access rules and current alerts; route ETA before leaving",https://gallery.sunshinecoast.qld.gov.au/,"换展期间可能关闭；当前日历的新展从 2026-10-16 起，出发前查具体日期。 | Researched 2026-10-06. Drive/km, suitability, duration, priorities and scores are planning estimates, not operator guarantees."
SEQ-1311,Place / activity,Noosa Regional Gallery,河畔艺术空间与创作活动,Art + Exhibitions,Noosa / Tewantin,150,115-155 min (estimated; traffic dependent),100-180km / day trip,Free-$,Morning / suitable weather,1-2h,"0-3 accompanying, 3-6, adult",Confirm venue access,Yes,High,2.5,4.5,A - easy repeat,Check official visitor page; not individually confirmed,Check official visitor page; not individually confirmed,Choose one: gallery/gardens/Cooroy OR a booked water tour; no rushed multi-region itinerary,"Check opening, calendar, bookings, age/access rules and current alerts; route ETA before leaving",https://www.noosa.qld.gov.au/Services-and-Facilities/Arts-and-Culture,"位于 Tewantin，区别于海滩区域；分馆活动和营业看 gallery 官方链接。 | Researched 2026-10-06. Drive/km, suitability, duration, priorities and scores are planning estimates, not operator guarantees."
SEQ-1312,Place / activity,Tweed Regional Gallery and Margaret Olley Art Centre,艺术展览、画家工作室重现与山谷风景,Art + Exhibitions,NSW / Murwillumbah,140,110-150 min (estimated; traffic dependent),100-180km / day trip,Free-$,Morning / suitable weather,2-3h,"0-3 accompanying, 3-6, adult",Confirm venue access,Yes,High,2.5,4.5,A - easy repeat,Check official visitor page; not individually confirmed,Check official visitor page; not individually confirmed,Tweed Gallery -> Murwillumbah town OR Tweed Museum on Saturday,"Check opening, calendar, bookings, age/access rules and current alerts; route ETA before leaving",https://gallery.tweed.nsw.gov.au/visit/contact-us-visiting,"通常周三至周日；特展可能收费。NSW 夏令时比 Brisbane 快一小时。 | Researched 2026-10-06. Drive/km, suitability, duration, priorities and scores are planning estimates, not operator guarantees."
SEQ-1313,Place / activity,Tweed Regional Museum - Murwillumbah,免费地方历史与互动展览,Museums + Heritage,NSW / Murwillumbah,135,105-145 min (estimated; traffic dependent),100-180km / day trip,Free,Morning / suitable weather,1-2h,"0-3 accompanying, 3-6, adult",Yes - use ramp/lift access,Yes / some exhibits outside,High,3.5,4,A - easy repeat,Check official visitor page; not individually confirmed,Public and accessible toilets listed by museum,Tweed Gallery -> Murwillumbah town OR Tweed Museum on Saturday,"Check opening, calendar, bookings, age/access rules and current alerts; route ETA before leaving",https://museum.tweed.nsw.gov.au/visit/contact-us,"2 Queensland Road；周二至周六，周日关闭；馆内有无障碍访问与厕所，按 NSW 时间。 | Researched 2026-10-06. Drive/km, suitability, duration, priorities and scores are planning estimates, not operator guarantees."
SEQ-1314,Place / activity,Nambour Museum,糖业、通讯与地方历史收藏,Museums + Heritage,Sunshine Coast / Nambour,105,85-120 min (estimated; traffic dependent),100-180km / day trip,$,Morning / suitable weather,1-2h,"0-3 accompanying, 3-6, adult",Confirm venue access,Yes / some exhibits outside,High,3.5,4,A - easy repeat,Check official visitor page; not individually confirmed,Check official visitor page; not individually confirmed,Choose one local cluster: Caloundra museum/gallery OR Mooloolaba aquarium/coast,"Check opening, calendar, bookings, age/access rules and current alerts; route ETA before leaving",https://nambourmuseum.org.au/contact-us/,"18 Mitchell Street；周六 10am–3pm，周日不是常规开放日。 | Researched 2026-10-06. Drive/km, suitability, duration, priorities and scores are planning estimates, not operator guarantees."
SEQ-1315,Place / activity,Cooroy Butter Factory Arts Centre,免费展览、陶艺与艺术工作坊,Art + Exhibitions,Noosa Hinterland / Cooroy,145,110-150 min (estimated; traffic dependent),100-180km / day trip,Free-$$,Morning / suitable weather,1-3h,"0-3 accompanying, 3-6, adult",Confirm venue access,Yes,High,2.5,4.5,A - easy repeat,Check official visitor page; not individually confirmed,Check official visitor page; not individually confirmed,Choose one: gallery/gardens/Cooroy OR a booked water tour; no rushed multi-region itinerary,"Check opening, calendar, bookings, age/access rules and current alerts; route ETA before leaving",https://cooroybutterfactory.com.au/,"11 Maple Street；周末开放时段较短，陶艺课另预约；可组合 Noosa Botanic Gardens。 | Researched 2026-10-06. Drive/km, suitability, duration, priorities and scores are planning estimates, not operator guarantees."
SEQ-1316,Recurring programme / check calendar,Majestic Theatre - Pomona,历史剧院、周六默片与现场配乐,Live Performance,Noosa Hinterland / Pomona,160,120-165 min (estimated; traffic dependent),100-180km / day trip,$-$$,Check calendar,1.5-2.5h,Adult; child admission depends on performance,Confirm - event seating,Yes / check outdoor programme,High,,4.5,B - check calendar,Check official visitor page; not individually confirmed,Check official visitor page; not individually confirmed,Choose one: gallery/gardens/Cooroy OR a booked water tour; no rushed multi-region itinerary,"Check opening, calendar, bookings, age/access rules and current alerts; route ETA before leaving",https://themajestictheatre.com.au/,"当前网站列周六中午默片；晚间音乐演出另订票。电影适龄与幼儿能否久坐另考虑。 | Researched 2026-10-06. Drive/km, suitability, duration, priorities and scores are planning estimates, not operator guarantees."
SEQ-1317,Recurring programme / check calendar,Metro Arts,小型剧场、当代展览与实验演出,Live Performance,Brisbane / West End,3,10-25 min (estimated; traffic dependent),0-15km / quick local,Free-$$,Check calendar,1-3h,Adult; child admission depends on performance,Confirm - event seating,Yes / check outdoor programme,High,,4.5,B - check calendar,Check official visitor page; not individually confirmed,Check official visitor page; not individually confirmed,One booked class/show -> nearby meal; use public transport for CBD,"Check opening, calendar, bookings, age/access rules and current alerts; route ETA before leaving",https://www.metroarts.com.au/whats-on/,"97 Boundary Street；展览与演出收费、适龄和时间不同，不是全天连续表演。 | Researched 2026-10-06. Drive/km, suitability, duration, priorities and scores are planning estimates, not operator guarantees."
SEQ-1318,Recurring programme / check calendar,La Boite Theatre,戏剧、新作品与舞台交流,Live Performance,Brisbane / Kelvin Grove,3,10-25 min (estimated; traffic dependent),0-15km / quick local,$$,Check calendar,1.5-3h,Adult; child admission depends on performance,Confirm - event seating,Yes / check outdoor programme,High,,4.5,B - check calendar,Check official visitor page; not individually confirmed,Check official visitor page; not individually confirmed,One booked class/show -> nearby meal; use public transport for CBD,"Check opening, calendar, bookings, age/access rules and current alerts; route ETA before leaving",https://laboite.com.au/,"按每场票务页确认剧场地址、年龄和内容；办公地址不能自动当作演出入口。 | Researched 2026-10-06. Drive/km, suitability, duration, priorities and scores are planning estimates, not operator guarantees."
SEQ-1319,Place / activity,Institute of Modern Art,当代艺术与免费公共项目,Art + Exhibitions,Brisbane / Fortitude Valley,3,10-25 min (estimated; traffic dependent),0-15km / quick local,Free-$,Morning / suitable weather,1-2h,"0-3 accompanying, 3-6, adult",Confirm venue access,Yes,High,2.5,4.5,A - easy repeat,Check official visitor page; not individually confirmed,Check official visitor page; not individually confirmed,One booked class/show -> nearby meal; use public transport for CBD,"Check opening, calendar, bookings, age/access rules and current alerts; route ETA before leaving",https://www.ima.org.au/visit-us/,"位于 Judith Wright Arts Centre；检索时处于换展期，下一展期从 2026-10-10 起，先确认。 | Researched 2026-10-06. Drive/km, suitability, duration, priorities and scores are planning estimates, not operator guarantees."
SEQ-1320,Bookable experience,Thomas Dixon Centre - public classes and events,成人舞蹈课、公开活动与建筑参观,Hands-on Workshop,Brisbane / West End,4,15-30 min (estimated; traffic dependent),0-15km / quick local,Free-$$,Check calendar,1-2h,Adult; child participation only if specific course permits,Confirm - workshop access only,Yes / confirm course,Medium,,4.5,B - book ahead,Check official visitor page; not individually confirmed,Check official visitor page; not individually confirmed,One booked class/show -> nearby meal; use public transport for CBD,"Check opening, calendar, bookings, age/access rules and current alerts; route ETA before leaving",https://www.thomasdixoncentre.com.au/whats-on/,"社区课程与专业排练分别准入；Queensland Ballet 成人课按级别预约，不默认开放观看所有排练。 | Researched 2026-10-06. Drive/km, suitability, duration, priorities and scores are planning estimates, not operator guarantees."
SEQ-1321,Recurring programme / check calendar,Queensland Conservatorium - public concerts,古典、爵士与学生音乐会,Live Performance,Brisbane / South Bank,3,10-25 min (estimated; traffic dependent),0-15km / quick local,Free-$$,Check calendar,1-2h,Adult; child admission depends on performance,Confirm - event seating,Yes / check outdoor programme,High,,4.5,B - check calendar,Check official visitor page; not individually confirmed,Check official visitor page; not individually confirmed,One booked class/show -> nearby meal; use public transport for CBD,"Check opening, calendar, bookings, age/access rules and current alerts; route ETA before leaving",https://www.queenslandconservatorium.com.au/,"学期与节目制，部分活动免费但仍须订票，幼儿入场规则逐场确认。 | Researched 2026-10-06. Drive/km, suitability, duration, priorities and scores are planning estimates, not operator guarantees."
SEQ-1322,Recurring programme / check calendar,Brisbane Jazz Club,河畔现场爵士与音乐夜,Live Performance,Brisbane / Kangaroo Point,3,10-25 min (estimated; traffic dependent),0-15km / quick local,$$,Check calendar,2-3h,Adult; child admission depends on performance,Confirm - event seating,Yes / check outdoor programme,High,,4.5,B - check calendar,Check official visitor page; not individually confirmed,Check official visitor page; not individually confirmed,One booked class/show -> nearby meal; use public transport for CBD,"Check opening, calendar, bookings, age/access rules and current alerts; route ETA before leaving",https://brisbanejazzclub.com.au/contact-us/,"1 Annie Street；座位与音乐日历提前查，年龄和餐饮规则按演出确认。 | Researched 2026-10-06. Drive/km, suitability, duration, priorities and scores are planning estimates, not operator guarantees."
SEQ-1323,Recurring programme / check calendar,The Triffid,现场音乐与啤酒花园活动,Live Performance,Brisbane / Newstead,4,10-25 min (estimated; traffic dependent),0-15km / quick local,Free-$$,Check calendar,2-3h,Adult; child admission depends on performance,Confirm - event seating,Yes / check outdoor programme,High,,4.5,B - check calendar,Check official visitor page; not individually confirmed,Check official visitor page; not individually confirmed,One booked class/show -> nearby meal; use public transport for CBD,"Check opening, calendar, bookings, age/access rules and current alerts; route ETA before leaving",https://www.thetriffid.com.au/,"免费花园场次与付费室内演出分开；很多场次 18+，不默认儿童随行。 | Researched 2026-10-06. Drive/km, suitability, duration, priorities and scores are planning estimates, not operator guarantees."
SEQ-1324,Recurring programme / check calendar,The Tivoli,历史场馆内的音乐演出,Live Performance,Brisbane / Fortitude Valley,3,10-25 min (estimated; traffic dependent),0-15km / quick local,$$,Check calendar,2-3h,Adult; child admission depends on performance,Confirm - event seating,Yes / check outdoor programme,High,,4.5,B - check calendar,Check official visitor page; not individually confirmed,Check official visitor page; not individually confirmed,One booked class/show -> nearby meal; use public transport for CBD,"Check opening, calendar, bookings, age/access rules and current alerts; route ETA before leaving",https://thetivoli.com.au/,"按演出日历订票；18+、站席和座席安排不同。 | Researched 2026-10-06. Drive/km, suitability, duration, priorities and scores are planning estimates, not operator guarantees."
SEQ-1325,Place / activity,QUT William Robinson Gallery,Old Government House 内的画作与建筑,Art + Exhibitions,Brisbane / Gardens Point,2,10-20 min (estimated; traffic dependent),0-15km / quick local,Free,Morning / suitable weather,1-2h,"0-3 accompanying, 3-6, adult",Confirm venue access,Yes,High,2.5,4.5,A - easy repeat,Check official visitor page; not individually confirmed,Check official visitor page; not individually confirmed,One booked class/show -> nearby meal; use public transport for CBD,"Check opening, calendar, bookings, age/access rules and current alerts; route ETA before leaving",https://www.wrgallery.qut.edu.au/your-visit,"区别于原库 QUT The Cube；周末和学校假期开放安排需检查。 | Researched 2026-10-06. Drive/km, suitability, duration, priorities and scores are planning estimates, not operator guarantees."
SEQ-1326,Bookable experience,Brisbane Institute of Art - weekend courses,绘画、版画、首饰与短期艺术课程,Hands-on Workshop,Brisbane / Windsor,6,15-30 min (estimated; traffic dependent),0-15km / quick local,$$-$$$,Check calendar,Half / full day,Adult; child participation only if specific course permits,Confirm - workshop access only,Yes / confirm course,Medium,,4.5,B - book ahead,Check official visitor page; not individually confirmed,Check official visitor page; not individually confirmed,One booked class/show -> nearby meal; use public transport for CBD,"Check opening, calendar, bookings, age/access rules and current alerts; route ETA before leaving",https://brisart.org/courses/short-courses/weekend-short-courses,"每门课程有独立日期、材料与年龄要求；适合单人认识同好或朋友同行。 | Researched 2026-10-06. Drive/km, suitability, duration, priorities and scores are planning estimates, not operator guarantees."
SEQ-1327,Bookable experience,Mas and Miek Ceramic House,陶艺体验与工作坊,Hands-on Workshop,Brisbane / Newstead,4,15-30 min (estimated; traffic dependent),0-15km / quick local,$$,Check calendar,2-3h,Adult; child participation only if specific course permits,Confirm - workshop access only,Yes / confirm course,Medium,,4.5,B - book ahead,Check official visitor page; not individually confirmed,Check official visitor page; not individually confirmed,One booked class/show -> nearby meal; use public transport for CBD,"Check opening, calendar, bookings, age/access rules and current alerts; route ETA before leaving",https://theceramichouse.studio/special-events-workshops/,"11 Byres Street；体验课与长课程分开，烧制和取件时间需考虑。 | Researched 2026-10-06. Drive/km, suitability, duration, priorities and scores are planning estimates, not operator guarantees."
SEQ-1328,Bookable experience,By Me Jewellery Workshop,制作戒指与基础银饰,Hands-on Workshop,Brisbane / venue varies,5,15-35 min (estimated; traffic dependent),0-15km / quick local,$$-$$$,Check calendar,2-3h,Adult; child participation only if specific course permits,Confirm - workshop access only,Yes / confirm course,Medium,,4.5,B - book ahead,Check official visitor page; not individually confirmed,Check official visitor page; not individually confirmed,One booked class/show -> nearby meal; use public transport for CBD,"Check opening, calendar, bookings, age/access rules and current alerts; route ETA before leaving",https://bymeworkshop.com/,"按订票页确认当次地址；工具、材料和最低年龄要求以课程为准。 | Researched 2026-10-06. Drive/km, suitability, duration, priorities and scores are planning estimates, not operator guarantees."
SEQ-1329,Bookable experience,Vanilla Zulu Culinary Adventures,主题烹饪课与共同用餐,Hands-on Workshop,Brisbane / Teneriffe,5,15-30 min (estimated; traffic dependent),0-15km / quick local,$$$,Check calendar,3-4h,Adult; child participation only if specific course permits,Confirm - workshop access only,Yes / confirm course,Medium,,4.5,B - book ahead,Check official visitor page; not individually confirmed,Check official visitor page; not individually confirmed,One booked class/show -> nearby meal; use public transport for CBD,"Check opening, calendar, bookings, age/access rules and current alerts; route ETA before leaving",https://vanillazulu.com.au/pages/cooking-calendar,"选择周末班；过敏、饮食要求与最低年龄需提前询问。 | Researched 2026-10-06. Drive/km, suitability, duration, priorities and scores are planning estimates, not operator guarantees."
SEQ-1330,Bookable experience,The Golden Pig cooking school,亚洲菜等主题烹饪体验,Hands-on Workshop,Brisbane / Newstead,5,15-30 min (estimated; traffic dependent),0-15km / quick local,$$$,Check calendar,3-4h,Adult; child participation only if specific course permits,Confirm - workshop access only,Yes / confirm course,Medium,,4.5,B - book ahead,Check official visitor page; not individually confirmed,Check official visitor page; not individually confirmed,One booked class/show -> nearby meal; use public transport for CBD,"Check opening, calendar, bookings, age/access rules and current alerts; route ETA before leaving",https://www.goldenpig.com.au/golden-pig-class-bookings/,"38 Ross Street；周日课程值得筛选，餐厅订位不等于报上烹饪课。 | Researched 2026-10-06. Drive/km, suitability, duration, priorities and scores are planning estimates, not operator guarantees."
SEQ-1331,Bookable experience,Spirit House cooking school,热带庭院中的亚洲烹饪体验,Hands-on Workshop,Sunshine Coast / Yandina,115,90-125 min (estimated; traffic dependent),100-180km / day trip,$$$,Check calendar,4-5h,Adult; child participation only if specific course permits,Confirm - workshop access only,Yes / confirm course,Medium,,4.5,B - book ahead,Check official visitor page; not individually confirmed,Check official visitor page; not individually confirmed,Ginger Factory -> Nutworks OR Spirit House class,"Check opening, calendar, bookings, age/access rules and current alerts; route ETA before leaving",https://house.spirithouse.com.au/school,"20 Ninderry Road；热门日期提前预订，实际时长、菜单与过敏安排以班次为准。 | Researched 2026-10-06. Drive/km, suitability, duration, priorities and scores are planning estimates, not operator guarantees."
SEQ-1332,Bookable experience,Clay Temple - Tamborine Mountain,山间陶艺与拉坯体验,Hands-on Workshop,Gold Coast Hinterland / Tamborine Mountain,75,70-105 min (estimated; traffic dependent),50-100km / short day trip,$$,Check calendar,2-3h,Adult; child participation only if specific course permits,Confirm - workshop access only,Yes / confirm course,Medium,,4.5,B - book ahead,Check official visitor page; not individually confirmed,Check official visitor page; not individually confirmed,One booked workshop/rope course -> mountain cafe,"Check opening, calendar, bookings, age/access rules and current alerts; route ETA before leaving",https://www.claytempleco.com.au/contact,"以公开课日历或联系商家确认可订日期；烧制成品通常需后续取件。 | Researched 2026-10-06. Drive/km, suitability, duration, priorities and scores are planning estimates, not operator guarantees."
SEQ-1333,Bookable experience,New Farm Confectionery workshops,巧克力与甜点制作,Hands-on Workshop,Brisbane / Newstead,4,15-30 min (estimated; traffic dependent),0-15km / quick local,$$,Check calendar,1.5-3h,Adult; child participation only if specific course permits,Confirm - workshop access only,Yes / confirm course,Medium,,4.5,B - book ahead,Check official visitor page; not individually confirmed,Check official visitor page; not individually confirmed,One booked class/show -> nearby meal; use public transport for CBD,"Check opening, calendar, bookings, age/access rules and current alerts; route ETA before leaving",https://newfarmconfectionery.com.au/pages/workshops-calendar,"16 Waterloo Street；商店周末关闭不代表有预约的工作坊取消，分别看课程日历。 | Researched 2026-10-06. Drive/km, suitability, duration, priorities and scores are planning estimates, not operator guarantees."
SEQ-1334,Bookable experience,Tamborine Glass Blowing and Glass Arts,玻璃吹制观摩或预约课程,Hands-on Workshop,Gold Coast Hinterland / Tamborine Mountain,75,70-105 min (estimated; traffic dependent),50-100km / short day trip,$$-$$$,Check calendar,1-3h,Adult; child participation only if specific course permits,Confirm - workshop access only,Yes / confirm course,Medium,,4.5,B - book ahead,Check official visitor page; not individually confirmed,Check official visitor page; not individually confirmed,One booked workshop/rope course -> mountain cafe,"Check opening, calendar, bookings, age/access rules and current alerts; route ETA before leaving",https://visit.brisbane.qld.au/things-to-do/scenic-rim/arts-and-culture/tamborine-glass-blowing-glass-arts-c31d,"17 Nicolet Drive；热玻璃课程最低年龄和是否亲手操作需确认，不适合随带幼儿默认参加。 | Researched 2026-10-06. Drive/km, suitability, duration, priorities and scores are planning estimates, not operator guarantees."
SEQ-1335,Place / activity,Tropical Fruit World,热带果园导览、拖拉机与水果品尝,Farm + Food,NSW / Duranbah,130,100-140 min (estimated; traffic dependent),100-180km / day trip,$$,Morning / suitable weather,3-4h,"0-3 supervised, 3-6, adult",Partial - grounds vary,Maybe - sheltered areas only,Medium,4.5,4,B - planned day,Check official visitor page; not individually confirmed,Check official visitor page; not individually confirmed,Kingscliff/Fingal short visit OR one booked farm/water tour; check NSW time,"Check opening, calendar, bookings, age/access rules and current alerts; route ETA before leaving",https://www.tropicalfruitworld.com.au/,"29 Duranbah Road；导览不等于随意采摘，预订具体 tour 并按 NSW 时间到达。 | Researched 2026-10-06. Drive/km, suitability, duration, priorities and scores are planning estimates, not operator guarantees."
SEQ-1336,Place / activity,Farm and Co - Cudgen,农场散步、乡村餐饮与季节花田,Farm + Food,NSW / Cudgen,125,95-135 min (estimated; traffic dependent),100-180km / day trip,$-$$,Morning / suitable weather,2-3h,"0-3 supervised, 3-6, adult",Partial - grounds vary,Maybe - sheltered areas only,Medium,4.5,4,B - planned day,Check official visitor page; not individually confirmed,Check official visitor page; not individually confirmed,Kingscliff/Fingal short visit OR one booked farm/water tour; check NSW time,"Check opening, calendar, bookings, age/access rules and current alerts; route ETA before leaving",https://www.farmandco.com.au/,"529 Cudgen Road；向日葵花况不是全年保证，农场入口、咖啡与餐厅分别看开放安排。 | Researched 2026-10-06. Drive/km, suitability, duration, priorities and scores are planning estimates, not operator guarantees."
SEQ-1337,Place / activity,Towri Sheep Cheeses open days,绵羊农场、奶酪与开放日,Farm + Food,Logan / Allenview,65,55-85 min (estimated; traffic dependent),50-100km / short day trip,$-$$,Morning / suitable weather,2-3h,"0-3 supervised, 3-6, adult",Partial - grounds vary,Maybe - sheltered areas only,Medium,4.5,4,B - planned day,Check official visitor page; not individually confirmed,Check official visitor page; not individually confirmed,One regional activity -> nearby meal; check drive and return time,"Check opening, calendar, bookings, age/access rules and current alerts; route ETA before leaving",https://towrisheepcheeses.com.au/upcoming-events/,"206 Saville Road；按月或指定开放日，非随时进入的农场。确认动物互动、门票和餐饮。 | Researched 2026-10-06. Drive/km, suitability, duration, priorities and scores are planning estimates, not operator guarantees."
SEQ-1338,Place / activity,Naughty Little Kids goat dairy tours,山羊、挤奶示范与农场讲解,Farm + Food,Ipswich / Purga,55,45-75 min (estimated; traffic dependent),50-100km / short day trip,$$,Morning / suitable weather,1.5-2.5h,"0-3 supervised, 3-6, adult",Partial - grounds vary,Maybe - sheltered areas only,Medium,4.5,4,B - planned day,Check official visitor page; not individually confirmed,Check official visitor page; not individually confirmed,Purga farm booking OR Hardings Paddock -> Ipswich meal,"Check opening, calendar, bookings, age/access rules and current alerts; route ETA before leaving",https://www.naughtylittlekids.com.au/farm-tours/,"预约 Sunday tour 或公布的季节加场；过敏、抱动物与幼儿参与程度以农场规则为准。 | Researched 2026-10-06. Drive/km, suitability, duration, priorities and scores are planning estimates, not operator guarantees."
SEQ-1339,Place / activity,QCamel - Camel Cuddles,预约骆驼农场与近距离互动,Farm + Food,Sunshine Coast / Bells Creek,80,65-100 min (estimated; traffic dependent),50-100km / short day trip,$$,Morning / suitable weather,1.5-2.5h,"0-3 supervised, 3-6, adult",Partial - grounds vary,Maybe - sheltered areas only,Medium,4.5,4,B - planned day,Check official visitor page; not individually confirmed,Check official visitor page; not individually confirmed,Choose one local cluster: Caloundra museum/gallery OR Mooloolaba aquarium/coast,"Check opening, calendar, bookings, age/access rules and current alerts; route ETA before leaving",https://qcamel.com.au/faq-items/can-i-come-visit-qcamel-farm/,"独立于原库 Summer Land Camels；具体农场入口随预约信息确认，不能直接随到。 | Researched 2026-10-06. Drive/km, suitability, duration, priorities and scores are planning estimates, not operator guarantees."
SEQ-1340,Place / activity,Sirromet Winery experiences,酒庄导览、野餐与餐饮,Winery + Food,Redlands / Mount Cotton,35,35-60 min (estimated; traffic dependent),15-50km / local outing,$-$$$,Morning / suitable weather,2-4h,Adult tasting; accompanying children subject to venue rules,Confirm restaurant/grounds access,Maybe - dining only,High,2,4.5,B - book ahead,Check official visitor page; not individually confirmed,Check official visitor page; not individually confirmed,Museum/gallery in Cleveland OR Sirromet winery day; choose by opening,"Check opening, calendar, bookings, age/access rules and current alerts; route ETA before leaving",https://www.sirromet.com/pages/winery-experiences,"850 Mount Cotton Road；品酒成人限定，家庭可选餐饮或野餐，指定司机。 | Researched 2026-10-06. Drive/km, suitability, duration, priorities and scores are planning estimates, not operator guarantees."
SEQ-1341,Place / activity,Ocean View Estates,山间酒庄、餐厅与景观,Winery + Food,Moreton Bay / Ocean View,55,55-85 min (estimated; traffic dependent),50-100km / short day trip,$$,Morning / suitable weather,2-3h,Adult tasting; accompanying children subject to venue rules,Confirm restaurant/grounds access,Maybe - dining only,High,2,4.5,B - book ahead,Check official visitor page; not individually confirmed,Check official visitor page; not individually confirmed,Select same-suburb museum/park; astronomy requires separate evening plan,"Check opening, calendar, bookings, age/access rules and current alerts; route ETA before leaving",https://www.oceanviewestates.com.au/,"公开餐饮、品酒与私活动分开预约；山区道路与餐厅营业时段需确认。 | Researched 2026-10-06. Drive/km, suitability, duration, priorities and scores are planning estimates, not operator guarantees."
SEQ-1342,Place / activity,Summerland Farm - Alstonville,农场游乐、动物与果园场景,Farm + Food,NSW / Alstonville,230,160-180 min (estimated; traffic dependent),180km+ / 3h boundary,$-$$,Morning / suitable weather,3-4h / full day trip,"0-3 supervised, 3-6, adult",Partial - grounds vary,Maybe - sheltered areas only,Medium,4.5,4,B - planned day,Check official visitor page; not individually confirmed,Check official visitor page; not individually confirmed,Kingscliff/Fingal short visit OR one booked farm/water tour; check NSW time,"Check opening, calendar, bookings, age/access rules and current alerts; route ETA before leaving",https://www.visitnsw.com/destinations/north-coast/byron-bay-area/ballina/attractions/summerland-farm,"三小时圈边界，堵车可能超时；出发前导航，按 NSW 时间。农场游乐项目和门票另查。 | Researched 2026-10-06. Drive/km, suitability, duration, priorities and scores are planning estimates, not operator guarantees."
SEQ-1343,Place / activity,The Ginger Factory,花园、儿童游乐、火车与姜文化,Farm + Food,Sunshine Coast / Yandina,115,90-125 min (estimated; traffic dependent),100-180km / day trip,Free-$$,Morning / suitable weather,2-4h,"0-3 supervised, 3-6, adult",Partial - grounds vary,Maybe - sheltered areas only,Medium,4.5,4,B - planned day,Check official visitor page; not individually confirmed,Check official visitor page; not individually confirmed,Ginger Factory -> Nutworks OR Spirit House class,"Check opening, calendar, bookings, age/access rules and current alerts; route ETA before leaving",https://www.gingerfactory.com.au/attractions/,"50 Pioneer Road；免费区域与收费火车、船、工厂或蜜蜂体验分开，查当天营业。 | Researched 2026-10-06. Drive/km, suitability, duration, priorities and scores are planning estimates, not operator guarantees."
SEQ-1344,Place / activity,Nutworks - Yandina,澳洲坚果品尝与店内参观,Food + Factory Visit,Sunshine Coast / Yandina,115,90-125 min (estimated; traffic dependent),100-180km / day trip,Free-$,Morning / suitable weather,30-60 min,"0-3 accompanying, 3-6, adult",Confirm venue access,Yes / some exhibits outside,High,3.5,4,A - easy repeat,Check official visitor page; not individually confirmed,Check official visitor page; not individually confirmed,Ginger Factory -> Nutworks OR Spirit House class,"Check opening, calendar, bookings, age/access rules and current alerts; route ETA before leaving",https://nutworks.com.au/pages/visit-us,"37 Pioneer Road；可与 Ginger Factory 组合，周末不保证生产线运行，坚果过敏者慎选。 | Researched 2026-10-06. Drive/km, suitability, duration, priorities and scores are planning estimates, not operator guarantees."
SEQ-1345,Place / activity,Mary Valley Rattler,历史蒸汽或传统列车体验,Museums + Heritage,Gympie / Mary Valley,175,130-175 min (estimated; traffic dependent),100-180km / day trip,$$-$$$,Morning / suitable weather,Half / full day,"0-3 accompanying, 3-6, adult",Confirm venue access,Yes / some exhibits outside,High,3.5,4,A - easy repeat,Check official visitor page; not individually confirmed,Check official visitor page; not individually confirmed,One regional activity -> nearby meal; check drive and return time,"Check opening, calendar, bookings, age/access rules and current alerts; route ETA before leaving",https://www.maryvalleyrattler.com.au/,"Gympie Old Station，具体列车、发车和到站以时刻表为准；别以旧优惠价规划。 | Researched 2026-10-06. Drive/km, suitability, duration, priorities and scores are planning estimates, not operator guarantees."
SEQ-1346,Place / activity,Original Eumundi Markets,原创手作、街头音乐与市集餐饮,Market + Community,Sunshine Coast / Eumundi,130,100-140 min (estimated; traffic dependent),100-180km / day trip,Free-$,Morning / suitable weather,2-3h,"0-3, 3-6, adult",Partial - crowds and ground vary,No - outdoor market,High,3.5,4,A - easy repeat,Check official visitor page; not individually confirmed,Check official visitor page; not individually confirmed,Choose one local cluster: Caloundra museum/gallery OR Mooloolaba aquarium/coast,"Check opening, calendar, bookings, age/access rules and current alerts; route ETA before leaving",https://eumundimarkets.com.au/,"80 Memorial Drive；当前周三、周六 7:30am–2pm。与原库 Caloundra Street Fair 替代项不是同一市集。 | Researched 2026-10-06. Drive/km, suitability, duration, priorities and scores are planning estimates, not operator guarantees."
SEQ-1347,Bookable experience,Riverlife - guided kayak and cliff activities,河上皮划艇或 Kangaroo Point 攀岩、绳降,Adventure + Sport,Brisbane / Kangaroo Point,3,10-25 min (estimated; traffic dependent),0-15km / quick local,$$,Morning / suitable weather,1.5-3h,Adult / eligible older children; operator age limits apply,No - activity,No / weather dependent,Low,,4.5,B - book ahead,Check official visitor page; not individually confirmed,Check official visitor page; not individually confirmed,One booked class/show -> nearby meal; use public transport for CBD,"Check opening, calendar, bookings, age/access rules and current alerts; route ETA before leaving",https://riverlife.com.au/tours/,"有教练的预约体验，区别于原库公园散步；最低年龄、身体条件与天气取消规则逐项检查。 | Researched 2026-10-06. Drive/km, suitability, duration, priorities and scores are planning estimates, not operator guarantees."
SEQ-1348,Place / activity,9 Degrees - Morningside,室内抱石与攀爬社交,Indoor Sport + Social,Brisbane / Morningside,7,15-30 min (estimated; traffic dependent),0-15km / quick local,$$,Morning / suitable weather,1.5-3h,Adult / eligible older children; operator age limits apply,Confirm spectator area,Yes,Medium,,4,A - repeat / check access,Check official visitor page; not individually confirmed,Check official visitor page; not individually confirmed,One booked class/show -> nearby meal; use public transport for CBD,"Check opening, calendar, bookings, age/access rules and current alerts; route ETA before leaving",https://9degreesbrisbane.com.au/,"3/500 Lytton Road；成年人新手可从简单线开始，年龄、监督和免责表先查。不适合两岁自由活动。 | Researched 2026-10-06. Drive/km, suitability, duration, priorities and scores are planning estimates, not operator guarantees."
SEQ-1349,Place / activity,9 Degrees - Enoggera,室内抱石与攀爬社交,Indoor Sport + Social,Brisbane / Enoggera,9,20-35 min (estimated; traffic dependent),0-15km / quick local,$$,Morning / suitable weather,1.5-3h,Adult / eligible older children; operator age limits apply,Confirm spectator area,Yes,Medium,,4,A - repeat / check access,Check official visitor page; not individually confirmed,Check official visitor page; not individually confirmed,One booked class/show -> nearby meal; use public transport for CBD,"Check opening, calendar, bookings, age/access rules and current alerts; route ETA before leaving",https://9degreesbrisbane.com.au/,"72 Pickering Street；同运营商不同场馆，择近而去，无需两家都打卡。 | Researched 2026-10-06. Drive/km, suitability, duration, priorities and scores are planning estimates, not operator guarantees."
SEQ-1350,Place / activity,Urban Climb - Newstead,室内攀爬与新手运动,Indoor Sport + Social,Brisbane / Newstead,5,15-30 min (estimated; traffic dependent),0-15km / quick local,$$,Morning / suitable weather,1.5-3h,Adult / eligible older children; operator age limits apply,Confirm spectator area,Yes,Medium,,4,A - repeat / check access,Check official visitor page; not individually confirmed,Check official visitor page; not individually confirmed,One booked class/show -> nearby meal; use public transport for CBD,"Check opening, calendar, bookings, age/access rules and current alerts; route ETA before leaving",https://urbanclimb.com.au/locations/newstead/,"按本分馆确认抱石或绳攀设施，不把其他分馆的课程套用过来；入场年龄与监督另查。 | Researched 2026-10-06. Drive/km, suitability, duration, priorities and scores are planning estimates, not operator guarantees."
SEQ-1351,Bookable experience,Bayside Wakepark,缆绳滑水与新手教学,Water Sport + Wildlife,Logan / Carbrook,40,40-65 min (estimated; traffic dependent),15-50km / local outing,$$,Morning / suitable weather,2-3h,Adult / eligible children; age and swim requirements apply,No - activity; confirm boat access,No / weather dependent,Medium,,4.5,B - book ahead,Check official visitor page; not individually confirmed,Check official visitor page; not individually confirmed,One regional activity -> nearby meal; check drive and return time,"Check opening, calendar, bookings, age/access rules and current alerts; route ETA before leaving",https://visit.brisbane.qld.au/things-to-do/logan/sport-and-recreation/bayside-wakepark-d9b9,"80 Ferry Road；有周末教学候选，泳技、最低年龄、装备与天气规则需预先确认。 | Researched 2026-10-06. Drive/km, suitability, duration, priorities and scores are planning estimates, not operator guarantees."
SEQ-1352,Bookable experience,TreeTop Challenge - Thunderbird Park,树冠高空绳索与滑索,Adventure + Sport,Gold Coast Hinterland / Tamborine Mountain,70,65-100 min (estimated; traffic dependent),50-100km / short day trip,$$-$$$,Morning / suitable weather,3-4h,Adult / eligible older children; operator age limits apply,No - activity,No / weather dependent,Low,,4.5,B - book ahead,Check official visitor page; not individually confirmed,Check official visitor page; not individually confirmed,One booked workshop/rope course -> mountain cafe,"Check opening, calendar, bookings, age/access rules and current alerts; route ETA before leaving",https://www.thunderbirdpark.com/treetopadventurepark/,"成人高空项目与儿童 course 规则不同，年龄及伸手高度以预订页为准；两岁不参加。 | Researched 2026-10-06. Drive/km, suitability, duration, priorities and scores are planning estimates, not operator guarantees."
SEQ-1353,Bookable experience,TreeTop Challenge - Sunshine Coast,森林高空绳索与滑索,Adventure + Sport,Sunshine Coast / Woombye,100,80-115 min (estimated; traffic dependent),50-100km / short day trip,$$-$$$,Morning / suitable weather,3-4h,Adult / eligible older children; operator age limits apply,No - activity,No / weather dependent,Low,,4.5,B - book ahead,Check official visitor page; not individually confirmed,Check official visitor page; not individually confirmed,Choose one local cluster: Caloundra museum/gallery OR Mooloolaba aquarium/coast,"Check opening, calendar, bookings, age/access rules and current alerts; route ETA before leaving",https://www.treetopchallenge.com.au/,"与原库 Big Pineapple 动物/地标访问区分；订 Sunshine Coast 场馆，不把 Tamborine 限制套用。 | Researched 2026-10-06. Drive/km, suitability, duration, priorities and scores are planning estimates, not operator guarantees."
SEQ-1354,Place / activity,iFLY Brisbane,室内风洞飞行体验,Indoor Sport + Social,Brisbane / Chermside,11,20-40 min (estimated; traffic dependent),0-15km / quick local,$$-$$$,Morning / suitable weather,1.5-2h,Adult / eligible older children; operator age limits apply,Confirm spectator area,Yes,Medium,,4,A - repeat / check access,Check official visitor page; not individually confirmed,Check official visitor page; not individually confirmed,One booked class/show -> nearby meal; use public transport for CBD,"Check opening, calendar, bookings, age/access rules and current alerts; route ETA before leaving",https://www.iflyworld.com.au/locations/ifly-brisbane/,"特定年龄、体重和健康条件适用；儿童可参加不代表两岁符合规则，查 booking requirements。 | Researched 2026-10-06. Drive/km, suitability, duration, priorities and scores are planning estimates, not operator guarantees."
SEQ-1355,Bookable experience,Scenic Rim hot air balloon flight,日出热气球与空中景观,Adventure + Sport,Scenic Rim / launch varies,75,65-110 min (estimated; traffic dependent),50-100km / short day trip,$$$,Morning / suitable weather,Half day from pre-dawn,Adult / eligible older children; operator age limits apply,No - activity,No / weather dependent,Low,,4.5,B - book ahead,Check official visitor page; not individually confirmed,Check official visitor page; not individually confirmed,One booked experience -> nearby town meal; allow early start,"Check opening, calendar, bookings, age/access rules and current alerts; route ETA before leaving",https://www.brisbanehotairballooning.com.au/,"集合地与起飞地随风况不同；幼儿一般不符合飞行规则，最低年龄以商家为准，天气可能取消。 | Researched 2026-10-06. Drive/km, suitability, duration, priorities and scores are planning estimates, not operator guarantees."
SEQ-1356,Bookable experience,Everglades Eco Safaris - Elanda Point,Noosa 湿地游船或划船导览,Water Sport + Wildlife,Noosa / Elanda Point,175,135-175 min (estimated; traffic dependent),100-180km / day trip,$$-$$$,Morning / suitable weather,3-6h,Adult / eligible children; age and swim requirements apply,No - activity; confirm boat access,No / weather dependent,Medium,,4.5,B - book ahead,Check official visitor page; not individually confirmed,Check official visitor page; not individually confirmed,Choose one: gallery/gardens/Cooroy OR a booked water tour; no rushed multi-region itinerary,"Check opening, calendar, bookings, age/access rules and current alerts; route ETA before leaving",https://bookings.visitnoosa.com.au/tours/everglades-eco-safaris,"从 Habitat Noosa 区域出发，游船与 canoe 路线要求不同；幼儿选择游船须商家批准。 | Researched 2026-10-06. Drive/km, suitability, duration, priorities and scores are planning estimates, not operator guarantees."
SEQ-1357,Bookable experience,Sea World Cruises - whale watching,季节性海上观鲸,Water Sport + Wildlife,Gold Coast / departure varies,80,65-110 min (estimated; traffic dependent),50-100km / short day trip,$$,Morning / suitable weather,3-4h,Adult / eligible children; age and swim requirements apply,No - activity; confirm boat access,No / weather dependent,Medium,,4.5,B - book ahead,Check official visitor page; not individually confirmed,Check official visitor page; not individually confirmed,One regional activity -> nearby meal; check drive and return time,"Check opening, calendar, bookings, age/access rules and current alerts; route ETA before leaving",https://seaworldcruises.com.au/whale-watching/whale-watching-tickets/,"独立于主题公园门票；季节通常冬春，码头随航班确认，海况、晕船和婴幼儿政策需检查。 | Researched 2026-10-06. Drive/km, suitability, duration, priorities and scores are planning estimates, not operator guarantees."
SEQ-1358,Bookable experience,Currumbin Alley Surf School,初学者冲浪课程,Water Sport + Wildlife,Gold Coast / Currumbin,100,80-120 min (estimated; traffic dependent),50-100km / short day trip,$$,Morning / suitable weather,1.5-2h,Adult / eligible children; age and swim requirements apply,No - activity; confirm boat access,No / weather dependent,Medium,,4.5,B - book ahead,Check official visitor page; not individually confirmed,Check official visitor page; not individually confirmed,One regional activity -> nearby meal; check drive and return time,"Check opening, calendar, bookings, age/access rules and current alerts; route ETA before leaving",https://currumbinalleysurfschool.com.au/timetable/,"Pacific Parade 集合，查当天课表；最低年龄、泳技和海况要求适用。 | Researched 2026-10-06. Drive/km, suitability, duration, priorities and scores are planning estimates, not operator guarantees."
SEQ-1359,Place / activity,Kingscliff and Cudgen Creek,海滨小镇、溪畔步行与咖啡,Nature + Gardens,NSW / Kingscliff,125,95-135 min (estimated; traffic dependent),100-180km / day trip,Free-$,Morning / suitable weather,3-4h,"0-3, 3-6, adult",Partial - firm paths only,No,High,4,4,A - easy repeat,Check official visitor page; not individually confirmed,Check official visitor page; not individually confirmed,Kingscliff/Fingal short visit OR one booked farm/water tour; check NSW time,"Check opening, calendar, bookings, age/access rules and current alerts; route ETA before leaving",https://www.visitnsw.com/destinations/north-coast/the-tweed-area/kingscliff,"幼儿以岸上游玩为主，溪口潮流不可当成安全浅池；游泳只选择有保障的开放区域。 | Researched 2026-10-06. Drive/km, suitability, duration, priorities and scores are planning estimates, not operator guarantees."
SEQ-1360,Bookable experience,Watersports Guru - Kingscliff tours,预约皮划艇、SUP 或 Cook Island 浮潜,Water Sport + Wildlife,NSW / Kingscliff,125,95-135 min (estimated; traffic dependent),100-180km / day trip,$$,Morning / suitable weather,2-4h,Adult / eligible children; age and swim requirements apply,No - activity; confirm boat access,No / weather dependent,Medium,,4.5,B - book ahead,Check official visitor page; not individually confirmed,Check official visitor page; not individually confirmed,Kingscliff/Fingal short visit OR one booked farm/water tour; check NSW time,"Check opening, calendar, bookings, age/access rules and current alerts; route ETA before leaving",https://www.visitnsw.com/destinations/north-coast/the-tweed-area/kingscliff,"同地不同体验：选择正规 tour，查 operator 链接、最低年龄及泳技；海龟目击不保证。 | Researched 2026-10-06. Drive/km, suitability, duration, priorities and scores are planning estimates, not operator guarantees."
SEQ-1361,Bookable experience,St Helena Island - guided history visit,乘船访问历史监狱遗迹,Island + Heritage,Moreton Bay / boat departure varies,25,30-55 min (estimated; traffic dependent),15-50km / local outing,$$,Morning / suitable weather,Half / full day,"Older children, adult; toddler only with operator approval",Confirm boat and island terrain,No,Medium,2.5,4.5,B - book ahead,Check official visitor page; not individually confirmed,Check official visitor page; not individually confirmed,Select same-suburb museum/park; astronomy requires separate evening plan,"Check opening, calendar, bookings, age/access rules and current alerts; route ETA before leaving",https://parks.qld.gov.au/parks/st-helena-island/visiting-safely,"车程只到码头，另约 45 分钟船程。遗迹核心区必须有合格向导，不是自驾直达岛屿。 | Researched 2026-10-06. Drive/km, suitability, duration, priorities and scores are planning estimates, not operator guarantees."
SEQ-1362,Bookable experience,BlackCard Cultural Tours - Brisbane,原住民导游带领文化与公共艺术步行,Culture + Guided Walk,Brisbane / CBD-South Brisbane,3,10-25 min (estimated; traffic dependent),0-15km / quick local,Confirm quote,Morning / suitable weather,1.5-2h,Adult; accompanying children subject to route and organiser,Confirm route,Maybe - route dependent,Medium,2.5,4.5,B - book ahead,Check official visitor page; not individually confirmed,Check official visitor page; not individually confirmed,One booked class/show -> nearby meal; use public transport for CBD,"Check opening, calendar, bookings, age/access rules and current alerts; route ETA before leaving",https://theblackcard.com.au/cultural-tours,"需询问当下公开场次或组团预约；官网联系地址在 NSW，不代表 Brisbane tour 在 NSW。不要采用聚合页的 $0 标价。 | Researched 2026-10-06. Drive/km, suitability, duration, priorities and scores are planning estimates, not operator guarantees."
SEQ-1363,Place / activity,Vault Games - Brisbane City,桌游试玩、卡牌活动与同好交流,Games + Social,Brisbane CBD,1,10-20 min (estimated; traffic dependent),0-15km / quick local,$-$$,Morning / suitable weather,2-4h,Adult / eligible older children; operator age limits apply,Confirm spectator area,Yes,Medium,,4,A - repeat / check access,Check official visitor page; not individually confirmed,Check official visitor page; not individually confirmed,One booked class/show -> nearby meal; use public transport for CBD,"Check opening, calendar, bookings, age/access rules and current alerts; route ETA before leaving",https://vaultgames.com.au/pages/store-locator,"Lower Ground 62 Queen Street；店铺营业不等于随时有人组织游戏，提前查活动或询问桌位。 | Researched 2026-10-06. Drive/km, suitability, duration, priorities and scores are planning estimates, not operator guarantees."
SEQ-1364,Recurring programme / check calendar,The Edge - open lab and maker workshops,数字制作、3D打印、激光切割与创客活动,Community + Learning,Brisbane / South Bank,3,10-25 min (estimated; traffic dependent),0-15km / quick local,Free-$,Check calendar,2-4h,Adult; family admission only if event explicitly permits,Confirm event venue,Confirm event venue,Medium,,4.5,B - check calendar,Check official visitor page; not individually confirmed,Check official visitor page; not individually confirmed,One booked class/show -> nearby meal; use public transport for CBD,"Check opening, calendar, bookings, age/access rules and current alerts; route ETA before leaving",https://www.slq.qld.gov.au/visit/spaces/edge/getting-started-edge,"与原库普通图书馆参观区分；需会员、general induction，特定设备另有培训。当前 Saturday open lab，须查预约。 | Researched 2026-10-06. Drive/km, suitability, duration, priorities and scores are planning estimates, not operator guarantees."
SEQ-1365,Recurring programme / check calendar,HSBNE - public open nights,木工、电子与数字制造社群交流,Community + Learning,Brisbane / Sumner,18,25-45 min (estimated; traffic dependent),15-50km / local outing,Free-$,Check calendar,2-3h,Adult; family admission only if event explicitly permits,Confirm event venue,Confirm event venue,Medium,,4.5,B - check calendar,Check official visitor page; not individually confirmed,Check official visitor page; not individually confirmed,One booked class/show -> nearby meal; use public transport for CBD,"Check opening, calendar, bookings, age/access rules and current alerts; route ETA before leaving",https://hsbne.org/,"现址 Sumner，旧 Hamilton 地址不适用；只参加明确向公众开放的场次。工作坊设备使用需要授权培训，常非周末。 | Researched 2026-10-06. Drive/km, suitability, duration, priorities and scores are planning estimates, not operator guarantees."
SEQ-1366,Recurring programme / check calendar,Brisbane Square Library English conversation group,英语会话与结识本地朋友,Community + Learning,Brisbane CBD,1,10-20 min (estimated; traffic dependent),0-15km / quick local,Free,Check calendar,1h,Adult; family admission only if event explicitly permits,Confirm event venue,Confirm event venue,Medium,,4.5,B - check calendar,Check official visitor page; not individually confirmed,Check official visitor page; not individually confirmed,One booked class/show -> nearby meal; use public transport for CBD,"Check opening, calendar, bookings, age/access rules and current alerts; route ETA before leaving",https://www.brisbane.qld.gov.au/events/english-conversation-group/202851626,"Council 页面说明周二、四、五、日的重复项目；链接中的单场日期已过去，必须在 Council Events 查下一场，不保证每周无变化。 | Researched 2026-10-06. Drive/km, suitability, duration, priorities and scores are planning estimates, not operator guarantees."
SEQ-1367,Recurring programme / check calendar,BrisScience - UQ public lecture series,科学讲座、提问与公众交流,Community + Learning,Brisbane / South Bank,3,10-25 min (estimated; traffic dependent),0-15km / quick local,Free,Check calendar,1-2h,Adult; family admission only if event explicitly permits,Confirm event venue,Confirm event venue,Medium,,4.5,B - check calendar,Check official visitor page; not individually confirmed,Check official visitor page; not individually confirmed,One booked class/show -> nearby meal; use public transport for CBD,"Check opening, calendar, bookings, age/access rules and current alerts; route ETA before leaving",https://science.uq.edu.au/event/brisscience/about-us/,"通常月度、工作日晚间；当前页面仍展示已过去的 9 月场次，订票后以票上 Auditorium/场地为准，不视为本周末已安排。 | Researched 2026-10-06. Drive/km, suitability, duration, priorities and scores are planning estimates, not operator guarantees."
SEQ-1368,Recurring programme / check calendar,Brisbane AI Developers,AI、LLM、机器学习技术交流,Community + Learning,Brisbane / event venue varies,5,10-40 min (estimated; traffic dependent),0-15km / quick local,Free-$$,Check calendar,2-3h,Adult; family admission only if event explicitly permits,Confirm event venue,Confirm event venue,Medium,,4.5,B - check calendar,Check official visitor page; not individually confirmed,Check official visitor page; not individually confirmed,One booked class/show -> nearby meal; use public transport for CBD,"Check opening, calendar, bookings, age/access rules and current alerts; route ETA before leaving",https://www.meetup.com/brisbane-ai-developers/,"社群主体已核实，检索页主要显示过去场次；下一次活动和是否周末需查日历，不保证每月召开。 | Researched 2026-10-06. Drive/km, suitability, duration, priorities and scores are planning estimates, not operator guarantees."
SEQ-1369,Recurring programme / check calendar,AWS Brisbane User Group,云计算、架构与开发者交流,Community + Learning,Brisbane / event venue varies,2,10-35 min (estimated; traffic dependent),0-15km / quick local,Free-$,Check calendar,2-3h,Adult; family admission only if event explicitly permits,Confirm event venue,Confirm event venue,Medium,,4.5,B - check calendar,Check official visitor page; not individually confirmed,Check official visitor page; not individually confirmed,One booked class/show -> nearby meal; use public transport for CBD,"Check opening, calendar, bookings, age/access rules and current alerts; route ETA before leaving",https://www.meetup.com/aws-brisbane/,"主办方说明转到 Luma 注册，查 luma.com/awsugbne；不少活动周四傍晚，是平日晚间补充。 | Researched 2026-10-06. Drive/km, suitability, duration, priorities and scores are planning estimates, not operator guarantees."
SEQ-1370,Recurring programme / check calendar,ACS Toastmasters - Brisbane Square,英语公众演讲与沟通练习,Community + Learning,Brisbane CBD,1,10-20 min (estimated; traffic dependent),0-15km / quick local,Free guest / membership extra,Check calendar,1h,Adult; family admission only if event explicitly permits,Confirm event venue,Confirm event venue,Medium,,4.5,B - check calendar,Check official visitor page; not individually confirmed,Check official visitor page; not individually confirmed,One booked class/show -> nearby meal; use public transport for CBD,"Check opening, calendar, bookings, age/access rules and current alerts; route ETA before leaving",https://www.toastmasters.org/Find-a-Club/00009458-00009458,"当前每月第一、第三周三中午，不属于周末活动；访客可先联系确认，长期会员另有会费。 | Researched 2026-10-06. Drive/km, suitability, duration, priorities and scores are planning estimates, not operator guarantees."
SEQ-1371,Recurring programme / check calendar,Birds Queensland - Easy Start outings,入门观鸟与自然同好交流,Community + Learning,SEQ / meeting point varies,,0-180 min (estimated; traffic dependent),Variable venue / re-estimate,Confirm membership / fee,Check calendar,2-4h,Adult; family admission only if event explicitly permits,Confirm event venue,Confirm event venue,Medium,,4.5,B - check calendar,Check official visitor page; not individually confirmed,Check official visitor page; not individually confirmed,One regional activity -> nearby meal; check drive and return time,"Check opening, calendar, bookings, age/access rules and current alerts; route ETA before leaving",https://birdsqueensland.org.au/activities/courses/,"按 outing 公布的地点重新筛三小时内；访客、会员、报名和步道难度依该场安排，不默认所有活动开放。 | Researched 2026-10-06. Drive/km, suitability, duration, priorities and scores are planning estimates, not operator guarantees."
SEQ-1372,Recurring programme / check calendar,parkrun - Brisbane local event selection,周六5公里步行、跑步或志愿者活动,Community + Learning,Brisbane / course varies,,0-60 min (estimated; traffic dependent),Variable venue / re-estimate,Free,Check calendar,1-1.5h,Adult; family admission only if event explicitly permits,Confirm event venue,Confirm event venue,Medium,,4.5,B - check calendar,Check official visitor page; not individually confirmed,Check official visitor page; not individually confirmed,One booked class/show -> nearby meal; use public transport for CBD,"Check opening, calendar, bookings, age/access rules and current alerts; route ETA before leaving",https://resources.parkrun.com/australia,"先在官方地图选本地课程并查该站开始时间、取消公告；推车规则按站点，未成年人需遵守陪同规则。 | Researched 2026-10-06. Drive/km, suitability, duration, priorities and scores are planning estimates, not operator guarantees."
SEQ-1373,Bookable experience,Brisbane Greeters,志愿者带领城市历史与街区漫步,Culture + Guided Walk,Brisbane / meeting point varies,3,10-30 min (estimated; traffic dependent),0-15km / quick local,Free,Morning / suitable weather,2-4h,Adult; accompanying children subject to route and organiser,Confirm route,Maybe - route dependent,Medium,2.5,4.5,B - book ahead,Check official visitor page; not individually confirmed,Check official visitor page; not individually confirmed,One booked class/show -> nearby meal; use public transport for CBD,"Check opening, calendar, bookings, age/access rules and current alerts; route ETA before leaving",https://www.brisbane.qld.gov.au/things-to-see-and-do/outdoor-activities/walking-in-brisbane,"通过 Council 指向 Greeters 的正式预约入口选路线；与普通自行散步不同，语言、时长和幼儿步行能力提前协调。 | Researched 2026-10-06. Drive/km, suitability, duration, priorities and scores are planning estimates, not operator guarantees."
SEQ-1374,Recurring programme / check calendar,Brisbane Astronomical Society - Maleny public night,公众望远镜夜与天文讲解,Community + Learning,Sunshine Coast Hinterland / North Maleny,105,90-125 min (estimated; traffic dependent),100-180km / day trip,Confirm event fee,Check calendar,2-3h,Adult; family admission only if event explicitly permits,Confirm event venue,Confirm event venue,Medium,,4.5,B - check calendar,Check official visitor page; not individually confirmed,Check official visitor page; not individually confirmed,Choose one local cluster: Caloundra museum/gallery OR Mooloolaba aquarium/coast,"Check opening, calendar, bookings, age/access rules and current alerts; route ETA before leaving",https://bas.asn.au/calendars/public-event-calendar/,"当前日历有 2026-10-10，15 Porters Lane 区域；天气可能当天取消，访客停车和红光规则看场次详情。 | Researched 2026-10-06. Drive/km, suitability, duration, priorities and scores are planning estimates, not operator guarantees."
SEQ-1375,Recurring programme / check calendar,Brisbane Astronomical Society - Witton Barracks,市内公众观星与望远镜体验,Community + Learning,Brisbane / Indooroopilly,7,15-30 min (estimated; traffic dependent),0-15km / quick local,Confirm event fee,Check calendar,2h,Adult; family admission only if event explicitly permits,Confirm event venue,Confirm event venue,Medium,,4.5,B - check calendar,Check official visitor page; not individually confirmed,Check official visitor page; not individually confirmed,One booked class/show -> nearby meal; use public transport for CBD,"Check opening, calendar, bookings, age/access rules and current alerts; route ETA before leaving",https://bas.asn.au/calendars/public-event-calendar/,"当前日历有 2026-10-18 和 11-15；9 Lambert Road，属于夜间活动，幼儿可能早困，天气和报名规则确认。 | Researched 2026-10-06. Drive/km, suitability, duration, priorities and scores are planning estimates, not operator guarantees."
SEQ-1376,Place / activity,Lone Pine Koala Sanctuary,考拉、袋鼠与澳洲动物观察,Farm + Food,Brisbane / Fig Tree Pocket,15,25-45 min (estimated; traffic dependent),0-15km / quick local,$$,Morning / suitable weather,3-4h,"0-3 supervised, 3-6, adult",Partial - grounds vary,Maybe - sheltered areas only,Medium,4.5,4,B - planned day,Free on-site visitor parking listed by operator,Check official visitor page; not individually confirmed,One booked class/show -> nearby meal; use public transport for CBD,"Check opening, calendar, bookings, age/access rules and current alerts; route ETA before leaving",https://lonepinekoalasanctuary.com/planyourjourney/,"708 Jesmond Road；日常看动物与另收费 encounter 分开，不默认可以抱考拉。 | Researched 2026-10-06. Drive/km, suitability, duration, priorities and scores are planning estimates, not operator guarantees."
SEQ-1377,Place / activity,SEA LIFE Sunshine Coast,海底隧道、企鹅与水族展览,Museums + Heritage,Sunshine Coast / Mooloolaba,100,80-115 min (estimated; traffic dependent),50-100km / short day trip,$$,Morning / suitable weather,2-3h,"0-3 accompanying, 3-6, adult",Confirm venue access,Yes / some exhibits outside,High,3.5,4,A - easy repeat,Check official visitor page; not individually confirmed,Check official visitor page; not individually confirmed,Choose one local cluster: Caloundra museum/gallery OR Mooloolaba aquarium/coast,"Check opening, calendar, bookings, age/access rules and current alerts; route ETA before leaving",https://www.visitsealife.com/sunshine-coast/,"基础门票与动物体验、潜水项目分开；适合亲子雨天候选，热门日提前订票。 | Researched 2026-10-06. Drive/km, suitability, duration, priorities and scores are planning estimates, not operator guarantees."
SEQ-1378,Place / activity,Fort Lytton National Park,周日历史堡垒、免费导览与海防故事,Museums + Heritage,Brisbane / Lytton,20,25-45 min (estimated; traffic dependent),15-50km / local outing,Free,Morning / suitable weather,2-3h,"0-3 accompanying, 3-6, adult",Difficult - grass paths and fortifications,Yes / some exhibits outside,High,3.5,4,A - easy repeat,Check official visitor page; not individually confirmed,Accessible toilets listed by QPWS,One booked class/show -> nearby meal; use public transport for CBD,"Check opening, calendar, bookings, age/access rules and current alerts; route ETA before leaving",https://parks.qld.gov.au/parks/fort-lytton/visiting-safely,"通常周日 10am–4pm，约90分钟导览；草地和工事对推车不友好，厕所有无障碍设施。 | Researched 2026-10-06. Drive/km, suitability, duration, priorities and scores are planning estimates, not operator guarantees."
SEQ-1379,Place / activity,Windsor Historical Society - chambers and presentations,旧议事厅与街区历史讲座,Museums + Heritage,Brisbane / Windsor,6,15-30 min (estimated; traffic dependent),0-15km / quick local,Confirm fee / donation,Morning / suitable weather,1-2h,"0-3 accompanying, 3-6, adult",Confirm venue access,Yes / some exhibits outside,High,3.5,4,A - easy repeat,Check official visitor page; not individually confirmed,Check official visitor page; not individually confirmed,One booked class/show -> nearby meal; use public transport for CBD,"Check opening, calendar, bookings, age/access rules and current alerts; route ETA before leaving",https://windsorhistorical.org.au/,"志愿者运营；明确开放日与公开讲座日后再安排，不默认每日作为博物馆开放。 | Researched 2026-10-06. Drive/km, suitability, duration, priorities and scores are planning estimates, not operator guarantees."
SEQ-1380,Place / activity,Point Cartwright Reserve,灯塔、海景、短步行与野餐,Nature + Gardens,Sunshine Coast / Buddina,100,80-115 min (estimated; traffic dependent),50-100km / short day trip,Free,Morning / suitable weather,1-2h,"0-3, 3-6, adult",Partial - firm paths only,No,High,4,4,A - easy repeat,Check official visitor page; not individually confirmed,Check official visitor page; not individually confirmed,Choose one local cluster: Caloundra museum/gallery OR Mooloolaba aquarium/coast,"Check opening, calendar, bookings, age/access rules and current alerts; route ETA before leaving",https://www.sunshinecoast.qld.gov.au/point-cartwright-reserve,"Point Cartwright Drive；有公共厕所，悬崖与海边照看幼儿，狗绳规则依区域标牌。 | Researched 2026-10-06. Drive/km, suitability, duration, priorities and scores are planning estimates, not operator guarantees."
SEQ-1381,Place / activity,Coolum Coastal Boardwalk - Point Perry,短木栈道、海景与摄影,Nature + Gardens,Sunshine Coast / Coolum Beach,120,95-130 min (estimated; traffic dependent),100-180km / day trip,Free,Morning / suitable weather,1-2h,"0-3, 3-6, adult",Partial - firm paths only,No,High,4,4,A - easy repeat,Check official visitor page; not individually confirmed,Check official visitor page; not individually confirmed,Choose one local cluster: Caloundra museum/gallery OR Mooloolaba aquarium/coast,"Check opening, calendar, bookings, age/access rules and current alerts; route ETA before leaving",https://www.sunshinecoast.qld.gov.au/experience-sunshine-coast/beaches-and-parks/beaches-and-parks-directory/coolum-coastal-boardwalk,"约350m悬空木栈道连接村区与 Point Perry；与原库 Mount Coolum 登顶不同。 | Researched 2026-10-06. Drive/km, suitability, duration, priorities and scores are planning estimates, not operator guarantees."
SEQ-1382,Place / activity,Kirra Beach,沙滩、海滨散步与咖啡,Nature + Gardens,Gold Coast / Coolangatta,110,85-125 min (estimated; traffic dependent),100-180km / day trip,Free-$,Morning / suitable weather,2-4h,"0-3, 3-6, adult",Partial - firm paths only,No,High,4,4,A - easy repeat,Check official visitor page; not individually confirmed,Check official visitor page; not individually confirmed,One regional activity -> nearby meal; check drive and return time,"Check opening, calendar, bookings, age/access rules and current alerts; route ETA before leaving",https://www.m.beachsafe.org.au/beach/qld/gold-coast/coolangatta/kirra,"使用救生组织 Beachsafe 查当天巡逻，游泳选择旗间；短散步可与 Coolangatta 组合。 | Researched 2026-10-06. Drive/km, suitability, duration, priorities and scores are planning estimates, not operator guarantees."
SEQ-1383,Place / activity,Fingal Head Lighthouse,沿海树林短步道、玄武岩与灯塔摄影,Nature + Hiking,NSW / Fingal Head,120,95-135 min (estimated; traffic dependent),100-180km / day trip,Free,Morning / suitable weather,1-2h,"Older fit children, adult; toddler carried where appropriate",No - except stated approach,No,Medium,2.5,4.5,B - planned day,Check official visitor page; not individually confirmed,Check official visitor page; not individually confirmed,Kingscliff/Fingal short visit OR one booked farm/water tour; check NSW time,"Check opening, calendar, bookings, age/access rules and current alerts; route ETA before leaving",https://www.visitthetweed.com.au/Experience/fingal-head-lighthouse/,"灯塔塔内不开放；沿海岩石与浪区不带幼儿冒险，尊重当地文化场所。 | Researched 2026-10-06. Drive/km, suitability, duration, priorities and scores are planning estimates, not operator guarantees."
SEQ-1384,Place / activity,SkyPoint Observation Deck,高楼观景与城市海岸摄影,Lookout + Photography,Gold Coast / Surfers Paradise,80,65-110 min (estimated; traffic dependent),50-100km / short day trip,$$,Morning / suitable weather,1-2h,"0-3 accompanying, 3-6, adult",Confirm venue access,Yes / some exhibits outside,High,3.5,4,A - easy repeat,Check official visitor page; not individually confirmed,Check official visitor page; not individually confirmed,One regional activity -> nearby meal; check drive and return time,"Check opening, calendar, bookings, age/access rules and current alerts; route ETA before leaving",https://www.skypoint.com.au/visit,"Q1 77层，展望台适合家庭；晚间活动、私人包场和年龄规则需查，区别于外部 climb。 | Researched 2026-10-06. Drive/km, suitability, duration, priorities and scores are planning estimates, not operator guarantees."
SEQ-1385,Bookable experience,SkyPoint Climb,Q1 外部高空攀登,Adventure + Sport,Gold Coast / Surfers Paradise,80,65-110 min (estimated; traffic dependent),50-100km / short day trip,$$$,Morning / suitable weather,1.5-2h,Adult / eligible older children; operator age limits apply,No - activity,No / weather dependent,Low,,4.5,B - book ahead,Check official visitor page; not individually confirmed,Check official visitor page; not individually confirmed,One regional activity -> nearby meal; check drive and return time,"Check opening, calendar, bookings, age/access rules and current alerts; route ETA before leaving",https://www.skypoint.com.au/climb,"当前规则最低12岁并由成人陪同，另有体重和装备要求；不是观景台普通门票内项目。 | Researched 2026-10-06. Drive/km, suitability, duration, priorities and scores are planning estimates, not operator guarantees."
SEQ-1386,Bookable experience,XXXX Brewery tour,酿酒历史、工厂导览与成人品尝,Culture + Guided Walk,Brisbane / Milton,3,10-25 min (estimated; traffic dependent),0-15km / quick local,$$,Morning / suitable weather,1.5-2h,Adult; accompanying children subject to route and organiser,Confirm route,Maybe - route dependent,Medium,2.5,4.5,B - book ahead,Check official visitor page; not individually confirmed,Check official visitor page; not individually confirmed,One booked class/show -> nearby meal; use public transport for CBD,"Check opening, calendar, bookings, age/access rules and current alerts; route ETA before leaving",https://www.xxxx.com.au/page-category/about/,"通过官网 Book A Tour 确认开放日期；周末不保证包装线运行，酒精参与18+，司机不饮酒。 | Researched 2026-10-06. Drive/km, suitability, duration, priorities and scores are planning estimates, not operator guarantees."
SEQ-1387,Bookable experience,Ghost Tours Australia - Brisbane cemetery tours,夜间墓地历史与故事导览,Culture + Guided Walk,Brisbane / Toowong or selected cemetery,7,15-35 min (estimated; traffic dependent),0-15km / quick local,$$,Morning / suitable weather,1.5-2h,Adult; accompanying children subject to route and organiser,Confirm route,Maybe - route dependent,Medium,2.5,4.5,B - book ahead,Check official visitor page; not individually confirmed,Check official visitor page; not individually confirmed,One booked class/show -> nearby meal; use public transport for CBD,"Check opening, calendar, bookings, age/access rules and current alerts; route ETA before leaving",https://visit.brisbane.qld.au/things-to-do/southern-suburbs/arts-and-culture/ghost-tours-australia-brisbane-ca11,"按指定场次与墓地集合点预订；不是 Boggo Road Gaol 入场。恐怖与犯罪内容不适合幼儿，故事属于导览叙事。 | Researched 2026-10-06. Drive/km, suitability, duration, priorities and scores are planning estimates, not operator guarantees."
SEQ-1388,Place / activity,Fox in a Box Brisbane,团队解谜与密室逃脱,Games + Social,Brisbane CBD,1,10-20 min (estimated; traffic dependent),0-15km / quick local,$$,Morning / suitable weather,1-1.5h,Adult / eligible older children; operator age limits apply,Confirm spectator area,Yes,Medium,,4,A - repeat / check access,Check official visitor page; not individually confirmed,Check official visitor page; not individually confirmed,One booked class/show -> nearby meal; use public transport for CBD,"Check opening, calendar, bookings, age/access rules and current alerts; route ETA before leaving",https://foxinaboxbrisbane.com/,"需预订房间，通常团队更合适；检查人数、年龄与情节，不按宣传语默认两岁适合。 | Researched 2026-10-06. Drive/km, suitability, duration, priorities and scores are planning estimates, not operator guarantees."
SEQ-1389,Bookable experience,New Farm Bowls Club,朋友聚会、barefoot bowls 与社区活动,Social Sport,Brisbane / New Farm,4,15-30 min (estimated; traffic dependent),0-15km / quick local,$-$$,Morning / suitable weather,2-3h,Adult / eligible older children; operator age limits apply,No - activity,No / weather dependent,Low,,4.5,B - book ahead,Check official visitor page; not individually confirmed,Check official visitor page; not individually confirmed,One booked class/show -> nearby meal; use public transport for CBD,"Check opening, calendar, bookings, age/access rules and current alerts; route ETA before leaving",https://www.newfarmbowls.com.au/,"预约球道，幼儿仅可在俱乐部许可下随行；trivia 当前在周三，不能当作周末固定活动。 | Researched 2026-10-06. Drive/km, suitability, duration, priorities and scores are planning estimates, not operator guarantees."
SEQ-1390,Bookable experience,Sunreef - Mooloolaba ocean experiences,浮潜、持证潜水或季节海洋体验,Water Sport + Wildlife,Sunshine Coast / Mooloolaba,100,80-115 min (estimated; traffic dependent),50-100km / short day trip,$$-$$$,Morning / suitable weather,3-6h,Adult / eligible children; age and swim requirements apply,No - activity; confirm boat access,No / weather dependent,Medium,,4.5,B - book ahead,Check official visitor page; not individually confirmed,Check official visitor page; not individually confirmed,Choose one local cluster: Caloundra museum/gallery OR Mooloolaba aquarium/coast,"Check opening, calendar, bookings, age/access rules and current alerts; route ETA before leaving",https://bookings.visitnoosa.com.au/sunreef-mooloolaba-scuba-diving-and-swimming-with-whales,"按项目检查潜水资格、泳技、年龄与健康要求；船程另算，海况可取消，动物目击不保证。 | Researched 2026-10-06. Drive/km, suitability, duration, priorities and scores are planning estimates, not operator guarantees."
SEQ-1391,Bookable experience,Epic Ocean Adventures - Noosa kayak tours,河道皮划艇或 Double Island Point 海上导览,Water Sport + Wildlife,Noosa / meeting point varies,150,115-155 min (estimated; traffic dependent),100-180km / day trip,$$-$$$,Morning / suitable weather,2h river / 6h ocean tour,Adult / eligible children; age and swim requirements apply,No - activity; confirm boat access,No / weather dependent,Medium,,4.5,B - book ahead,Check official visitor page; not individually confirmed,Check official visitor page; not individually confirmed,Choose one: gallery/gardens/Cooroy OR a booked water tour; no rushed multi-region itinerary,"Check opening, calendar, bookings, age/access rules and current alerts; route ETA before leaving",https://www.epicoceanadventures.com.au/noosa-kayaking-tours/,"开车到 Noosa 集合点，不代表已抵达海上线路；Double Island Point 有额外接驳，动物目击不保证。 | Researched 2026-10-06. Drive/km, suitability, duration, priorities and scores are planning estimates, not operator guarantees."
SEQ-1392,Place / activity,Eumundi Museum,免费地方历史与预约历史散步,Museums + Heritage,Sunshine Coast / Eumundi,130,100-140 min (estimated; traffic dependent),100-180km / day trip,Free,Morning / suitable weather,1h,"0-3 accompanying, 3-6, adult",Confirm venue access,Yes / some exhibits outside,High,3.5,4,A - easy repeat,Check official visitor page; not individually confirmed,Check official visitor page; not individually confirmed,Choose one local cluster: Caloundra museum/gallery OR Mooloolaba aquarium/coast,"Check opening, calendar, bookings, age/access rules and current alerts; route ETA before leaving",https://heritage.sunshinecoast.qld.gov.au/museums-and-places/museums/eumundi-museum,"Gridley Street / Memorial Drive；周二至周六，适合周六与市集组合，周日不默认开放。 | Researched 2026-10-06. Drive/km, suitability, duration, priorities and scores are planning estimates, not operator guarantees."
SEQ-1393,Recurring programme / check calendar,Red Hill Cinemas,旧场馆中的电影与特色放映,Cinema,Brisbane / Red Hill,3,10-25 min (estimated; traffic dependent),0-15km / quick local,$$,Check calendar,2-3h,Adult; child admission depends on performance,Confirm - event seating,Yes / check outdoor programme,High,,4.5,B - check calendar,Check official visitor page; not individually confirmed,Check official visitor page; not individually confirmed,One booked class/show -> nearby meal; use public transport for CBD,"Check opening, calendar, bookings, age/access rules and current alerts; route ETA before leaving",https://www.redhillcinemas.com.au/print/,"该地点现为电影院，不能按旧 Red Hill Skate Arena 推荐滑冰；按当周 Red Hill 分馆片单订票。 | Researched 2026-10-06. Drive/km, suitability, duration, priorities and scores are planning estimates, not operator guarantees."
